frame,torso_angle,knee_angle,head_hip_dist,head_hip_dist_raw,shoulder_hip_y_diff,hip_velocity,angular_velocity,bbox_h,bbox_w,bbox_area,bbox_h_raw,bbox_w_raw,bbox_area_raw,aspect_ratio,bbox_h_velocity,bbox_area_velocity,bbox_h_velocity_raw,bbox_area_velocity_raw,uprightness_score,transition_speed,label,clip_id
113,1.015971152676812,42.4244221778797,1.2552525114565762,0.12995657324790955,1.0585901369084991,0.0,0.0,1.6298896068523612,1.0921311346727838,1.7800531857230466,0.168742835521698,0.1130685806274414,0.019079512903488194,0.6700605108202748,0.0,0.0,0.0,0.0,0.9808350850220435,0.0,FALL,FALL_001
114,3.125915879755514,73.21666662373923,1.4841728869183617,0.1536567509174347,1.1818131038918902,1.506451895500442,63.298341812361066,1.7671748756413366,1.063277091075221,1.8789965611931354,0.1829560101032257,0.11008131504058838,0.02014003818674226,0.6016785854692295,4.118558063669262,2.968301264102664,0.4263952374458313,0.03181575849762197,0.9826338006680249,0.0,FALL,FALL_001
115,8.317023783683592,147.3211789251476,0.9076439885953234,0.09396858513355255,0.7131477687029755,11.265594642279371,155.73323711784235,1.5411771537635532,1.2750230985542679,1.9650364700126526,0.15955841541290283,0.13200342655181885,0.02106225756968172,0.8272995122865331,6.7799316563335,2.5811972645855152,0.7019278407096863,0.027666581488183795,0.9537943123128689,0.8651846506546779,FALL,FALL_001
122,54.32870254862007,18.96399217787051,0.9874821162616537,0.10223424434661865,0.608848645439226,4.746106123990281,197.1929089925849,1.2744715567176728,1.1832328347572798,1.5079965928725751,0.13194632530212402,0.12250036001205444,0.01616347235177784,0.9284035105036152,1.1430239873394878,1.9587423306003318,0.11833752904619489,0.02099479379101662,0.6103015780736585,1.4721117181680448,FALL,FALL_001
6,58.71583455327847,138.47655193267065,2.5255625515204687,0.13557112216949463,1.5492217300596758,0.0,0.0,4.608558214737646,6.1557351827968585,28.369063944428007,0.2473854422569275,0.33043724298477173,0.08174536349394756,1.3357128222960188,0.0,0.0,0.0,0.0,0.673800919148453,0.0,FALL,FALL_002
10,52.42608786866289,162.96084692191445,1.8731985294178461,0.100552499294281,1.6793850164744284,4.9950210087713804,47.173100134616845,4.465594762615135,3.5045999271589023,15.650123079782178,0.2397112250328064,0.18812543153762817,0.0450957776537102,0.7847969852679888,1.072225890918832,95.39205648484372,0.0575566291809082,0.27487189380178023,0.7087439562852061,0.0,FALL,FALL_002
36,26.887083719207542,37.475748077826324,1.0069162037278294,0.054050832986831665,0.230088745625266,0.95117563029513,29.468081710910017,2.7846449452451583,1.4110123634679725,3.9291684456095135,0.14947855472564697,0.07574254274368286,0.011321885820571254,0.5067083781638221,1.9395574815807421,13.524178424045381,0.10411461958518395,0.0389698751920834,0.8506273126710693,0.0,FALL,FALL_002
49,84.59351364885683,150.5586980289585,0.4849616944714567,0.02603253722190857,0.4374669198709673,1.479862065424954,133.1686844530368,3.7357918338199867,6.690831021553898,24.995551891790495,0.20053571462631226,0.3591609597206116,0.07202459972344499,1.7909985230878334,2.194954358249604,48.61473102964842,0.11782421515538141,0.14008318592970861,0.5300360352841287,0.7398260247390936,FALL,FALL_002
50,89.51329082218726,158.21058593068952,0.420931718497145,0.02259543538093567,0.2088702453497589,1.1233588206616045,147.59331519991292,3.968689281850993,6.192324374998463,24.57541137680105,0.21303755044937134,0.3324013352394104,0.07081396622550429,1.5602872557021348,6.986923440930193,12.604215449683345,0.37505507469177246,0.036319004938221155,0.5027039398767374,0.819962862221737,FALL,FALL_002
55,27.05812112884149,141.66825261292112,1.0730242530574854,0.05759948492050171,0.7521998182495807,0.9526414580305023,374.7310181600746,1.6466202454078196,0.831683486942569,1.3694668673710042,0.08838987350463867,0.04464441537857056,0.003946114228000397,0.5050794681447249,13.932414218659043,139.2356670565803,0.747886061668396,0.40120711198502335,0.5513908625006854,0.0,FALL,FALL_002
60,23.307788051209954,130.57018181705018,1.141639537031206,0.061282724142074585,0.7700202827325726,0.00477351715448827,22.501998465789207,1.5978268831562081,0.8579728082148799,1.3708920179827606,0.08577066659927368,0.046055614948272705,0.003950220794752823,0.5369560459101853,0.29276017350966876,0.008550903670538457,0.01571524143218994,2.463940051455893e-05,0.5724359618842801,0.0,FALL,FALL_002
93,5.3570671594772135,55.377218539037905,0.46574659459743495,0.025001078844070435,0.6115048693944856,2.040932204086581,16.31883717430249,1.2864556556743643,1.0295895774277766,1.3245213349053422,0.06905639171600342,0.055267930030822754,0.003816603825541165,0.8003188168199367,0.2830647522562217,0.04215516643401675,0.015194795348427511,0.00012146997201059857,0.6653320824317024,0.0,FALL,FALL_002
94,46.57971828701682,51.99203652815186,0.1765612846557757,0.009477734565734863,0.13393496457118623,8.563633145848657,1236.6795338261882,2.18220131956763,0.8996164433304714,1.963144189740493,0.11713963747024536,0.048291027545928955,0.00565679345979575,0.4122482905063177,26.87236991679798,19.15868564505453,1.4424973726272583,0.05520568902763756,0.530382437844945,4.048489337602722,FALL,FALL_002
96,13.114429062225168,7.532361859086815,1.0452381415725087,0.056107938289642334,1.106456084005592,16.69918207011791,501.9793383718747,1.7806940072910111,1.6061091963581917,2.859989021010014,0.09558689594268799,0.08621525764465332,0.008241048861151512,0.9019474358588847,6.022609684149286,13.452672469042811,0.3232911229133606,0.038763831020336426,0.8484002496578421,0.0,FALL,FALL_002
101,2.2726962384390026,161.70330451818674,1.961486944395206,0.10529178380966187,1.4554985675334338,3.1336524518503746,65.050396942717,4.344777254406951,1.3649238832327213,5.930290241866337,0.23322579264640808,0.07326853275299072,0.017088111627355573,0.3141514399851656,15.384499482695642,18.42180732513794,0.8258333802223206,0.05308237659722437,0.98737390978645,0.0,FALL,FALL_002
102,0.49495207377171924,171.88662153334718,2.0837640451364385,0.11185556650161743,1.5201406396536892,2.7659750412126933,53.3323249400185,4.422466551450334,1.345329033913053,5.949672653175469,0.23739612102508545,0.0722166895866394,0.017143961981140876,0.3042020445522099,2.3306789113014936,0.5814723392739563,0.12510985136032104,0.0016755106135590836,0.9972502662568238,0.0,FALL,FALL_002
103,2.5521263375810803,166.49370948806933,2.1006573435752345,0.11276239156723022,1.506276176157474,0.017088725054099665,61.715227914280824,4.215000657303445,1.43322548528131,6.041046362524772,0.22625944018363953,0.07693493366241455,0.01740725502102336,0.340028215272506,6.2239768244066696,2.7412112804790834,0.3341004252433777,0.00789879119647452,0.9858215203467717,0.34286237730156155,FALL,FALL_002
104,3.559952056051454,160.33682448505374,2.1539988161466375,0.11562573909759521,1.4958094708591498,0.9861493499055878,30.234771554111216,4.032732582367258,1.447470531007044,5.837261572408542,0.21647536754608154,0.07769960165023804,0.016820049825419403,0.35892879454242527,5.468042248085627,6.113543703486899,0.2935221791267395,0.01761615586811871,0.980222488577492,0.1679709530783935,FALL,FALL_002
105,5.280191422513789,153.45904775333057,2.1849817073217217,0.11728888750076294,1.4513710130690185,0.8977576697280957,51.60718099387004,3.7786763169049062,1.5265916611210741,5.768495755462723,0.202837735414505,0.08194679021835327,0.016621901352378288,0.4039997096752421,7.621687963870545,2.0629745083745554,0.40912896394729614,0.005944454191233461,0.9706656032082568,0.2867065610770547,FALL,FALL_002
106,5.712412340792217,159.06881833959872,2.1856790250172367,0.11732631921768188,1.4604652905462336,0.06892119324938052,12.966627548352854,3.924410718564292,1.4843806225940048,5.825319225737049,0.21066069602966309,0.0796809196472168,0.016785637993166347,0.37824113803772375,4.3720320497815734,1.7047041082297731,0.23468881845474243,0.004912099223641775,0.9682643758844877,0.07203681971307385,FALL,FALL_002
107,6.640156490861243,153.88962481417562,2.185533565434255,0.11731851100921631,1.4795829547072274,0.05123286380741772,27.832324502070787,3.964723009863128,1.4373116781467477,5.698542682693398,0.21282464265823364,0.07715427875518799,0.01642033180562663,0.3625234149020581,1.2093687389650754,3.8032962913095414,0.0649183988571167,0.01095918562619147,0.9631102417174375,0.15462402501150385,FALL,FALL_002
108,7.11316360911783,158.1469818551847,2.202133168760848,0.11820957064628601,1.5042180896150585,0.38119848958399516,14.190213547697601,4.279294348170567,1.322765032494966,5.660500927513365,0.22971069812774658,0.07100546360015869,0.01631071461447675,0.30910686821300387,9.43714014922318,1.1412526554009883,0.5065816640853882,0.0032885157344964,0.9604824243937898,0.0788345197094309,FALL,FALL_002
109,6.582972811794034,163.28334692522262,2.2220739009820334,0.11927998065948486,1.5339856715262237,0.2263506564183377,15.905723919713894,4.426777040771972,1.3407320669394356,5.935121931754245,0.23762750625610352,0.07196992635726929,0.017102034125713317,0.30286739369435706,4.424480778042144,8.23863012722641,0.237504243850708,0.02373958533709697,0.9634279288233665,0.0,FALL,FALL_002
0,60.35710838692015,101.06888625857479,0.7910061119745609,0.09227168560028076,0.614834441008661,0.0,0.0,1.778255893060859,2.373207904085386,4.220170940898448,0.20743539929389954,0.27683717012405396,0.05742582892407633,1.3345640932179226,0.0,0.0,0.0,0.0,0.6646827311837769,0.0,FALL,FALL_003
1,58.83142881377199,34.842512239387986,0.8508026038224269,0.09924700856208801,0.536039489310749,2.0822018701513603,45.77038719444481,1.11370681842149,1.5268524875820528,1.7004660261439457,0.1299150586128235,0.17810893058776855,0.02313903215677726,1.3709539258620038,19.936472239181068,75.59114744263506,2.3256102204322815,1.028603903018972,0.4603686120039887,6.129423575393645,FALL,FALL_003
9,20.767009879893177,64.81561968043322,0.17901053520884697,0.02096688747406006,0.05690418643943209,0.0,0.0,1.3774998746436504,0.5706718421189274,0.7861003909814837,0.1613418161869049,0.06684082746505737,0.010784220498647912,0.4142782991194769,0.0,0.0,0.0,0.0,0.49658972734658524,0.0,FALL,FALL_004
22,89.53052671441078,168.11195439156677,0.21787962625019755,0.025519490242004395,0.16325081848736456,0.10220135313480022,158.68503884888676,1.4039316707772949,4.3021974546876285,6.039991260573427,0.1644376814365387,0.5039015710353851,0.08286040601328803,3.0643737023022424,0.060996452616102544,12.124363545212177,0.0071443044222318204,0.16632965887993875,0.5026081849199401,0.0,FALL,FALL_004
23,87.32477458398672,170.74337629388285,0.07558939003082761,0.008853524923324585,0.08845224499854086,1.6962480490482563,66.17256391272178,1.4678593157138098,4.252426392745796,6.241963694979189,0.17192530632019043,0.4980720579624176,0.08563119113471629,2.8970090070731995,1.9178293480954478,6.059173032172849,0.224628746509552,0.08312355364284763,0.514862363422296,0.0,FALL,FALL_004
24,86.96037338548625,153.2029264846946,0.079830996129671,0.009350329637527466,0.04060771698456575,3.7200284936979013,10.932035955014214,1.6008490608638983,4.209791254201807,6.739240375722015,0.1875019371509552,0.493078351020813,0.0924531459836011,2.6297100115495504,3.9896923545026564,14.918300422284778,0.4672989249229431,0.20465864546654444,0.5168868145250765,0.0,FALL,FALL_004
25,82.32531197619548,134.20448752493937,0.23646864945134935,0.02769675850868225,0.016560965528036563,2.225995898454912,139.05184227872311,1.67774299285446,4.433145529331592,7.437678848140154,0.1965082585811615,0.519239068031311,0.10203476504613818,2.642313506143818,2.3068179597168514,20.953154172544163,0.27018964290618896,0.28744857187611217,0.5426371556878029,0.0,FALL,FALL_004
26,87.92538838156294,128.27567042725877,0.14718856609392506,0.017239689826965332,0.019467623432663877,7.648608133574267,168.0022921610238,1.3917999648872676,4.5482169695574655,6.330208218529755,0.16301673650741577,0.5327169895172119,0.0868417851131511,3.267846805693921,8.578290839015771,33.22411888831196,1.0047456622123718,0.45578939798961216,0.5115256201024281,0.9333460675612448,FALL,FALL_004
56,47.80355113738456,76.0492617821292,0.07641964562174099,0.008950769901275635,0.08055514795674407,0.0021078263301030917,40.12183724417838,0.29235174619224163,0.13886616343759817,0.04059776536799905,0.03424215316772461,0.016264915466308594,0.0005569457266574318,0.4749829954806514,1.099448218695026,6.289610453161756,0.12877458333969116,0.08628483938649367,0.2402069381732811,0.271318681929147,FALL,FALL_004
57,65.18420240727319,43.807128912722646,0.06280146925604234,0.007355719804763794,0.05285697668489083,0.4730166858914713,521.4195380966589,0.3992101953168282,0.11293104487473628,0.045083224481776964,0.04675811529159546,0.013227224349975586,0.0006184800811439572,0.2828801243883471,3.2057534737375977,0.13456377341333745,0.3754788637161255,0.0018460306345957633,0.14428661541658033,2.877609682701023,FALL,FALL_004
60,4.13973331032654,43.745474290954505,0.8939672116400558,0.10470730066299438,0.6487575967229855,0.7597309380989514,610.4446909694665,1.4384754431579232,0.5216264586770284,0.7503468513083366,0.1684836745262146,0.06109631061553955,0.010293730912501076,0.3626223618696759,10.39265247841095,7.052636268265596,1.2172555923461914,0.09675250831357118,0.5838712128476522,0.0,FALL,FALL_004
61,9.092059148111515,68.037472223661,0.960090466596182,0.11245208978652954,0.669266665492336,1.475788854553903,148.56977513354926,1.4478392911509368,0.6776595495457463,0.9811421218559763,0.16958042979240417,0.07937192916870117,0.013459925861880606,0.46804611369219845,0.2809154397904079,6.923858116429192,0.032902657985687256,0.09498584848138591,0.5892297942076883,0.0,FALL,FALL_004
62,8.73297607230333,115.62470130221261,0.9626982782882664,0.11275753378868103,0.6713914124466487,0.155025995671404,10.77249227424554,1.4589354039502445,0.6753191600498157,0.9852470315626177,0.17088007926940918,0.07909780740737915,0.01351623959980941,0.4628821853511028,0.33288338397923,0.12314729119924372,0.038989484310150146,0.0016894121378641103,0.5918093505981945,0.0,FALL,FALL_004
63,9.71925113523416,98.24055871416606,0.9731944086531967,0.11398690938949585,0.6655121952588937,0.23033676790509702,29.588251887924883,1.3918279538897194,0.6020480227584339,0.8379472676592225,0.16302001476287842,0.07051581144332886,0.011495488622507821,0.4325565728191384,2.013223501815753,4.418992917101859,0.23580193519592285,0.06062252931904766,0.5653505654663419,0.7937635539555787,FALL,FALL_004
64,10.476737141882708,150.5541806251203,0.9744042968955482,0.11412861943244934,0.6518043268626106,0.1367975217109277,22.724580199456454,1.746036922173468,0.5502123902175597,0.9606911483571752,0.20450729131698608,0.06444448232650757,0.013179366520919444,0.31511916661911366,10.626269048512459,3.682316420938582,1.24461829662323,0.050516336952348695,0.5786243656970609,0.0,FALL,FALL_004
65,11.808500994378626,132.56188054862508,0.9692268403329048,0.11352220177650452,0.643059799160214,0.06305922252407645,39.95291557487754,1.6915354643717908,0.5029262428024996,0.8507175756636862,0.1981237232685089,0.05890601873397827,0.011670679754500313,0.2973178599934031,1.6350437340503143,3.2992071808046686,0.19150704145431519,0.04526060299257395,0.5555624598283213,0.6918571760621872,FALL,FALL_004
66,13.06959019994868,159.10341908364424,0.9647900745533289,0.11300253868103027,0.6409794529416092,0.12741611698001257,37.83267616710161,1.8697635797393695,0.5919190572165769,1.1067486953372196,0.2189989686012268,0.06932944059371948,0.015183075983724592,0.31657283348729715,5.34684346102736,7.680933590206003,0.6262573599815369,0.10537188687672838,0.5850221803496717,0.0,FALL,FALL_004
67,14.72588500181306,152.9834971523221,0.9568630801680039,0.11207407712936401,0.6228815095107494,0.09928716951587728,49.688844055931405,1.8282535990939461,0.6451001974389559,1.1794067577439862,0.21413704752922058,0.0755583643913269,0.016179845066895737,0.3528488527057129,1.2452994193626998,2.179741872202996,0.14585763216018677,0.029903072495134353,0.5861690201864793,0.0,FALL,FALL_004
68,17.019765242295463,151.95468073284195,0.9484091292001532,0.11108389496803284,0.6071521990237488,0.23145887245794042,68.81640721447211,1.7990452939170756,0.7007713410976444,1.260719383313675,0.21071597933769226,0.08207893371582031,0.017295342900922606,0.3895221636804203,0.8762491553061169,2.439378767090663,0.10263204574584961,0.03346493502080605,0.585006363090813,0.03487971286998959,FALL,FALL_004
69,16.4449957835771,157.1269273834595,0.9535440933681651,0.11168533563613892,0.6122329663051947,0.013419454448290326,17.243083761550935,1.9041811471634877,0.7019438258549011,1.336628199560713,0.2230301797389984,0.08221626281738281,0.01833670787362962,0.368631251081558,3.154075597392365,2.2772644874111414,0.36942601203918457,0.031240949181210453,0.599010999840168,0.0,FALL,FALL_004
70,16.32513818966823,162.08694615303145,0.950682599535676,0.1113501787185669,0.610920027644725,0.07916562120774684,3.5957278172660523,1.9816603037507705,0.6890302090145592,1.3654238132892484,0.2321050465106964,0.0807037353515625,0.018731744247361348,0.34770199469079033,2.324374697618483,0.8638684118560636,0.27224600315093994,0.011851091211951825,0.6037781513179917,0.0,FALL,FALL_004
71,16.992436274035608,156.5544797274253,0.9431199710731792,0.11046439409255981,0.6168012803962946,0.22210036781994044,20.01894253102133,1.9133030175080308,0.7047707151025406,1.3484399358569836,0.2240985929965973,0.08254736661911011,0.018498748714916857,0.36835125631113264,2.050718587282192,0.5095163229679445,0.24019360542297363,0.00698986597333473,0.5976519752107594,0.18378528321696952,FALL,FALL_004
72,18.34852054518598,140.8248555790046,0.9055248885343427,0.10606101155281067,0.5930706774447332,0.9644984800368757,40.68252813451117,1.6198851447678495,0.7073238210171053,1.1457833502060422,0.18973156809806824,0.08284640312194824,0.015718577975611936,0.43664829898432045,8.802536182205438,6.0796975695282445,1.0310107469558716,0.08340512217914764,0.5612543825064241,1.0919277811300587,FALL,FALL_004
73,16.14424439678635,160.7911139575713,0.8994787551137837,0.10535284876823425,0.6024925390064652,0.11620270481588374,66.12828445198897,1.853972693446975,0.65377577041713,1.2120824259906176,0.21714943647384644,0.07657450437545776,0.01662811047339474,0.35263343522996043,7.022626460373762,1.9889722735372617,0.822536051273346,0.02728597493348417,0.5829431466658763,0.0,FALL,FALL_004
74,16.860444470272935,160.35040834524852,0.8955704725895945,0.10489508509635925,0.5978036177593454,0.11301195853636989,21.48600220459759,1.839834176081148,0.6877727394680395,1.2653877914502547,0.21549344062805176,0.08055645227432251,0.017359387065383203,0.3738214871787099,0.4241555209748049,1.5991609637891147,0.04967987537384033,0.021938297759653835,0.5865563863558774,0.0,FALL,FALL_004
75,16.722019877877365,160.15197672482077,0.8863575107643443,0.10381600260734558,0.5890738478946053,0.2693737929611589,4.152737771867088,1.9930635322406185,0.6780539400348409,1.3514045807755084,0.23344066739082336,0.0794181227684021,0.01853941958198213,0.3402054297163748,4.596880684784113,2.580503679757611,0.5384168028831482,0.035400975497967835,0.5995765343216192,0.0,FALL,FALL_004
76,14.862406964227649,165.1007908309,0.8878857102982167,0.10399499535560608,0.6078543413170756,0.04136520116910425,55.788387409491484,2.0593682068217283,0.4918654979244719,1.0129321684581962,0.24120670557022095,0.057610511779785156,0.013896041752616384,0.23884192108868366,1.9891402374332934,10.154172369519365,0.2329811453819275,0.1393013348809724,0.561700070707629,1.1362939084197066,FALL,FALL_004
77,14.474020940836075,170.49125436511247,0.892488883419643,0.10453414916992188,0.6204440490654063,0.1276603846377744,11.65158070174721,2.109703374385705,0.5190891283820275,1.0951240857544977,0.247102290391922,0.06079912185668945,0.015023602264605529,0.24604739888432106,1.510055026919308,2.4657575188890446,0.1768675446510315,0.033826815359674356,0.5755641278324906,0.0,FALL,FALL_004
78,14.368523540789159,164.07702415457376,0.893716582845373,0.1046779453754425,0.6277718243527842,0.03860192329067359,3.1649220014074864,2.0895902227783103,0.5197226976193472,1.086007467501356,0.24474650621414185,0.060873329639434814,0.014898534750873438,0.248718896388565,0.6033945482218472,0.27349854759425085,0.07067352533340454,0.003752025411962734,0.5748517709364861,0.021370706880133872,FALL,FALL_004
79,13.166366421108705,167.6048768467514,0.8875590023059603,0.10395672917366028,0.6277229708212319,0.18812426329813142,36.06471359041361,2.0565250330635716,0.4314285904846594,0.8872436963110342,0.24087369441986084,0.050531744956970215,0.012171768093267588,0.20978436559587274,0.9919556914421612,5.962913135709655,0.11618435382843018,0.08180299972817551,0.5532210727049393,0.6489209469464052,FALL,FALL_004
80,12.905828279359481,168.66270705026136,0.8897968502747262,0.10421884059906006,0.6260190766856046,0.20526116616298457,7.816144252476729,2.0250061085115605,0.4548462254997135,0.9210663850703464,0.23718199133872986,0.053274571895599365,0.01263576904991659,0.22461379542817203,0.9455677365603332,1.014680662779368,0.11075109243392944,0.013920028699470066,0.5594857745349132,0.0,FALL,FALL_004
81,12.5668659198991,170.17836820223428,0.8837120411416883,0.10350614786148071,0.6248317068679531,0.18681132463766162,10.168870783811403,2.1200346240816463,0.43895559658039934,0.9306010631848617,0.2483123540878296,0.05141335725784302,0.012766571772253599,0.20705031127588036,2.8508554671025754,0.2860403434354575,0.33391088247299194,0.003924081670110269,0.5627268953736553,0.0,FALL,FALL_004
82,13.722136690758086,166.83951260409285,0.8917881405764387,0.10445207357406616,0.6220050720657904,0.25326739427748846,34.65812312576956,2.1254209803807713,0.5098313841528542,1.083606320335045,0.2489432394504547,0.05971479415893555,0.014865594301042506,0.23987216691880947,0.1615906889737495,4.5901577145055,0.018926560878753662,0.06297067586366722,0.5781008205479636,0.0,FALL,FALL_004
83,14.412054823351172,167.1653136425425,0.9055019884414275,0.10605832934379578,0.6314142113536806,0.4064537491513737,20.697543977792563,2.120762592590872,0.6371253673039858,1.3511916457690125,0.2483976185321808,0.07462430000305176,0.018536498405389068,0.30042155807474413,0.13975163369698063,8.027559763019026,0.016368627548217773,0.11012712313039685,0.6123793457964886,0.0,FALL,FALL_004
84,15.02280741125615,168.46399521206487,0.9064039976568083,0.10616397857666016,0.6265447610407463,0.06105164771184643,18.322577637149333,2.1129383941781885,0.6911426153632454,1.460341767853729,0.24748119711875916,0.08095115423202515,0.02003388855748689,0.32709889913082985,0.23472595238050342,3.2745036625414925,0.027492642402648926,0.04492170456293465,0.62453221197508,0.0,FALL,FALL_004
85,14.710898281127383,169.08225189141774,0.9224592527996349,0.10804447531700134,0.6321552838049632,0.4932145678426523,9.357273903862993,2.1371542246540747,0.6821764656505254,1.4579163155246055,0.2503175139427185,0.07990097999572754,0.0200006146741174,0.3191972448910097,0.7264749142765847,0.0727635698737017,0.08508950471878052,0.00099821650108467,0.6259195903175214,0.0,FALL,FALL_004
86,14.539605586952451,168.98317141716052,0.9321772888964031,0.10918271541595459,0.6361549122553363,0.2933883570648684,5.138780825247959,2.1392936022233053,0.6853458385099851,1.4661559676347775,0.25056809186935425,0.08027219772338867,0.02011365141370902,0.32035953486730234,0.06418132707691981,0.24718956330515907,0.007517337799072266,0.003391102187748629,0.6280447662085695,0.0,FALL,FALL_004
87,14.237259005671945,166.95019921338397,0.938938159661392,0.10997459292411804,0.6405349366935781,0.26219079715010013,9.070397438415192,2.119704608298191,0.6847132870545727,1.4513899099325798,0.24827370047569275,0.08019810914993286,0.019911081329807345,0.32302167315587854,0.5876698177534312,0.4429817310659323,0.06883174180984497,0.006077102517050292,0.6276213825583747,0.012701509505843589,FALL,FALL_004
88,14.426738453578444,168.46289683882054,0.9412480157001024,0.11024513840675354,0.6365475216260931,0.08498224480820034,5.684383437194995,2.125953789209264,0.6798874741409155,1.4454093518857951,0.24900564551353455,0.07963287830352783,0.019829036266070688,0.3198022210985508,0.18747542733219547,0.1794167414035397,0.021958351135253906,0.0024613519120997296,0.6257169253783642,0.057133715400315976,FALL,FALL_004
89,15.038874373998668,168.79754780744892,0.9395488288057967,0.11004611849784851,0.6299334659012379,0.048036761571724124,18.364077612606717,2.1209343432877357,0.6837947388831974,1.4502837454568431,0.24841773509979248,0.08009052276611328,0.019895906268516228,0.32240129849280513,0.15058337764585428,0.14623180713144057,0.017637312412261963,0.0020061000733662127,0.6230104160393621,0.08119528017006217,FALL,FALL_004
90,15.70876825921828,166.12567723878377,0.9388585182271426,0.1099652647972107,0.6160567729310747,0.007557030662006497,20.096816556588344,2.1046251515590275,0.6882449902730458,1.4484977169631503,0.24650749564170837,0.08061176538467407,0.019871404404232962,0.3270141468139926,0.4892757518612445,0.05358085481078412,0.05730718374252319,0.0007350559284979852,0.6190344044724168,0.11928034700836143,FALL,FALL_004
91,15.677546408298948,166.12586690276103,0.9400745131609383,0.11010769009590149,0.6152598496976267,0.06444849482759682,0.9366555275799548,2.113829971129019,0.6849682414223616,1.4479063979901254,0.24758562445640564,0.08022797107696533,0.019863292317960912,0.32404000520267057,0.27614458709974254,0.017739569190746707,0.03234386444091797,0.0002433625881614887,0.6191236393491357,0.0,FALL,FALL_004
92,15.813275134412294,168.3916632081171,0.9389628408726451,0.10997748374938965,0.6151970016648485,0.03152579457988569,4.071861783400372,2.1120549594826166,0.685864907282729,1.4485843789615724,0.24737772345542908,0.08033299446105957,0.01987259328813451,0.32473687849526556,0.05325034939207107,0.020339429143410026,0.006237030029296875,0.00027902910520793966,0.6184661537390563,0.019724568302381673,FALL,FALL_004
93,15.986187745901248,170.2711317671432,0.9318689009784787,0.1091465950012207,0.6122235518225518,0.04186900321323802,5.187378344668616,2.1187323721312037,0.6819164223731997,1.444798399169993,0.24815982580184937,0.07987052202224731,0.019820654831743667,0.3218498397729465,0.20032237945761366,0.11357939374738057,0.023463070392608643,0.0015581536917252947,0.6169663019710002,0.044995553041683456,FALL,FALL_004
94,16.131213400777774,171.38347320239652,0.9283191321311504,0.10873082280158997,0.6099808693897261,0.0756924404489459,4.350769646295802,2.102397735854812,0.6846445867758272,1.4393952291027523,0.2462466061115265,0.08019006252288818,0.01974653074013233,0.3256480896978539,0.49003908829174936,0.16209510201722344,0.05739659070968628,0.002223722748340151,0.6153910460073352,0.04725767890995103,FALL,FALL_004
95,16.175937667467576,172.03000240924445,0.9260469340230117,0.10846468806266785,0.6096887659823192,0.036441681192342444,1.3417280006940402,2.113193857436931,0.6729462015328503,1.4220657794647344,0.2475111186504364,0.0788198709487915,0.01950879443041842,0.318448532453918,0.323883647463572,0.5198834891405357,0.03793537616729736,0.007132089291417287,0.6126743944821383,0.08149954575590534,FALL,FALL_004
142,49.35373500842371,7.2525267908307045,0.9143529277138196,0.08319884538650513,0.7168972520557405,0.0,0.0,1.6276169264258402,0.9620277097125457,1.5658125840188242,0.14810019731521606,0.08753687143325806,0.012964227931622219,0.5910612001802124,0.0,0.0,0.0,0.0,0.7258122639637208,0.0,FALL,FALL_005
5,87.43210728697605,93.00072947053553,0.1706829446131919,0.025829464197158813,0.0858024007228485,0.0,0.0,1.6187908385444911,2.1485373148222364,3.4780325215052175,0.24497175216674805,0.3251383304595947,0.07964970650925807,1.327242836535059,0.0,0.0,0.0,0.0,0.5142660706279109,0.0,FALL,FALL_006
6,84.18635561625454,116.51858639143714,0.010916352506428273,0.0016519725322723389,0.0012067245761963386,1.8562643883461634,97.3725501216451,1.1203794202010304,2.491576371245579,2.791510890202709,0.16954711079597473,0.3770504593849182,0.0639278160130079,2.2238552680698453,14.952342550303822,20.595648939075254,2.2627392411231995,0.47165671488750505,0.5322980243541414,0.0,FALL,FALL_006
7,88.53304551970588,68.2701851460675,0.10943874295008191,0.016561374068260193,0.029835391243507616,2.0884133828860447,130.40069710354004,1.767467183766894,1.6910607905927855,2.9888944531276476,0.26747095584869385,0.25590837001800537,0.06844805633839712,0.9567671093068544,19.412632906975908,5.921506887748156,2.9377153515815735,0.13560720976167673,0.5081497471127452,0.724448317241887,FALL,FALL_006
12,38.79511762164591,43.655386473075914,0.8360948036367079,0.12652629613876343,0.6448443685418341,3.909495177101245,298.4275673883599,1.0493747811518486,0.9365781830591415,0.9828215258792826,0.15880197286605835,0.14173245429992676,0.022507393361976824,0.892505044093037,4.308554415690273,12.036437563490189,0.652013897895813,0.2756439778585218,0.46561751381285144,0.2551933997993625,FALL,FALL_006
13,33.71929677322207,12.676602472437052,0.9952806318470695,0.1506159007549286,0.6873064019012318,4.9714630228022365,152.27462545271516,1.1416331337403631,0.7538484740150225,0.8606183957551609,0.17276343703269958,0.11407995223999023,0.01970884464550693,0.6603208055972655,2.7677505776554368,3.666093903723653,0.41884392499923706,0.08395646149409686,0.471292997306235,0.0,FALL,FALL_006
16,54.104822953490846,19.877566126516847,0.5734203545460983,0.0867757499217987,0.36538812730136205,2.5009536698861603,203.85526180268775,0.9961246990088121,0.690964879657576,0.688287182774563,0.15074363350868225,0.10456377267837524,0.01576232302691416,0.693648392281592,1.4550843473155106,1.7233121298059784,0.22019803524017334,0.03946521618592769,0.3262773383120975,1.4501565899413749,FALL,FALL_006
19,76.42840085366858,169.29086124564932,0.3589493088568514,0.054319828748703,0.3312478162906796,1.7200379352915254,223.2357790017773,1.6698080617328295,2.763457769444594,4.614444061676806,0.25269219279289246,0.4181942939758301,0.105674433158228,1.6549487912742569,6.736833627240173,39.26156878902243,1.019485592842102,0.8991211013131384,0.5753977730351746,0.0,FALL,FALL_006
20,78.73991416554894,69.98394152420808,0.008053692622366262,0.0012187659740447998,0.19204763151828336,8.77006656253302,69.34539935641084,1.0916145723759159,2.3603130961214673,2.5765521710959094,0.16519412398338318,0.35718637704849243,0.05900509065532411,2.1622089589304188,17.34580468070741,61.13675671742689,2.6249420642852783,1.4000802750871166,0.5374458935929767,1.1385563832659373,FALL,FALL_006
21,82.07506977184367,43.01019631225396,0.0321810944547805,0.004869967699050903,0.17287917349507545,3.6613766524293747,100.05466818884202,1.288219398517695,2.1133586594087803,2.7224696210757413,0.19494634866714478,0.3198147416114807,0.062346716127084534,1.640518549229084,5.898144784253376,4.377523499394957,0.8925667405128479,0.1002487641528127,0.5440273901564241,0.0,FALL,FALL_006
22,83.0126873742081,51.206465193635395,0.05952357292019242,0.009007707238197327,0.16194293046523703,1.444787555072928,28.128528070932788,1.237375872771414,2.1845478273731636,2.7031067745067645,0.1872521936893463,0.33058780431747437,0.06190329156539143,1.7654588303894065,1.5253057723884345,0.580885397069304,0.23082464933395386,0.013302736850793195,0.5370338152579035,0.2098072469556178,FALL,FALL_006
23,80.86379665269621,32.009173593627004,0.03371571726343166,0.005102202296257019,0.18062761551065196,0.1172221410835327,64.4667216453567,1.273625071603263,2.0951897494209026,2.6684861946286196,0.19273778796195984,0.3170652389526367,0.061110452795361425,1.6450515348016754,1.0874759649554755,1.038617396344348,0.16456782817840576,0.023785163100900064,0.5425911036542639,0.0,FALL,FALL_006
24,83.2542154898846,89.86227495784664,0.01464168999245325,0.0022157281637191772,0.15017650425286808,1.0921551613537468,71.71256511565176,1.0470659049492659,2.4402072236479935,2.5550577848927216,0.158452570438385,0.369276762008667,0.058512852143437044,2.3305045193176066,6.796774999619917,3.402852292076939,1.0285565257072449,0.07792801955773143,0.5084047653326742,1.0255901496476905,FALL,FALL_006
25,85.12753710762334,94.73909505460713,0.04643718400330189,0.007027342915534973,0.03488138070961789,0.9982226568888968,56.19964853216217,0.9479910109073227,2.4060892648591627,2.2809509945270947,0.14345955848693848,0.3641136884689331,0.052235588986803805,2.5380752194832996,2.9722468212582944,8.223203710968807,0.449790358543396,0.18831789469899718,0.44747621211412997,1.8278565965563272,FALL,FALL_006
26,88.71651332426404,81.57201717110372,0.015366709417547794,0.0023254454135894775,0.08481407803241336,0.44962528168694277,107.66928649922107,1.1115586623441827,2.364864284200765,2.628685380371736,0.16821226477622986,0.35787510871887207,0.060198982544640955,2.127508250879887,4.907029543105797,10.432031575339234,0.7425811886787415,0.23890180673511452,0.4916291264158857,0.0,FALL,FALL_006
101,85.67323312569155,156.8813595920574,0.2746437707294094,0.028902173042297363,0.025359908375743475,0.0,0.0,2.0053337246811287,1.748088190338301,3.5055002018021995,0.21103155612945557,0.18396028876304626,0.03882142600368965,0.8717152089566592,0.0,0.0,0.0,0.0,0.5240375937461581,0.0,FALL,FALL_007
102,88.88950638140284,144.29476562956262,0.19013722177343118,0.0200091153383255,0.03791277770028847,1.8136036587544246,96.48819767133858,1.943920088377372,1.7985089505646112,3.4961576781290535,0.20456868410110474,0.18926632404327393,0.03871796285418583,0.9251924344260736,1.842409089112702,0.2802757101943776,0.1938861608505249,0.003103894485114722,0.5055021012513713,0.5560647748436043,FALL,FALL_007
28,85.39426826063442,131.6536386812857,0.07360549119823534,0.007076829671859741,0.11447568109511912,0.0,0.0,2.1641395024756593,3.736138219889819,8.085524308372648,0.20807206630706787,0.3592125177383423,0.07474209080918115,1.7263768161527808,0.0,0.0,0.0,0.0,0.525587398552031,0.0,FALL,FALL_008
29,84.60963899705385,164.52696139751066,0.02123319372954792,0.0020414739847183228,0.07305761680436995,1.2027462545745782,23.53887790741709,2.134732828715198,3.619341008230143,7.726326068584049,0.2052447497844696,0.3479830026626587,0.0714216843107458,1.6954455964524417,0.882200212813844,10.775947193657966,0.084819495677948,0.0996121949530604,0.5299464500163675,0.0,FALL,FALL_008
73,77.84537444152924,175.6064960964689,0.2888396904172006,0.02777060866355896,0.019044640882087346,1.1475494064134544,4.611998560584958,1.275909726601299,2.9876937523075795,3.812027518675172,0.12267285585403442,0.2872530221939087,0.03523814858522911,2.341599358674285,0.5855612059867492,2.6688399203924162,0.05629901858893308,0.02467059254012502,0.548546295674424,0.0,FALL,FALL_008
74,73.83904487135956,45.020432967935264,0.2828305854670029,0.0271928608417511,0.008680748175502215,1.2763257081778576,120.18988710509049,1.2015110186710118,2.0467576848149474,2.459201910854729,0.11551976203918457,0.19678634405136108,0.022732711637374337,1.7034716580610096,2.2319612379086173,40.58476823461329,0.2145928144454956,0.37516310843564327,0.4000974163239699,4.453466380513625,FALL,FALL_008
75,74.44758225452415,175.5854970711443,0.22781035758270302,0.021902918815612793,0.025936854261208637,0.5229557955497783,18.256121494937645,1.2154126146065563,2.612620957081231,3.175412468421982,0.11685633659362793,0.25119149684906006,0.02935331810525099,2.149556922750858,0.41704787806633226,21.48631672701759,0.04009723663330078,0.19861819403629966,0.487091664570407,0.0,FALL,FALL_008
76,75.05191633929994,178.69185789881948,0.20464681715567465,0.019675850868225098,0.037704297324468436,0.6838402349545603,18.130022543273583,1.265947246816952,2.6957342000661892,3.41265728872409,0.1217150092124939,0.2591824531555176,0.03154639467354059,2.1294031478064026,1.51603896631187,7.1173446090632275,0.145760178565979,0.06579229704868794,0.5136709847682619,0.0,FALL,FALL_008
77,76.0798734962613,177.87148837369185,0.1594799591340016,0.01533326506614685,0.03389257940573425,0.16248389166636337,30.83871470884091,1.3297963891909081,2.8355722034909583,3.7707336774923834,0.12785381078720093,0.27262723445892334,0.03485643084994905,2.132318938805352,1.9154742712186867,10.742291663048809,0.18416404724121094,0.09930108529225379,0.5531439719312823,0.0,FALL,FALL_008
78,77.99138362717268,176.4807801016065,0.12397614855468188,0.011919736862182617,0.010588002006027662,0.14317887483471622,57.34530392734143,1.3627792026300258,3.053340728618972,4.161029243505145,0.13102495670318604,0.29356467723846436,0.038464299124754575,2.2405077942188076,0.9894844031735306,11.70886698038285,0.09513437747955322,0.10823604824416577,0.5667145354045962,0.0,FALL,FALL_008
79,80.24772879306809,178.5565846086548,0.07296757012181386,0.007015496492385864,0.009743639998169493,0.08796057524592979,67.69035497686232,1.3822602831989943,3.057522862323092,4.226292417562117,0.1328979730606079,0.29396677017211914,0.039067587903048206,2.211956672065909,0.584432417069054,1.9578952217091672,0.05619049072265625,0.01809866334880894,0.5541792844829551,0.37605752764923284,FALL,FALL_008
80,81.5991923955894,172.6643825576388,0.012693327541039662,0.001220405101776123,0.03409654056622275,0.24829636532842492,40.543908075639195,1.359806577205885,3.0245803451618825,4.112844246638773,0.13073915243148804,0.29079949855804443,0.03801887996898046,2.2242554651328907,0.6736111797932809,3.4034451277003175,0.06476461887359619,0.03146123802203249,0.5466711533578367,0.22524393375355167,FALL,FALL_008
81,82.02322932223399,150.6283406932334,0.09654833201087494,0.009282678365707397,0.06063783899605232,0.6964591693671542,12.721107799337688,1.3097077647396336,2.6548929924922624,3.4771339668199572,0.12592238187789917,0.2552557587623596,0.032142413131406755,2.0270719778624335,1.502964373987541,19.071308394564483,0.14450311660766602,0.17629400512721105,0.48307745622666,1.9078109139353006,FALL,FALL_008
82,83.35438136821297,159.8460889528512,0.08178005612893859,0.007862776517868042,0.0792959455815908,0.058919357728957726,39.934561379369455,1.3336276353058594,2.847510440778275,3.7975186156438756,0.12822216749191284,0.27377504110336304,0.03510402917546074,2.1351448919761733,0.717596116986774,9.611539464717552,0.06899356842041016,0.08884848132161949,0.5161098960672654,0.0,FALL,FALL_008
83,83.7715327065479,162.11378340081905,0.15248049566137115,0.014660298824310303,0.07809976607045839,0.09638559704240007,12.514540150047964,1.2512434449796683,2.939828593522909,3.678441257009337,0.12030130624771118,0.28265100717544556,0.03400328537543729,2.349506139919268,2.4715257097857313,3.5723207590361516,0.2376258373260498,0.033022314000703545,0.49876661507896775,0.5202984296489305,FALL,FALL_008
84,84.20173133309792,166.1054815787369,0.16121672871183906,0.015500247478485107,0.07507165577135176,0.16870501703263116,12.905958796500698,1.3734279590242842,3.084900773476567,4.236888973108356,0.13204878568649292,0.29659903049468994,0.03916554181261489,2.2461151977850458,3.665535421338475,16.753431482970566,0.35242438316345215,0.1548676931153281,0.5322126037050116,0.0,FALL,FALL_008
85,84.80656319885244,173.09564870450208,0.1383349522587986,0.013300269842147827,0.07241644102857897,0.36401487662563925,18.144955972635586,1.3778915467310233,3.1594358688090045,4.353359976070713,0.13247793912887573,0.3037652373313904,0.040242192620656425,2.2929322904366485,0.13390763120217475,3.494130088870717,0.012874603271484375,0.03229952424124605,0.528852426673042,0.10080531095908674,FALL,FALL_008
86,85.68695301303056,172.2701308996779,0.15069878023509772,0.01448899507522583,0.08361942622975738,0.009680405838990687,26.411694425343484,1.423559008512862,3.1592784033537944,4.497419231494424,0.1368686556816101,0.30375009775161743,0.04157386754242154,2.219265448129782,1.37002385345516,4.32177766271133,0.13172149658203125,0.03995024765295341,0.5239613721498302,0.1467316356963544,FALL,FALL_008
87,86.31442382117757,172.90456107152818,0.16499961929330056,0.01586395502090454,0.08555240768387028,0.07138020674360472,18.824124244410285,1.4491682230375411,3.172065342248128,4.596856295384689,0.13933086395263672,0.30497950315475464,0.04249305766239786,2.1888711921519026,0.7682764357403737,2.983111916707939,0.07386624813079834,0.027575703599289625,0.5204754232156802,0.10457846802449988,FALL,FALL_008
88,87.03767224689098,174.86058499302132,0.17730889230873953,0.01704743504524231,0.08758674977549037,0.05572975234685032,21.697452771402226,1.4634120273639357,3.242590647957345,4.745246154038596,0.1407003402709961,0.31176018714904785,0.043864764414820456,2.215758474998077,0.42731412979183814,4.451695759617209,0.04108428955078125,0.0411512025726779,0.5164573764061613,0.12054140428556681,FALL,FALL_008
89,88.20727748599099,175.46837374229685,0.1905682275687032,0.018322259187698364,0.09885482896405873,0.23002355315396122,35.08815717300024,1.477706666994768,3.270080148803488,4.832219237494157,0.14207470417022705,0.3144031763076782,0.04466873826409312,2.212927102096064,0.42883918892496986,2.609192503666833,0.04123091697692871,0.024119215478179967,0.5099595695222723,0.19493420651667037,FALL,FALL_008
90,88.99564387650263,175.63953318003345,0.20262425397605843,0.019481390714645386,0.1068930064926116,0.16305113927076148,23.65099171534922,1.47086621883419,3.3025316713169564,4.85758227197013,0.1414170265197754,0.3175232410430908,0.04490319259923581,2.2452812336388352,0.20521344481733816,0.760891034279183,0.019730329513549805,0.007033630054280593,0.5055797562416521,0.13139439841860612,FALL,FALL_008
98,48.47883005256462,12.679756287821855,1.1596981836034408,0.09151491522789001,0.7193134096415837,0.0,0.0,2.091969488372024,1.22275903901655,2.55797460125372,0.16508296132087708,0.09649121761322021,0.015929055945047566,0.5844978327462609,0.0,0.0,0.0,0.0,0.7306729709075694,0.0,FALL,FALL_009
154,20.412615927544344,48.75405613311583,2.237930724324392,0.17660115659236908,1.5541258442865942,0.647462628012613,15.035471852689431,2.8714667248746584,0.9068584337698942,2.6040138167422002,0.2265951931476593,0.07156264781951904,0.016215752004821837,0.31581575500205294,0.4175878052692685,0.02466386544025732,0.03295298133577619,0.00015358717487907417,0.8865965781803091,0.0,FALL,FALL_009
155,18.6793519519134,23.205901699191056,2.0209154182957074,0.1594758927822113,1.5863557018800498,15.32146297856921,51.99791926892832,3.201046622741964,0.6562004368826905,2.1005281923251378,0.2526032328605652,0.05178254842758179,0.013080439138565936,0.20499477717052034,9.88739693601917,15.104568732511874,0.7802411913871765,0.09405938598767705,0.8068099170553273,2.3935998337494535,FALL,FALL_009
156,22.35772587352159,18.335918574474302,1.763470458936852,0.13916021585464478,1.5290398396848344,5.828883261509841,110.35121764824574,2.8563919714375405,0.8583099931861301,2.451669773541472,0.22540560364723206,0.06773155927658081,0.015267073004705978,0.3004861356350619,10.339639539132707,10.53424743649003,0.8159288763999939,0.06559901598420126,0.8550111229768963,0.0,FALL,FALL_009
157,19.520600606975457,8.536493473017229,1.4747384749827313,0.11637559533119202,1.2914867116288762,7.3091291803590295,85.11375799638405,2.6754428128463394,0.6759023042368235,1.8083379620566895,0.2111264169216156,0.053337275981903076,0.011260907966418543,0.25263074194530305,5.428474757736033,19.299954344543476,0.42837560176849365,0.12018495114862304,0.7450227447555404,3.2996513466406765,FALL,FALL_009
163,42.749460719287555,95.6097459109346,1.04388399972279,0.08237570524215698,1.3302136761657997,2.781009895689579,116.14430056156048,3.2179549248296784,2.504182570965963,8.058346636912567,0.2539375126361847,0.19761180877685547,0.05018105118833205,0.7781876278844401,2.7125605599166946,31.25004337427939,0.21405547857284546,0.19460071610956753,0.762502996003958,0.0,FALL,FALL_009
164,41.61929304704069,106.61598146911764,0.8817454263404272,0.06958091259002686,1.276483336295767,4.864723694359844,33.90503016740588,3.014314704740272,2.4860661283770624,7.4937856877236975,0.23786771297454834,0.19618219137191772,0.04666540918797324,0.824749875335261,6.109206602682189,16.936828475666097,0.4820939898490906,0.10546926001076429,0.7687817052942184,0.0,FALL,FALL_009
165,49.10269929646476,99.04243922972411,0.8658651200152099,0.06832775473594666,1.041467718720418,3.102851500693708,224.50218748272215,2.6401469069068764,2.3910433665069752,6.312705748363596,0.20834112167358398,0.18868368864059448,0.03931057133289073,0.9056435017793043,11.225033935001871,35.43239818080304,0.8857977390289307,0.22064513565247523,0.7272072261307514,1.2472343749040105,FALL,FALL_009
166,51.250143971783245,82.6646026227859,0.9469506461692081,0.07472643256187439,1.0246183318931552,3.8680814249569533,64.42334025955446,2.581428030656673,1.9158147479310441,4.945537891854646,0.20370745658874512,0.1511821150779724,0.030796924144240734,0.7421494306600388,1.7615662875061,41.01503569526851,0.13900995254516602,0.2554094156594999,0.7152769779345376,0.357907445886414,FALL,FALL_009
167,51.87585512452505,39.52797173237581,1.2609621864621494,0.09950593113899231,1.0624313545692252,8.737767597024076,18.771334582254227,2.6578313042524644,2.051840265103965,5.453445287918993,0.2097366452217102,0.16191625595092773,0.033959772330007354,0.771994249195316,2.2920982078737406,15.23722188193041,0.18087565898895264,0.0948854455729986,0.7118008048637496,0.10428519212363874,FALL,FALL_009
168,52.947742478784534,88.14182375431432,1.1740946562215124,0.09265097975730896,0.976374286821725,7.968107698369173,32.15662062778442,2.9603007407638344,2.4819095812198095,7.34719877179386,0.23360532522201538,0.19585418701171875,0.04575258105296598,0.8383941951297009,9.074083095341102,56.812604516246,0.7160604000091553,0.35378426168875876,0.7058458751178637,0.17864789237657885,FALL,FALL_009
169,49.46574993320237,37.064387576732386,1.3404403834592087,0.10577777028083801,1.0906808442938938,6.473382221278199,104.45977636746498,2.9599023074319333,2.112664228929539,6.253279726037449,0.23357388377189636,0.16671603918075562,0.03894051275851673,0.7137584165237839,0.011952999957034471,32.81757137269232,0.0009432435035705566,0.20436204883347742,0.7251902781488757,0.0,FALL,FALL_009
38,86.6321456388798,155.55302705945874,0.3720969767222283,0.036112502217292786,0.16715682101923024,0.0,0.0,1.6970074708905822,3.2527087124079745,5.519870985587219,0.1646968126296997,0.315679669380188,0.05199143535891437,1.9167204733310583,0.0,0.0,0.0,0.0,0.5187103020062234,0.0,FALL,FALL_010
39,87.49992453254796,178.36622632748643,0.2041076673122706,0.019808918237686157,0.051858253676388175,4.92547391254755,26.033366810044782,1.9434639546826886,3.128966114903486,6.081032859738457,0.18861573934555054,0.3036702871322632,0.05727699572472744,1.609985880287813,7.393694513763192,16.834856224537138,0.7175678014755249,0.15856681097439207,0.5138893081525113,0.14462981561136123,FALL,FALL_010
89,53.409446588193404,77.12893570058806,0.8837096111443407,0.08576518297195435,0.7550737261052735,0.48662100128826036,20.454286766612736,2.050484006892509,1.720110789431627,3.527059663812799,0.19900217652320862,0.16693902015686035,0.033221228357867005,0.8388761580265086,0.06421203132589234,1.5323839175553946,0.006231862306594848,0.014433460420116262,0.7032808522878145,0.0,FALL,FALL_010
90,56.16043393164146,19.262194000271567,0.8308338545971758,0.08063352108001709,0.6815128900716485,2.2178338264191435,82.52962030344158,1.6884531997358438,1.2279366514557097,2.073313568223311,0.16386660933494568,0.11917287111282349,0.01952845431396888,0.727250928944926,10.860924214699962,43.612382867684644,1.0540670156478882,0.4107832213169438,0.622684579441591,2.417888185386705,FALL,FALL_010
91,61.000741815331736,46.758570206896344,0.8391154405099495,0.08143725991249084,0.6551645250278326,0.4089818012506038,145.2092365107084,1.8922973941454055,1.4249105903264496,2.696354596964932,0.1836499571800232,0.1382894515991211,0.02539685186462748,0.7530015292191663,6.115325832286851,18.691230862248638,0.5935004353523254,0.17605192651975798,0.6611069899148236,0.0,FALL,FALL_010
93,41.771597228386604,3.6566319993712364,0.4313548883666578,0.04186356067657471,0.09515824418436075,4.3452715738931,288.43716880417696,1.930278333506205,0.9338364056576463,1.802564180880266,0.1873360574245453,0.09063005447387695,0.01697827708930788,0.4837807090590205,0.5697140904119924,13.406856241269992,0.05529150366783142,0.12627862162979397,0.6458577581177114,0.2287384769566836,FALL,FALL_010
94,68.4730151062831,3.2941183123189752,0.37616130726279395,0.03650695085525513,0.1537585483449308,0.7170147889387768,801.0425363368948,1.543645974367566,0.46793893001833925,0.7223320455726755,0.14981287717819214,0.045414090156555176,0.006803615510783345,0.3031367388118431,11.598970774159174,32.40696405922772,1.1256954073905945,0.30523984735573606,0.2710371271179425,11.244618929993068,FALL,FALL_010
95,85.00016195499968,3.400023196767289,0.3172014147932819,0.030784815549850464,0.12092914909584059,0.0008014735152337545,495.81440546149753,1.6126107743465918,0.6521255278464109,1.0516246524315804,0.1565060019493103,0.06328964233398438,0.00990520888649371,0.4043885675765657,2.068943999370778,9.878778205767148,0.20079374313354492,0.09304780127131096,0.2482585079960179,0.6833585736577374,FALL,FALL_010
96,71.36965168932309,5.610200545878589,0.30311943300723226,0.029418140649795532,0.1309985429801433,0.135900428698027,408.91530797029776,1.6930467791666415,0.5528515175606409,0.936003481163433,0.1643124222755432,0.05365496873855591,0.008816177880550669,0.3265403884570058,2.4130801446014893,3.4686351380444225,0.2341926097869873,0.03267093017829126,0.29974264956299757,0.0,FALL,FALL_010
107,73.98248165534075,165.2909704432991,0.8721558023279921,0.08464387059211731,0.6006819829755105,0.9127300989377706,7.125899907320882,2.3467030907193513,4.140366118001298,9.716209965823328,0.22775062918663025,0.40182799100875854,0.09151657777704436,1.7643254296085937,1.7826990315073907,23.946017685436082,0.17301329157569192,0.22554654517225553,0.5889862130258847,0.0,FALL,FALL_010
108,76.1664073627587,170.2405938443755,0.7669029838653634,0.07442894577980042,0.5498908252628913,4.3227427982436275,65.51777122253867,2.1752104822294918,3.6523283203511276,7.944582846971405,0.2111070454120636,0.35446327924728394,0.07482969558896535,1.679060968782142,5.144778254695788,53.1488135655577,0.4993075132369995,0.5006064656423703,0.5768532924291183,0.36398761790299217,FALL,FALL_010
110,60.51677420137539,108.48272864176562,0.8318948090014412,0.08073648810386658,0.7397167565662542,3.7489614600503036,234.7444974207497,2.3660456252983013,1.4094283329735546,3.3347717414035563,0.2296278476715088,0.13678687810897827,0.0314100764098697,0.5956868202581244,2.8625271460321433,69.14716658351773,0.27781203389167786,0.6512942876864347,0.6637956988812479,0.0,FALL,FALL_010
111,58.59775629956862,27.457900476741525,0.9921400724941873,0.09628850221633911,0.7629395284396461,1.507092640513403,57.570537054203044,2.336083106025541,1.2207387437173651,2.8517471560689795,0.2267199456691742,0.11847430467605591,0.026860487919348586,0.5225556215213163,0.8988755781828051,14.490737560037301,0.08723706007003784,0.1364876547156335,0.674456909446841,0.0,FALL,FALL_010
112,58.04683622737381,37.4548654990541,1.0059048427318704,0.09762439131736755,0.7527820031764653,0.6610129786042251,16.5276021658444,1.9161613448309844,1.1306217986516223,2.166453786199519,0.18596598505973816,0.10972833633422852,0.020405738155361064,0.5900420243893317,12.597652835836701,20.558801096083815,1.222618818283081,0.19364249291962565,0.631732168125458,1.2817422396414913,FALL,FALL_010
113,57.320867880055104,23.96683427220256,0.9111912474555781,0.08843231201171875,0.6893654880530882,2.2567191104168636,21.77905041956116,1.7632908659902895,0.9768604866049149,1.7224891733772758,0.17112970352172852,0.09480559825897217,0.016224053922258008,0.553995258056861,4.5861143652208485,13.318938384667296,0.4450884461402893,0.12545052699309167,0.5426845469725443,2.6714286345874094,FALL,FALL_010
114,53.261856552928364,71.08800825573245,0.9695781324233943,0.09409883618354797,0.7453703691673917,0.4097556377480709,121.7703398138022,1.5034927654103052,1.7947331940254676,2.69836837305902,0.1459159553050995,0.17418122291564941,0.02541581953794747,1.1937010510632697,7.793943017399529,29.276375990452326,0.7564124464988708,0.27575296847068387,0.7041007969281757,0.0,FALL,FALL_010
57,85.54595889014288,88.46901141279211,0.27662155655063514,0.051984816789627075,0.08783909251059328,0.0,0.0,1.209042873668465,2.2797024168409363,2.7562579611663107,0.22721248865127563,0.42841893434524536,0.09734213225791066,1.8855347756346335,0.0,0.0,0.0,0.0,0.45587730813342925,0.0,FALL,FALL_011
58,85.78807871507082,80.6815569037534,0.3152613627338692,0.05924630165100098,0.0650031422917202,1.3236427140143516,7.263594747838198,1.4175065746467042,2.273615959508591,3.222865570825103,0.26638856530189514,0.4272751212120056,0.11382120652885952,1.6039484156512716,6.253911029347172,13.998228289763764,1.1752822995185852,0.4943722281284657,0.523399562694051,0.0,FALL,FALL_011
59,86.41226703372972,90.9653326108362,0.24766204032261224,0.04654252529144287,0.04700971581178635,3.2521996776511646,18.72564955976685,2.0370156351396806,2.3624008475254406,4.812247462876555,0.38281139731407166,0.4439602494239807,0.16995304343389783,1.1597332075422349,18.585271814789294,47.681456761543565,3.4926849603652954,1.6839551071511494,0.5199318498126126,0.10403138644314969,FALL,FALL_011
60,84.7789534751509,75.06391635310861,0.3752232754232466,0.07051479816436768,0.052676876813054746,1.6204978558848555,48.999406757364596,2.0438594900806573,2.2805778010117166,4.661180581465073,0.38409754633903503,0.42858344316482544,0.16461784892114473,1.1158163634041058,0.20531564822929838,4.532006442344452,0.03858447074890137,0.16005583538259316,0.5290058140269395,0.0,FALL,FALL_011
61,85.81745922742836,82.72952299284073,0.36759982110119116,0.06908214092254639,0.05040690416440476,0.14866782582994983,31.155172568323763,1.5721915565621454,2.3076913984448333,3.6281329317860567,0.2954581379890442,0.43367883563041687,0.12813394126061972,1.4678132434221682,14.150038005555357,30.9914294903705,2.6591822504997253,1.0945172298157502,0.523236337625398,0.17308429204624387,FALL,FALL_011
62,86.30982190396048,80.3197545760724,0.35688254978860107,0.06706807017326355,0.06178975289814786,0.5521723533329537,14.770880295963735,1.3675562340742697,2.343205670819751,3.2044655228477312,0.25700151920318604,0.4403529465198517,0.11317137624120122,1.713418794045785,6.139059674636269,12.710022268149764,1.1536985635757446,0.44887695058255517,0.5205009894224417,0.08206044608868868,FALL,FALL_011
63,86.50730324189632,97.7922126015771,0.31400046064295006,0.05900934338569641,0.08955243500717108,1.222830808694609,5.9244401380752265,1.509428890278538,2.112451390304398,3.188595157834523,0.2836633026599884,0.3969878554344177,0.11261088618843296,1.3994988150139696,4.256179686128048,0.4761109503962446,0.799853503704071,0.016814701583047764,0.5181624967666022,0.07015477967518557,FALL,FALL_011
71,79.86568797371385,137.65669109575964,0.31757193290928,0.0596805214881897,0.25767741845768904,0.6452057090916873,24.90605725568429,0.962566090826362,2.5589142858998186,2.4631241209383203,0.1808927059173584,0.48089054226875305,0.08698959144106055,2.6584150058181057,2.05073549794566,2.7205163883607604,0.3853897377848625,0.09607985530264651,0.4415825048350241,0.2871749697434179,FALL,FALL_011
72,78.58965650439818,140.94397970960247,0.26768074420200877,0.0503045916557312,0.2219473924298102,0.38886087273310443,38.28094407947006,0.8535460316487548,2.6815735282281725,2.2888464435935068,0.16040483117103577,0.5039415955543518,0.08083466655495819,3.141666308982337,3.270601775328218,5.228330320344408,0.614636242389679,0.18464774658307093,0.421411132351024,0.6051411745200025,FALL,FALL_011
73,79.26819094698286,123.76681321109542,0.47991018295549187,0.09018835425376892,0.23495327002149716,6.832730267139582,20.35603327754032,0.8267220087619866,2.6752078043152583,2.211653169839254,0.15536385774612427,0.5027453005313873,0.07810844935429095,3.235901012781823,0.8047206866030432,2.3157982126275867,0.15122920274734497,0.08178651602001707,0.4055669592659075,0.4753251925534946,FALL,FALL_011
75,75.47945913379684,134.3080586281635,0.4356466678113506,0.08187001943588257,0.2967712508874709,1.607421804833826,56.830977197790276,1.2432029965081848,2.5139704450142557,3.125375590374737,0.23363211750984192,0.4724443554878235,0.1103781751781927,2.022163469474406,6.247214816192972,13.705836308032248,1.1740238964557648,0.48404588735852627,0.569539520951617,0.0,FALL,FALL_011
113,62.33008579817891,139.27941527573486,0.49790582961267044,0.09357023239135742,0.37633090599223473,0.054323146586554835,10.381084212329945,1.2470550040277955,1.3866085265158519,1.7291771016192012,0.23435601592063904,0.26058197021484375,0.06106895236030141,1.1119017247731355,0.003041058568113694,1.102261964807002,0.0005714987453661468,0.03892833380359839,0.4241988530159421,0.11474263258079594,FALL,FALL_011
118,59.04779549566235,167.6854243822091,0.41632525817088895,0.07823899388313293,0.43964108384280204,0.01703478566247619,19.693741815099344,1.4959081694422065,1.3933800671122858,2.0843686255311984,0.2811223864555359,0.26185452938079834,0.07361317020372127,0.9314576516821194,1.4931189924864663,2.131149143471983,0.2805982232093811,0.07526530706051915,0.49799269816219804,0.0,FALL,FALL_011
32,74.23711961751941,2.139166821324099,0.5920560064234766,0.055624574422836304,0.3057170090780599,0.0,0.0,1.3607263375607714,1.7128825016364126,2.3307643331236476,0.12784233689308167,0.16092795133590698,0.020573405370198472,1.2587902916715539,0.0,0.0,0.0,0.0,0.5875713431586368,0.0,FALL,FALL_012
3,4.2127333483639084,148.74751882442956,2.074987788584422,0.16485238075256348,1.5588950042841212,0.0,0.0,3.826952836521008,1.0380835832178847,3.9726969133415757,0.30404144525527954,0.0824730396270752,0.025075222162811883,0.27125502019242526,0.0,0.0,0.0,0.0,0.9765959258424227,0.0,FALL,FALL_014
4,5.1460055602976515,159.76957695086367,1.9545993433024373,0.15528783202171326,1.442795683159996,3.610573012336158,27.998166358012295,3.888873174678214,0.8909734517906235,3.4648827560190085,0.30896085500717163,0.0707855224609375,0.021869955541660602,0.22910764326973124,1.8576101447161797,15.234424719677016,0.1475822925567627,0.09615799863453844,0.9714110802205687,0.15554536865562185,FALL,FALL_014
5,5.645811953233811,167.9853745837148,1.9022070577610808,0.15112540125846863,1.3963824381951757,1.5742781202564464,14.994191788084787,3.8819233230713697,0.8183419319644031,3.1767406319399005,0.3084087073802948,0.06501513719558716,0.02005123442264356,0.2108076874357852,0.20849554820532745,8.64426372237324,0.01656442880630493,0.05456163357051125,0.9585517927606262,0.3857786237982741,FALL,FALL_014
6,7.640820643393775,174.79156199461664,1.772910258403459,0.14085310697555542,1.2722390398941106,4.343464067384025,59.85026070479893,3.8875163649809097,0.8507988305680942,3.307494377140087,0.30885306000709534,0.06759375333786011,0.02087653755576291,0.2188533747502211,0.1677912572862006,3.9226123560055903,0.013330578804016113,0.02475909399358045,0.9575509964255902,0.030023890051080748,FALL,FALL_014
7,10.13705141477784,175.25295036889273,1.3911680801090884,0.11052468419075012,0.9117719902664412,11.571722370701872,74.88692314152195,3.694343350838561,0.9453801327078506,3.492558807284124,0.2935059666633606,0.07510799169540405,0.022044643706703226,0.25589849722902686,5.795190424270467,5.5519329043211085,0.46041280031204224,0.03504318452820954,0.9436830476956787,0.4160384618973445,FALL,FALL_014
8,10.402585996917782,177.61191850467694,1.361279254269496,0.10815009474754333,0.8998448565283609,1.4679202951315728,7.966037464198266,3.644473373399132,0.91512669005162,3.3351548551800096,0.28954392671585083,0.07270443439483643,0.021051127424335903,0.25109897527642056,1.49609932318286,4.722118563123425,0.11886119842529297,0.029805488471019714,0.9422078555726789,0.04425576368999207,FALL,FALL_014
9,11.085143798550394,175.99872059526794,1.3571030412863365,0.10781830549240112,0.9051863803560534,0.3847382631858189,20.476734048978358,3.5473236233750955,0.8951147785968824,3.1752617997488892,0.28182563185691833,0.07111454010009766,0.02004190019792418,0.2523343504889278,2.9144925007210976,4.796791662933613,0.23154884576797485,0.030276816792351724,0.9281052167874972,0.42307916355545094,FALL,FALL_014
10,10.618950134796622,174.33669729591378,1.4519904414943814,0.11535686254501343,0.9916922827836955,2.8440674378037927,13.985809912613174,3.618363883390433,0.8433024288564748,3.051375051349698,0.2874695956707001,0.0669981837272644,0.019259940786747975,0.2330609973202664,2.1312078004601176,3.716602451975737,0.16931891441345215,0.023458782335286088,0.9115893487447772,0.49547604128160283,FALL,FALL_014
11,11.716970871275324,177.24019354876765,1.352414039014757,0.10744577646255493,0.9093648440603032,3.0532832167580333,32.94062209436106,3.536634948916985,0.8455058848039354,2.990245661712576,0.28097644448280334,0.06717324256896973,0.018874098861410005,0.23906987513754305,2.4518680342034394,1.8338816891136567,0.19479453563690186,0.011575257760139124,0.8960618499422397,0.4658249640761236,FALL,FALL_014
12,10.948681769583542,174.74945177012737,1.4459247481558664,0.1148749589920044,0.996126203331701,2.7996044426637683,23.048673050753443,3.541196785446959,0.8461210819019667,2.9962812553301474,0.2813388705253601,0.06722211837768555,0.018912194858700104,0.238935627048375,0.13685509589921985,0.18106780852714,0.01087278127670288,0.001142879918702988,0.9012609328785703,0.0,FALL,FALL_014
13,8.484494549999713,173.97340437185056,1.3793195340490798,0.10958334803581238,0.9404970057422277,1.9995743774905186,73.92561658751488,3.5576172962818484,0.7415893418217371,2.6382910692032837,0.2826434373855591,0.058917343616485596,0.016652600521389616,0.20845039145814026,0.49261532504668804,10.739705583805913,0.03913700580596924,0.06778783011931466,0.859741561903792,1.2455811292433494,FALL,FALL_014
14,8.035619714658816,174.75677338064384,1.3845303284934407,0.10999733209609985,0.9485257029917169,0.15184489836101128,13.466245060226907,3.560404814352257,0.7304782820390024,2.60079839215143,0.28286489844322205,0.05803459882736206,0.016415950903494902,0.20516647339520497,0.08362554211225337,1.1247803115556065,0.006643831729888916,0.007099488536841392,0.8564531847343262,0.09865131508397518,FALL,FALL_014
15,7.662668987065997,176.07928768138387,1.382027901761144,0.10979852080345154,0.9473305700927367,0.06761166155435824,11.188521827784577,3.5621067346167496,0.7006052112470423,2.49563054129068,0.283000111579895,0.05566126108169556,0.01575214309679751,0.19668212881199812,0.05105760793478353,3.1550355258225027,0.004056394100189209,0.019914234200921754,0.842306131553759,0.4244115954170158,FALL,FALL_014
16,7.199830876488573,178.34767865030432,1.3872915881511283,0.11021670699119568,0.9533129867509086,0.15676272394344382,13.885143317322726,3.5602821500528323,0.6813270348677616,2.425716480588115,0.28285515308380127,0.05412966012954712,0.015310853302317184,0.19136815494167536,0.05473753691751959,2.09742182107695,0.0043487548828125,0.013238693834409787,0.8340952975066664,0.24632502141277657,FALL,FALL_014
17,7.400255528828548,178.75464024321874,1.3624068655357655,0.10823968052864075,0.9317403877800985,0.7715021753529601,6.012739570199246,3.5375828776162073,0.6931035578528787,2.4519112786752184,0.28105175495147705,0.055065274238586426,0.015476191961639074,0.19592504705422045,0.6809781730987519,0.7858439426131003,0.05410194396972656,0.004960159779656692,0.837021592889232,0.0,FALL,FALL_014
18,7.039953407547884,177.36750441235142,1.383481117345152,0.10991397500038147,0.9518458917201769,0.6406452511595384,10.809063638419909,3.5472403466947524,0.650296343194994,2.30675742588934,0.28181901574134827,0.05166435241699219,0.014559996947070886,0.18332392850481297,0.28972407235635433,4.354615583576353,0.023017823696136475,0.027485850437045656,0.8166376224845546,0.6115191121403196,FALL,FALL_014
19,7.207963233530413,176.24488999821492,1.3824030219428705,0.10982832312583923,0.9500700727798843,0.03067732846158132,5.0402947794758735,3.4961358487372625,0.6635493392153862,2.3198586322368335,0.2777588963508606,0.05271726846694946,0.014642690308011908,0.1897943841408916,1.5331349387246984,0.393036190424807,0.12180358171463013,0.002480800828230656,0.8177247045620837,0.0,FALL,FALL_014
20,8.14335471525432,171.70064578368022,1.387597686219417,0.11024102568626404,0.9546814251738464,0.1776269084510637,28.061744451717214,3.482823958848339,0.7128386306135023,2.482691461493347,0.27670130133628845,0.056633174419403076,0.015670473060653833,0.20467185905539073,0.3993566966676987,4.884984877695406,0.03172785043716431,0.030833482579257776,0.8376401884671723,0.0,FALL,FALL_014
21,8.449735957625451,169.49141172516295,1.4087668434347804,0.11192286014556885,0.9776475956197699,0.7484998058094999,9.191437271133935,3.419523553542562,0.7082073968499087,2.421731874321327,0.27167224884033203,0.05626523494720459,0.015285702909636711,0.20710627633518983,1.899012159173319,1.8287876151605964,0.15087157487869263,0.01154310453051366,0.8265368738156504,0.33309943954565435,FALL,FALL_014
22,8.292499819316658,169.1868212546051,1.4061158691105202,0.111712247133255,0.9808586243753474,0.10229527355677705,4.7170841492637905,3.4427239865419734,0.6264169426666577,2.1565806340947904,0.2735154628753662,0.04976719617843628,0.013612097698754155,0.18195320184845254,0.6960129899823464,7.954537206796104,0.05529642105102539,0.05020815632647668,0.7865187440477015,1.2005438930384682,FALL,FALL_014
23,5.988127963876553,151.0300304988169,1.352322134570234,0.10743847489356995,0.9513893704590158,1.3916546109847876,69.13115566320316,3.272797545181388,0.425714891356879,1.393278651379955,0.26001524925231934,0.033821940422058105,0.008794220269038533,0.13007625684669175,5.097793240817556,22.899059481445057,0.40500640869140625,0.14453632289146867,0.681604264133247,3.147434397433634,FALL,FALL_014
24,7.190184470862406,153.0975295884884,1.3431129341088521,0.10670682787895203,0.9375759448871246,0.2603296549162732,36.061695209575596,3.33122288860545,0.3723285373339476,1.2403093456478351,0.26465699076652527,0.029580533504486084,0.007828694982565665,0.11176890377960022,1.7527603027218541,4.5890791719636,0.13925224542617798,0.028965758594186042,0.6513352232508793,0.9080712264710311,FALL,FALL_014
25,7.0272490154141245,148.20993929226282,1.34854692506134,0.10713854432106018,0.9394854941722026,0.16597942680846034,4.888063663448454,3.2966225532833744,0.6290682921110996,2.0738007193289048,0.26190808415412903,0.04997783899307251,0.013089600060839146,0.19082132700544824,1.0380100596622688,25.00474121043209,0.08246719837188721,0.15782715234820444,0.7807815843616218,0.0,FALL,FALL_014
26,6.982652870430848,153.83847488368727,1.3466165566061763,0.1069851815700531,0.9374907926058728,0.03183644982311576,1.3378843494982906,3.3103590792180118,0.5295759165521818,1.7530864434937155,0.26299941539764404,0.04207342863082886,0.011065287133682489,0.15997476113190107,0.412095778039121,9.62142827505568,0.03273993730545044,0.06072938781469972,0.7315687372027366,1.4763854147665556,FALL,FALL_014
7,32.602630597671784,165.27047149731658,1.2135046240427698,0.10294902324676514,1.007819146053772,0.0,0.0,2.8537225680977816,1.219338193149165,3.479652919933344,0.24209874868392944,0.1034439206123352,0.02504364373920609,0.42727809993468946,0.0,0.0,0.0,0.0,0.8188742744573789,0.0,FALL,FALL_017
79,51.79754509452224,26.076044900405094,0.3749657751015703,0.031810641288757324,0.5538778196403222,0.1428181091295231,7.997881040354358,1.322978015625683,1.3520720896586607,1.7887616501594854,0.11223632097244263,0.11470454931259155,0.012874016613647399,1.0219822454667704,0.6378102301967078,0.7045380290724411,0.05410934487978618,0.005070677968982788,0.5517613378069294,0.11129705693768732,FALL,FALL_017
14,50.62952332127095,120.54618351241204,0.7238018981046394,0.07996749877929688,0.6436763063577959,0.0,0.0,1.1898434576960122,1.1134490037926994,1.3248300126408856,0.13145697116851807,0.12301671504974365,0.016171404763539954,0.9357874152191696,0.0,0.0,0.0,0.0,0.7187244930307595,0.0,FALL,FALL_024
88,75.77300399418769,47.47026733383641,0.34833280240259884,0.03691685199737549,0.3196042687729471,0.0,0.0,0.8789975763160791,1.4459431506063851,1.270980524873848,0.09315752983093262,0.1532433032989502,0.014275767598462608,1.6449733972515619,0.0,0.0,0.0,0.0,0.5168704911187081,0.0,FALL,FALL_027
89,84.16736600569013,34.628789925243616,0.05112269034651179,0.005418062210083008,0.19983207265683559,6.464793201729536,251.83086034507312,1.1080480380843245,1.4032576725874684,1.5548769110373195,0.11743265390396118,0.1487194299697876,0.01746451734843646,1.2664123530671398,6.871513853047362,8.516891584904148,0.7282537221908569,0.09566249249921555,0.5324035221906104,0.0,FALL,FALL_027
90,88.46645028190719,7.356245213568614,0.17206187856899308,0.018235385417938232,0.1448993639852144,2.72394517019239,128.97252828651176,1.1708057803328014,1.3501508144572107,1.580764377887542,0.12408381700515747,0.143091082572937,0.017755287705050193,1.1531715646321947,1.8827322674543057,0.7766240055066742,0.19953489303588867,0.008723110698412029,0.5085197206560712,0.7165140460361752,FALL,FALL_027
91,87.9683262845393,23.68110926109863,0.26859349718747993,0.028465956449508667,0.11122812667998162,2.146857731490438,14.943719921036518,1.024307496560402,1.316029652484462,1.3480190387356148,0.10855770111083984,0.13947486877441406,0.015141071116886451,1.284787560529196,4.394948513171982,6.982360174557816,0.4657834768295288,0.07842649764491227,0.47565718567365883,0.9858760494723712,FALL,FALL_027
12,85.37733550409294,29.29546414585663,0.21013756119631483,0.022393256425857544,0.1657733444910538,0.0,0.0,1.0914401623117047,1.4295981079154216,1.5603207909437138,0.11630904674530029,0.15234476327896118,0.017719074193614404,1.3098160265774026,0.0,0.0,0.0,0.0,0.5256814694217059,0.0,FALL,FALL_030
13,87.99961897849802,49.898294555221476,0.38955934718078655,0.041513293981552124,0.044982833441597744,4.7123157856847335,78.6685042321524,1.0486661150290524,1.3739813310821118,1.4408476645883244,0.11175084114074707,0.14641797542572021,0.016362331911949468,1.3102063816676854,1.2832214184795698,3.5841937906616828,0.13674616813659668,0.040702268449948065,0.49050395371931393,1.0553254710717592,FALL,FALL_030
14,87.90908264921035,55.21259030422814,0.41765550983871197,0.044507354497909546,0.040367818349812776,0.6493294352447091,2.7160898786301857,1.153233038604897,1.3031100024855915,1.5027895078028932,0.12289398908615112,0.13886559009552002,0.017065746313640773,1.1299532318455496,3.137007707275339,1.8582552964370658,0.3342944383621216,0.02110243205073914,0.511615874790015,0.0,FALL,FALL_030
15,87.88859222560441,63.187459722888676,0.4346548852086156,0.046318888664245605,0.03892027755990373,0.5336576141252579,0.6147127081780468,1.0526015466356213,1.2740797621154758,1.341098328139894,0.11217021942138672,0.1357719898223877,0.015229573889655512,1.2103995171198185,3.0189447590782703,4.850735389889976,0.32171308994293213,0.05508517271955782,0.4579327311827096,1.6104943082191625,FALL,FALL_030
16,86.22075938222129,67.33072518150902,0.4814541362372418,0.05130603909492493,0.006195116610909027,1.5685709729942316,50.03498530149372,1.245285558149279,1.2381910421604048,1.5419014230321568,0.13270354270935059,0.13194751739501953,0.017509903010022754,0.9942954076863134,5.78052034540973,6.024092846767884,0.615999698638916,0.06840987361101725,0.5209957812098818,0.0,FALL,FALL_030
17,86.17067949990376,68.00560241125854,0.48631189966860194,0.051823705434799194,0.01345239703945224,0.5663195710134876,1.5023964695259906,1.1405843958603052,1.261499916711363,1.4388471203800552,0.12154608964920044,0.13443142175674438,0.016339613640514727,1.1060028022450368,3.1410348686692124,3.0916290795630474,0.3347235918045044,0.03510868108524079,0.49999911879054887,0.629899872579987,FALL,FALL_030
18,87.30626610929885,74.2079076374161,0.46033782733405937,0.049055784940719604,0.0009561711670593157,0.23785421982566482,34.067598281852725,1.183634751160815,1.2686375009540327,1.5016034327550045,0.1261337399482727,0.13519203662872314,0.017052277191204723,1.071806519632615,1.2915106590152914,1.8826893712484782,0.13762950897216797,0.021379906520699876,0.5145702313526384,0.0,FALL,FALL_030
19,89.33457754926665,87.53310533951179,0.3645039710392214,0.03884327411651611,0.019678836016758062,2.8876509077184176,60.84934319903425,1.3317364080603769,1.9658823261942395,2.6180370677552944,0.1419161558151245,0.2094937562942505,0.029730548560550574,1.4761693545152357,4.443049706986857,33.493009050008695,0.4734724760055542,0.3803481410803755,0.5036967913929631,0.32620319879025805,FALL,FALL_030
20,88.65121040563062,84.01686943573755,0.3780819372082465,0.04029020667076111,0.01705726581494056,0.7727199823690849,20.501014309081,1.3141142209943513,1.8616392535138189,2.4464066174038175,0.14003825187683105,0.1983851194381714,0.027781505324497857,1.4166393834541287,0.5286656119807676,5.1489135105443085,0.05633711814880371,0.0584712970815815,0.5074932755242743,0.0,FALL,FALL_030
109,11.221329586888523,177.2816992529332,1.1264010084789702,0.15068356692790985,0.8965947528326254,0.0,0.0,3.0313614033090195,0.9010572697739571,2.731430229763776,0.40551841259002686,0.12053835391998291,0.04888052193784631,0.29724434929048665,0.0,0.0,0.0,0.0,0.9376592800728416,0.0,ADL,ADL_036
110,11.18423755668298,179.1892998444888,1.1667444473569202,0.1560804843902588,0.9493321413385072,1.2245522094999761,1.1127609061662724,3.0501045982481165,0.8367850847819859,2.552282034838975,0.4080257713794708,0.11194038391113281,0.04567456149385407,0.2743456845556505,0.5622958481729112,5.374445847744025,0.07522076368331909,0.09617881331976719,0.9378653469073168,0.0,ADL,ADL_036
111,10.414158684226278,178.36711918747267,1.1814549804012784,0.1580483764410019,0.9948894245196099,1.4989599084324217,23.102366173701068,3.054940495369852,0.9509235741062373,2.9050149345389786,0.4086726903915405,0.12720918655395508,0.051986920511524204,0.31127324695670766,0.14507691365206465,10.581986991000104,0.019407570362091064,0.18937077053010398,0.9421435628654096,0.0,ADL,ADL_036
112,11.641191838452277,178.6291747706001,1.1995084467970993,0.16046346724033356,1.0147581067328124,0.7942371210978382,36.81099462677999,3.079208647632349,0.9229173872094931,2.8418551997457246,0.41191914677619934,0.12346267700195312,0.05085664056935002,0.2997247839616637,0.7280445678749103,1.8947920437976196,0.0973936915397644,0.033908398265225514,0.9353267120085984,0.2045055257043349,ADL,ADL_036
113,11.551218648060393,176.4368214773113,1.2035794269442424,0.1610080599784851,1.020964772500148,0.20420843774736738,2.6991957117565235,3.0726335028564287,0.8116734854055214,2.4939751446372536,0.4110395610332489,0.10858109593391418,0.044631126009185174,0.2641615116059826,0.19725434327761082,10.436401653254133,0.026387572288513184,0.1867654368049454,0.9358265630663312,0.0,ADL,ADL_036
114,10.382603190620602,175.56946730152043,1.1986627718777596,0.16035033762454987,1.0384197389826904,0.16351311701085655,35.05846372319375,3.0476061145230386,0.7165856281617498,2.183870741965081,0.4076915383338928,0.09586077928543091,0.039081628572763094,0.2351300803227423,0.7508216500017006,9.303132080165174,0.10044068098068237,0.16648492309266238,0.9044724048901804,0.9406247452845218,ADL,ADL_036
115,7.502259541839054,171.96953284360455,1.1741427662179196,0.15707018971443176,1.0093861996384923,0.8167903087847089,86.41030946344642,2.943696148004806,0.5389471111875798,1.5864965351811964,0.3937910497188568,0.0720973014831543,0.028391272032948223,0.18308470558160664,3.1172989955469843,17.921226203516543,0.4170146584510803,0.32071069619444614,0.7940572165005713,3.3124556516882753,ADL,ADL_036
116,9.040474042851208,169.80392761709743,1.1673785921561564,0.15616531670093536,0.9897494319645501,0.28850636523129103,46.146435030364636,2.8728033710073184,0.776748403363905,2.2314454316083787,0.3843074142932892,0.10390901565551758,0.039933005128332866,0.2703792365478063,2.1267833099246225,19.34846689281547,0.2845090627670288,0.3462519928615393,0.9219964949117558,0.0,ADL,ADL_036
117,7.112878421519955,158.39013521181184,1.1524949586343674,0.15417426824569702,0.9700890495536612,0.15684306772607454,57.8278686399376,2.852027972007574,0.7770901487080217,2.2162828408868034,0.38152819871902466,0.1039547324180603,0.039661661807780746,0.272468615159956,0.6232619699923303,0.4548777216472599,0.08337646722793579,0.008140299616563595,0.9294966325350686,0.0,ADL,ADL_036
118,7.294010273254925,161.55535549664077,1.1342902242537645,0.1517389416694641,0.9836861254729246,0.29625578621897114,5.433955552049081,2.836875108206538,0.49438521144683795,1.4025091002189605,0.3795011341571808,0.06613606214523315,0.025098710592805773,0.17427059347666585,0.4545859140310826,24.413212220035287,0.06081193685531616,0.4368885364492492,0.7562784993835479,5.196543994545624,ADL,ADL_036
119,8.63344694023746,163.38176554454654,1.0920294246821114,0.14608553051948547,0.9373633683658862,1.3458796039802272,40.18310000947608,2.8568825826944373,0.5292561578179065,1.5120226990537555,0.3821776211261749,0.07080090045928955,0.027058519711122386,0.18525604663771836,0.600224234636979,3.2854079650438517,0.08029460906982422,0.0587942735494984,0.7720125931294446,0.0,ADL,ADL_036
120,9.41488749376465,151.3825743549176,1.0822934696439168,0.1447831094264984,0.9266257920322881,0.3826790400281059,23.443216605815707,2.968912231453233,0.4367665899798935,1.296721671281425,0.39716431498527527,0.058428168296813965,0.023205583437448496,0.14711296805709273,3.360889462763872,6.459030833169919,0.44960081577301025,0.11558808821021671,0.7221089764595856,1.4971085000957696,ADL,ADL_036
121,6.459371372925135,140.72157421044994,1.116925483888802,0.149415984749794,0.9181456508824809,0.08556443483809818,88.66548362518547,2.985673793513635,0.44045717235970977,1.3150614366795035,0.3994065821170807,0.058921873569488525,0.023533784134324165,0.14752317233731535,0.5028468618120607,0.5501929619423573,0.0672680139541626,0.00984602090627007,0.7424095951931098,0.0,ADL,ADL_036
122,7.899335892714431,141.40136967024938,1.119446579838409,0.14975324273109436,0.9223712407224643,0.07932880760092219,43.198935593678875,3.005324150800348,0.4046521071960196,1.2161107504284492,0.40203529596328735,0.05413207411766052,0.021763004439000255,0.13464474392283152,0.5895107186013915,2.968520587531629,0.07886141538619995,0.05312339085971729,0.7134697208822616,0.8681962293254464,ADL,ADL_036
123,9.879640519217123,156.15777082552805,1.1069749911932512,0.1480848640203476,0.9197322938686605,0.0764215215900202,59.40913879508076,3.0087293513119677,0.5589158218620004,1.681626438148852,0.4024908244609833,0.07476860284805298,0.030093676604108666,0.1857642771954015,0.10215601534858898,13.965470631612083,0.013665854930877686,0.2499201649532523,0.8009810567572002,0.0,ADL,ADL_036
124,9.9557493793224,154.42349213448983,1.1441824598388286,0.15306226909160614,0.9514865405238273,1.1060117995405208,2.2832658031583186,3.0019465750753453,0.6310276539592314,1.894311304580745,0.4015834629535675,0.08441531658172607,0.033899795159211266,0.21020563385562666,0.20348328709867136,6.38054599295679,0.027220845222473145,0.114183556653078,0.8455668745921154,0.0,ADL,ADL_036
125,7.557421443608634,153.60391112145572,1.1068713982434375,0.14807100594043732,0.9534560318632433,0.29945714253902184,71.94983807141298,2.8883456551874396,0.6613692492277982,1.9102629974816896,0.38638657331466675,0.08847424387931824,0.0341852599191359,0.22897797442172524,3.408027596637173,0.4785507870283401,0.4559066891670227,0.008563942797739088,0.8622666364366223,0.0,ADL,ADL_036
126,8.028653645848443,158.80147924572938,1.080748152447394,0.14457638561725616,0.941551308295077,0.46431696789745713,14.136966067194283,2.886471625308228,0.7070216596982998,2.0407979591974725,0.38613587617874146,0.09458136558532715,0.03652125847047216,0.24494258751279108,0.05622089637634442,3.916048851473488,0.007520914077758789,0.0700799565400878,0.8872726561552999,0.0,ADL,ADL_036
127,7.381776451592504,157.2166241604669,1.0777229041420266,0.14417168498039246,0.9411804900908513,0.010690124079167196,19.406315827678178,2.8009472909668323,0.6926888510548216,1.94018496084493,0.37469491362571716,0.09266400337219238,0.03472073073975679,0.24730454750770042,2.565730030241875,3.018389950576277,0.34322887659072876,0.0540158319214612,0.8695745662987024,0.5309426956979246,ADL,ADL_036
128,6.512873085591287,156.67133016618735,1.0738539859421548,0.14365412294864655,0.9395693412455759,0.27417043766029153,26.06710098003652,2.725424243283476,0.7082997516404105,1.93041731463244,0.3645918667316437,0.09475234150886536,0.03454593306791143,0.25988534103331,2.2656914305006914,0.29302938637470133,0.3030914068222046,0.005243930155360843,0.8723347653733744,0.0,ADL,ADL_036
129,7.197254600684116,159.82058314777726,1.0782688278485184,0.1442447155714035,0.9468557128866154,0.2037639905755858,20.53144545278487,2.8111350449345367,0.8801849612405158,2.474318790567561,0.37605777382850647,0.11774617433547974,0.04427936419742373,0.31310577635711634,2.5713240495318246,16.317044278053633,0.3439772129058838,0.29200293388536913,0.9600152522184215,0.0,ADL,ADL_036
130,7.615113421361511,163.77064011332527,1.0724714099280814,0.1434691697359085,0.9328335717023098,0.08258697295796752,12.535764620321856,2.7937490290282687,0.9105875983762847,2.5439532188089284,0.37373197078704834,0.12181326746940613,0.045525512519351,0.3259366365586591,0.5215804771880395,2.0890328472410236,0.0697740912437439,0.03738444965781795,0.9576938143257694,0.06964313677956468,ADL,ADL_036
131,6.8412712035608045,167.0326450558739,1.0757005024250177,0.14390113949775696,0.9178404415464705,0.06923016584811092,23.215266534021197,2.788955014647533,0.7876648724689018,2.1967618959338533,0.3730906546115875,0.10536935925483704,0.03931232322039069,0.28242218219684745,0.14382043142207035,10.415739686252255,0.019239485263824463,0.18639567896880926,0.926874514059091,0.9245790080003502,ADL,ADL_036
132,5.9167503212362655,170.79752507282825,1.0801650243911844,0.14449837803840637,0.9201925584585857,0.29413714330987706,27.73562646973617,2.7736978895550712,0.8615890242365304,2.3897876581886774,0.3710496425628662,0.11525851488113403,0.04276663074897158,0.3106274498948107,0.45771375277385395,5.7907728676447245,0.061230361461639404,0.10362922585742673,0.9671291648820207,0.0,ADL,ADL_036
133,5.672105577953093,177.0243977270829,1.0617974374378636,0.14204126596450806,0.893778584061452,0.29060829960009255,7.339342298495186,2.799093534116509,0.9614749059107078,2.6912581923499412,0.37444692850112915,0.1286206841468811,0.048161620120513504,0.34349417998314086,0.7618693368431284,9.044116024837914,0.10191857814788818,0.16184968114625775,0.9684883023447051,0.0,ADL,ADL_036
134,6.287202855113461,176.09521502675545,1.044366085692268,0.13970939815044403,0.892261559993158,0.4463085031701573,18.45291831481104,2.737647765800424,0.9573514609470462,2.6208910881474528,0.36622706055641174,0.12806907296180725,0.0469023601389873,0.34969759763146335,1.8433730494825484,2.1110131260746545,0.24659603834152222,0.03777779944578619,0.9650710952493697,0.10251621286005985,ADL,ADL_036
135,6.389412573216929,171.938998727617,1.0587348733925097,0.1416315734386444,0.9018409003136771,1.0799230847277483,3.066291543104054,2.7535010516105234,0.8653622581956604,2.382775887965808,0.36834782361984253,0.11576327681541443,0.04264115107005928,0.3142762224072932,0.47559857430298447,7.14345600544934,0.06362289190292358,0.12783627206784054,0.9645032634821282,0.017034953017245336,ADL,ADL_036
136,5.764546870917883,169.81050726501553,1.0517248610079086,0.1406938135623932,0.9032032032988623,1.0504525613597662,18.74597106897139,2.697107723098365,0.8261996675553186,2.2283495041847514,0.36080384254455566,0.11052432656288147,0.03987760171853694,0.3063271706205907,1.6917998553647484,4.6327915134317,0.22631943225860596,0.08290648054567029,0.9395409261702585,0.7488701193560909,ADL,ADL_036
137,5.661586613297157,173.63268153781917,1.037738810270635,0.13882283866405487,0.9112384517158134,0.1529332692976201,3.0888077286217808,2.632907941780995,0.79463322489304,2.0921961286239283,0.35221555829048157,0.10630154609680176,0.03744105840562639,0.3018073500369971,1.9259934395211076,4.084601266824692,0.2576485276222229,0.07309629938731632,0.9112999752434763,0.8472285278034675,ADL,ADL_036
138,4.381442351065733,175.69995186803902,0.9760210269185874,0.1305665820837021,0.8557711105066679,2.0859476374496504,38.40432786694272,2.52435589720842,0.7362945767297557,1.8586695568503364,0.33769407868385315,0.09849733114242554,0.03326196549295979,0.29167535258823774,3.2565613371772484,7.005797153207758,0.43564438819885254,0.12537278737999813,0.868992694500017,1.2692184223037772,ADL,ADL_036
139,4.941334800117458,172.78124005646902,0.9898435567415315,0.13241568207740784,0.8668518802578746,0.2820836023428386,16.796773471551756,2.531784959783558,0.7303220533070529,1.8490183903610424,0.3386878967285156,0.09769836068153381,0.033089252293052596,0.2884604769309764,0.2228718772541427,0.2895349946788195,0.029814541339874268,0.0051813959972157875,0.8638397886353717,0.15458717593936022,ADL,ADL_036
140,3.6597240147421073,171.40443049314877,0.9811056585101446,0.13124677538871765,0.8573763556677065,0.08183843035286172,38.44832356126052,2.5259948936208496,0.7617619566241827,1.9242068125873126,0.3379133343696594,0.10190421342849731,0.03443479254594095,0.30156818774376054,0.17370198488125155,2.255652666788106,0.023236870765686035,0.04036620758665066,0.8868713191185208,0.0,ADL,ADL_036
141,3.532009436356649,174.02298766019754,0.9414892639154574,0.12594711780548096,0.8340779670837885,0.673080153728571,3.831437351563749,2.4971773400074997,0.7742657370569708,1.9334788537228724,0.3340582847595215,0.1035768985748291,0.034600721078618335,0.31005544015754805,0.8645266084004977,0.2781612340667938,0.11565148830413818,0.004977855980321522,0.8895430058180843,0.0,ADL,ADL_036
142,2.0362172789160953,173.9393868956811,0.9311120351008352,0.12455891072750092,0.8341572769550437,0.3909898679696153,44.87376472321661,2.5522261879774515,0.7606117407104442,1.9412532035243106,0.3414224088191986,0.10175034403800964,0.034739847559639436,0.29801806615987403,1.651465439098554,0.23323049404314622,0.22092372179031372,0.004173794430633038,0.8994981801470261,0.0,ADL,ADL_036
143,0.3218652968363805,171.65639950558358,0.9345580044507686,0.1250198930501938,0.8336801924345574,0.18926097760166094,51.43055946239144,2.5398636504052696,0.7921525636109409,2.011959501890777,0.3397686183452606,0.10596969723701477,0.03600517761668609,0.3118869125294555,0.3708761271654559,2.1211889509939907,0.04961371421813965,0.037959901711399624,0.9239853155767719,0.0,ADL,ADL_036
144,0.8689684571748428,176.26785292030866,0.9339021385491522,0.12493215501308441,0.8202090989090999,0.28698588806466985,16.413094810153872,2.4884325355794585,0.8051662886934573,2.0036019893365626,0.3328884541988373,0.10771059989929199,0.03585561510130475,0.3235626678487558,1.5429334447743326,0.2507253766264306,0.2064049243927002,0.004486875461440221,0.9191772260247911,0.14424268655942263,ADL,ADL_036
145,0.3011565316749405,178.15199254987184,0.9460087012840523,0.12655170261859894,0.8131047389669804,0.20743318602382763,17.034357764997072,2.4386925478117902,0.7561407581086976,1.8439948318964383,0.32623451948165894,0.10115224123001099,0.03299935281216548,0.31005894572953696,1.492199633030049,4.78821472320373,0.19961804151535034,0.08568786867417799,0.8885554648934448,0.9186528339403888,ADL,ADL_036
146,0.639696377959835,175.20397384983815,0.9361971122534668,0.12523916363716125,0.8009009325275777,0.3692420319248451,10.156195388546836,2.411243980599742,0.7778300028721754,1.8755379123554132,0.3225626051425934,0.10405370593070984,0.033563834459751085,0.3225835285562101,0.8234570163614441,0.9462924137692474,0.11015743017196655,0.016934449427568055,0.8933498752042249,0.0,ADL,ADL_036
147,0.17807381697671132,178.1518179782419,0.9297556357998867,0.12437745928764343,0.7542755280607071,0.25195810419538867,13.848676829493712,2.3507160680970607,0.739757477400519,1.7389597886203483,0.3144655227661133,0.09896057844161987,0.031119690032880953,0.31469352467519257,1.8158373750804424,4.0973437120519485,0.24291247129440308,0.07332433280610395,0.8670116068748197,0.7901480498821567,ADL,ADL_036
148,0.14005253289002112,177.8280576291896,0.9220786184868076,0.12335047125816345,0.7772155741504845,1.2668081078998101,1.140638522600706,2.3099135899221404,0.7194844485122369,1.6619469053560525,0.3090071976184845,0.0962485671043396,0.029741499995706633,0.31147577263685555,1.22407434524761,2.3103864979288735,0.16374975442886353,0.041345701115229616,0.8509252708762927,0.4825900799558114,ADL,ADL_036
149,4.072170314481452,178.38276294033693,0.9075199103785743,0.12140288949012756,0.7541064376329466,1.8648936493793438,117.96353344774293,2.362137580679967,0.6991385703882793,1.651461491217021,0.31599342823028564,0.09352681040763855,0.029553857452153665,0.29597613771683184,1.5667197227347973,0.3145624241709477,0.20958691835403442,0.005629276306589048,0.8268612352708289,0.7219210681639132,ADL,ADL_036
150,2.9255623985994137,177.27353101471422,0.9301502915215966,0.12443025410175323,0.7953297482427016,0.13667920130103706,34.398237476461155,2.3998396221182032,0.7376495279572121,1.7702405644285069,0.3210369944572449,0.0986785888671875,0.03167947758720402,0.3073735525728538,1.131061243147089,3.5633721963445786,0.15130698680877686,0.06376860405151064,0.8583674594085533,0.0,ADL,ADL_036
151,2.222068727472062,175.6521627458841,0.901048247162199,0.12053714692592621,0.7814758063640077,0.635245335090143,21.104810133820557,2.3108283268080227,0.6963197282506592,1.609075352556888,0.3091295659542084,0.09314972162246704,0.028795333013908575,0.30132808554513935,2.6703388593054145,4.834956356148568,0.35722285509109497,0.08652433719886332,0.8281697682712814,0.9059307341181566,ADL,ADL_036
17,87.35969702933792,175.23368297171902,0.20122718609267717,0.022931933403015137,0.03092097400960919,0.0,0.0,2.073648574311075,1.6125892829490989,3.3439434675367177,0.2363138496875763,0.18377134203910828,0.043427713299514004,0.7776546513351404,0.0,0.0,0.0,0.0,0.5146683498370115,0.0,ADL,ADL_042
64,6.362187421752054,160.98301372240095,1.3250527036095605,0.15100355446338654,1.091257000955298,0.7955683354426151,51.700538047395234,2.6086859259477535,0.6412800484022685,1.672898236858092,0.2972869277000427,0.07308053970336914,0.021725889123075603,0.2458241081928691,0.34151320317234796,1.0666246153267824,0.03891898596540411,0.013852228197726638,0.838277061088951,0.0,ADL,ADL_042
72,9.377070380487218,176.83102182926527,1.341524990953031,0.1528807431459427,0.9793310669294634,0.2277119556450729,11.305811095256866,2.9199964135549603,0.7652408884982517,2.234500649920506,0.33276399970054626,0.08720716834068298,0.02901940613960452,0.26206833176313715,1.1674143285270255,2.1060090489840526,0.13303902000188828,0.027350688811983437,0.9469551397265337,0.0,ADL,ADL_042
73,8.946436228411272,172.48703398015695,1.3082747055925565,0.14909152686595917,0.9885994090857461,0.4545805264123486,12.91902456227838,2.702026272413845,0.7174833371809017,1.938658827081958,0.3079240322113037,0.08176469802856445,0.0251773155094952,0.2655344303819251,6.539104234233464,8.87525468515644,0.7451990246772766,0.11526271890327955,0.883274689117818,1.910413518261469,ADL,ADL_042
74,7.519647256198662,178.87380495595147,1.3177416681564942,0.15017038583755493,0.9924244537105837,0.04475431660831939,42.803669166378306,2.7296929576112654,0.7438306807632874,2.030429370934739,0.31107693910598755,0.08476725220680237,0.02636913735291735,0.2724952224205178,0.8300005559226165,2.753116315583435,0.09458720684051514,0.03575465530266442,0.9116971881465241,0.0,ADL,ADL_042
75,8.193718669646897,176.08667313296544,1.22736206026218,0.13987068831920624,0.9323455069793251,2.862742479270959,20.222142403447034,2.650429946950391,0.8462801069389707,2.2430061389394274,0.3020440936088562,0.09644243121147156,0.02912986672070339,0.3192981222080801,2.3778903198262347,6.377303040140645,0.27098536491394043,0.08282188103358123,0.9544793407241838,0.0,ADL,ADL_042
76,15.852880843346952,171.382167116092,1.32502942880208,0.15100090205669403,1.0024141841414103,2.2569450056297464,229.77486521100167,2.7980882022669866,0.9281036079373685,2.5969157558509752,0.31887128949165344,0.10576707124710083,0.033726082394318624,0.331691008383685,4.429747659497871,10.617288507346437,0.5048158764839172,0.137886470208457,0.9119284397591836,1.2765270289500075,ADL,ADL_042
77,17.592489199384147,176.17779067473697,1.3149013570998258,0.14984670281410217,0.9632896250390691,1.6393793709029918,52.188250681115846,2.8252313350534455,0.9634467953682339,2.7219600759311593,0.3219645321369171,0.10979479551315308,0.03535002996846082,0.34101412901074896,0.8142939835937657,3.751329602405522,0.09279727935791016,0.04871842722426578,0.9022639488923103,0.28993472600619796,ADL,ADL_042
78,14.976329065809033,175.963966660395,1.2868665899751186,0.14665184915065765,0.9759819790418632,0.35229559297717206,78.48480400725343,2.665720710920873,0.6776690330816024,1.80647637663535,0.30378663539886475,0.07722744345664978,0.02346066520815171,0.254215229514698,4.78531872397717,27.46451097887428,0.545336902141571,0.3566809428092732,0.8202538571095127,2.4603027534839286,ADL,ADL_042
79,14.676710983480078,174.01926783415865,1.25812939439095,0.14337694644927979,0.944392834997286,1.0686941672206776,8.988542469868648,2.7344771073645746,0.8582349895137374,2.346823931564591,0.31162214279174805,0.09780481457710266,0.030478145893866326,0.313856068907128,2.062691893311044,16.210426647877227,0.23506522178649902,0.2105244205714385,0.918462716758444,0.0,ADL,ADL_042
80,18.723597099016626,173.26944979098639,1.2314828780023008,0.14034029841423035,0.9040209815772228,1.0382028618480361,121.40658346609645,2.7471338953694215,0.8460039474254966,2.324086119588912,0.3130645155906677,0.09641095995903015,0.030182850477205037,0.30795777611318653,0.3797036401454079,0.6821343592703677,0.04327118396759033,0.008858862499838693,0.8959800161165743,0.6744810192560924,ADL,ADL_042
81,19.002586368218374,174.3641414331664,1.2170540664526621,0.13869598507881165,0.8830494647360585,0.4912265800327289,8.369678076052445,2.774735724923526,0.848351564804717,2.353951394158424,0.3162100315093994,0.09667849540710449,0.030570710078961838,0.3057404257707901,0.8280548866231285,0.8959582370853614,0.09436547756195068,0.011635788052704044,0.8944300757321202,0.04649821153362321,ADL,ADL_042
113,18.062718916434246,179.07664503212945,1.4111970810865333,0.1608206033706665,1.0044515143400086,0.13233640378724576,0.8811257360476199,3.2707140268879065,1.0378411870306739,3.39448172810322,0.37273192405700684,0.1182728111743927,0.04408405247266245,0.31731248714777804,0.46497965809160685,0.975497188073246,0.05298927426338196,0.012668758494094323,0.8996515615753653,0.0,ADL,ADL_042
114,18.680807409637843,174.30660442717218,1.4257748252525768,0.162481889128685,1.02393383577447,0.655867076339835,18.542654796107918,3.2724321784063957,1.151263508117208,3.767431749787784,0.372927725315094,0.1311984658241272,0.048927545424621854,0.35180573905449447,0.051544545554675913,11.188500650536929,0.005874037742614746,0.14530478855878215,0.8962177366131231,0.10301474886726614,ADL,ADL_042
115,18.56871032926582,176.22994843483693,1.4401255746670147,0.16411730647087097,1.0198602214360366,0.26039410033980626,3.362912411160721,3.3220412537345374,1.1118799187136394,3.6937109591657147,0.3785811960697174,0.12671029567718506,0.04797013529181626,0.33469692181153404,1.4882722598442522,2.2116237186620813,0.1696041226387024,0.028722303984167752,0.8968404981707454,0.0,ADL,ADL_042
116,18.65574599048643,178.75834070240836,1.4390695783456053,0.16399696469306946,1.0136478091989787,0.29724021269864087,2.611069836618327,3.308997162472631,1.0884908293134685,3.6018130655757488,0.37709468603134155,0.12404486536979675,0.04677665956042354,0.3289479831373277,0.3913227378571893,2.7569368076989775,0.044595301151275635,0.03580427194178171,0.8963569667195198,0.014505943536767818,ADL,ADL_042
117,6.392166026498392,173.85185493850045,1.42764164787278,0.16269463300704956,1.0232171547643605,0.3046070815381907,367.90739891964114,3.194328200855102,0.9094994528345791,2.9052397508517807,0.3640269637107849,0.10364693403244019,0.03773027869376122,0.2847224509235401,3.4400688485258746,20.897199441719042,0.3920316696166992,0.27139142599986954,0.9644879665194535,0.0,ADL,ADL_042
118,17.37437100250349,175.13151941273222,1.4462257971017238,0.16481249034404755,1.0168002380391048,1.0232769108712059,329.46614928015293,3.246760588785011,1.1178916184255163,3.6295264492370585,0.3700021803379059,0.1273953914642334,0.0471365726067674,0.34430890931231833,1.5729716378972736,21.728600951558334,0.17925649881362915,0.2821888173901854,0.9034757166527584,1.830367496000852,ADL,ADL_042
119,19.411201280114973,177.32643086783654,1.4441926511381784,0.1645807921886444,1.0249742719717774,0.014353233804000408,61.10490832834447,3.265018236922504,1.120403205515862,3.6581368987157212,0.37208282947540283,0.12768161296844482,0.04750813582528224,0.3431528135701619,0.5477294441247826,0.8583134843598828,0.06241947412490845,0.011146896555445096,0.8921599928882502,0.33947171293524536,ADL,ADL_042
120,20.33861081344825,174.29511907526742,1.4243785983184498,0.1623227745294571,1.0102376576310792,0.5009431583690255,27.822285999998257,3.284053891265096,1.1475557528311895,3.7686349355289153,0.3742521405220032,0.13077592849731445,0.04894317116887237,0.3494317464241181,0.5710696302777674,3.314941104395821,0.06507933139801025,0.04305106030770389,0.8870077177030653,0.1545682555555472,ADL,ADL_042
121,21.922222770311155,173.02494237514455,1.4304351477997972,0.16301298141479492,0.9987737688882702,0.28371859561135215,47.5083587058872,3.27387050920574,1.2420535633187169,4.066322531803052,0.3730916380882263,0.14154493808746338,0.05280923281414829,0.37938282248815597,0.30550146178068616,8.930627888224096,0.034815073013305664,0.1159818493582776,0.8782098734982713,0.2639353261438204,ADL,ADL_042
122,20.785038229945382,167.63606093011114,1.4806596979527131,0.16873659193515778,1.0192253945241443,0.605154147501869,34.11553621097319,3.3393315590307986,1.3004843137112727,4.3427483108005625,0.38055160641670227,0.14820373058319092,0.05639916775038145,0.38944347794299156,1.963831494751762,8.29277336992532,0.22379904985427856,0.1076980480869949,0.8845275653891923,0.0,ADL,ADL_042
123,21.859691772485252,167.6129296448457,1.495259147838092,0.17040035128593445,1.0262002528422003,0.20083151436551214,32.23960627619611,3.2673961900058557,1.3029441208928418,4.2572346563958,0.37235382199287415,0.14848405122756958,0.05528860397957125,0.39877031921560874,2.1580610707482872,2.565409632142863,0.24593353271484375,0.03331691312430607,0.8785572679306375,0.17910892375664456,ADL,ADL_042
124,22.72541522340995,169.51454778964256,1.444667038787271,0.1646348536014557,0.9715000095137616,1.7937031126584386,25.971703527740928,3.2496144986056006,1.3075452103625984,4.2490178731766095,0.3703274130821228,0.1490083932876587,0.055181892813742195,0.40236824403374927,0.5334507420076529,0.24650349657572512,0.06079226732254028,0.003201334974871628,0.873747693203278,0.144287241820783,ADL,ADL_042
125,23.03565974592863,173.64689052994916,1.4281355183663367,0.16275091469287872,0.961478505048004,0.38687829568722065,9.307335675560395,3.2660846938315444,1.2333819976868166,4.028330064292286,0.37220436334609985,0.1405567228794098,0.05231582555334491,0.3776321802991091,0.4941058567783152,6.620634266529715,0.05630850791931152,0.08598201781191861,0.8720241125226187,0.051707420419780936,ADL,ADL_042
126,23.610254120723727,177.94653766932177,1.3955323511082218,0.15903544425964355,0.9357042709104844,0.9524168902547906,17.237831243852924,3.267676795269073,1.233427501243014,4.030442424458513,0.37238579988479614,0.14056190848350525,0.052343258723963615,0.3774621133912114,0.047763043125859106,0.0633708049868087,0.005443096160888672,0.0008229951185612094,0.8688319215515349,0.09576572913251424,ADL,ADL_042
127,23.97025621674544,179.10196985768002,1.3957662759991334,0.15906210243701935,0.9366378783566041,0.09900553921267186,10.800062880651389,3.2766033377244934,1.1885000619093917,3.8942432697380807,0.37340307235717773,0.13544195890426636,0.050574443580927664,0.3627222329131699,0.2677962736626105,4.085974641612959,0.030518174171447754,0.05306445429107853,0.8668319099069698,0.06000034933695275,ADL,ADL_042
128,23.944091724584545,178.9873576545964,1.3951134045735765,0.15898770093917847,0.9407700719857743,0.04608804153134758,0.7849347648268434,3.33210067783046,1.1030153552399362,3.675358212852397,0.3797275722026825,0.12570008635520935,0.04773178861733118,0.3310261475086372,1.6649202031789923,6.566551706570505,0.18973499536514282,0.08527964890789441,0.8669772681967525,0.0,ADL,ADL_042
129,23.638877208563976,176.1774801830326,1.3925135562750892,0.1586914211511612,0.9389312314374856,0.24704116022807698,9.156435480617091,3.347532921248659,1.113470974092405,3.7273807426291383,0.3814862370491028,0.1268916130065918,0.04840740395897569,0.3326234816874334,0.4629673025459713,1.5606758933022347,0.05275994539260864,0.020268460249335263,0.8686729043968668,0.0,ADL,ADL_042
130,24.147132916918196,179.14158752826972,1.3984155505741798,0.1593640148639679,0.9426558544210599,0.11273506047913849,15.247671250626595,3.315724366378509,1.1452230417893443,3.797243944599042,0.3778613209724426,0.1305100917816162,0.04931471568083623,0.3453905947693956,0.9542566461044899,2.095896059097111,0.10874748229980469,0.027219351655816126,0.8658492615726767,0.0847092847257036,ADL,ADL_042
131,23.609822600557415,174.5490633205885,1.3927812165611126,0.158721923828125,0.9326491255353321,0.9574105132754228,16.119309490823426,3.350979423358578,1.146130236251694,3.840658838168533,0.3818790018558502,0.13061347603797913,0.04987854385830648,0.342027535883595,1.0576517094020677,1.302446807084734,0.12053042650222778,0.016914845324107475,0.8688343188857921,0.0,ADL,ADL_042
132,24.04047213777152,177.19701681018307,1.3971209220974248,0.1592164784669876,0.9487116193583348,0.3227025905673937,12.919486116423151,3.3956246883408383,1.145785821403924,3.890658622710051,0.3869667947292328,0.13057422637939453,0.05052788985628354,0.33742918185416254,1.3393579494678054,1.4999935362455297,0.15263378620147705,0.01948037993931173,0.8664418214568249,0.07177492286901566,ADL,ADL_042
133,24.162666799809955,174.3246813398341,1.4113894251416093,0.16084252297878265,0.9504475538757978,0.07821904401524137,3.665839861153053,3.3946364243243434,1.1578097438570591,3.930343128934812,0.3868541717529297,0.131944477558136,0.051043271583125716,0.3410694419833274,0.029647920494846325,1.1905351867428315,0.0033786892890930176,0.01546145180526537,0.8657629622232781,0.02036577700640474,ADL,ADL_042
134,23.801751341788425,174.6003585664417,1.390875820524018,0.15850478410720825,0.9475036830015766,0.7403703183747562,10.82746374064591,3.4253798298589064,1.193388817539017,4.08780998477732,0.39035770297050476,0.13599908351898193,0.05308828984856362,0.3483951618961546,0.9223021660368902,4.724005675275249,0.1051059365272522,0.0613505479631371,0.8677680481011754,0.0,ADL,ADL_042
135,22.63683260979864,178.9240048241663,1.401668924084951,0.15973477065563202,0.9655011240217334,0.2562281713155241,34.94756195969359,3.4783692440801977,1.2160448812609042,4.229853114399085,0.3963963985443115,0.13858097791671753,0.054933000552935596,0.3496011286290674,1.5896824266387366,4.261293888652951,0.18116086721420288,0.055341321131159305,0.874239818834452,0.0,ADL,ADL_042
136,22.979755223874033,178.47818080034872,1.4219952841839367,0.16205117106437683,0.9778890749244482,0.1225653977059286,10.287678422261841,3.499994678405682,1.1951916998173222,4.183164589035269,0.3988608419895172,0.1362045407295227,0.05432665779817292,0.34148300587024416,0.6487630297645275,1.400655760914482,0.07393330335617065,0.018190282642880362,0.8723346932006998,0.057153769012566746,ADL,ADL_042
137,22.591771954780796,178.99622741918552,1.4362473118026013,0.16367533802986145,1.0054166343063684,0.5680334447177052,11.639498072797103,3.4939291066675024,1.2098213546494876,4.227030044877751,0.398169606924057,0.13787174224853516,0.05489633741703415,0.34626298338197375,0.18196715214538361,1.3159636752744674,0.020737051963806152,0.01709038856583689,0.8744901558067734,0.0,ADL,ADL_042
138,22.70451009175787,173.79778574614411,1.4420226022340041,0.1643334925174713,1.0136195656123732,0.07894082456182132,3.3821441093122573,3.4544019456986903,1.166413577184045,4.029261330513935,0.393665075302124,0.13292497396469116,0.05232791988534302,0.33765920485446,1.1858148290643644,5.933061430914481,0.1351359486579895,0.07705252595073375,0.8738638328235674,0.018789689496179207,ADL,ADL_042
139,21.38637419745769,172.22803545896338,1.4783435930937328,0.16847264766693115,1.029773066547771,0.10683921177528152,39.54407682900541,3.5024999891434487,1.1542060714179752,4.042606752610761,0.39914634823799133,0.13153380155563354,0.05250123656079175,0.32953695455144705,1.442941303342753,0.40036266290478295,0.1644381880760193,0.0051995002634619425,0.8811868100141239,0.0,ADL,ADL_042
140,20.962257440358442,172.21311917598564,1.4999090097976808,0.17093025147914886,1.042329302154009,0.1506285391745864,12.723502712977464,3.572746757809962,1.1562218266545834,4.130887782489275,0.4071516990661621,0.1317635178565979,0.053647740170248426,0.3236218700227415,2.107403059995394,2.648430896355398,0.2401605248451233,0.03439510828370018,0.8835430142202308,0.0,ADL,ADL_042
141,21.36873403927305,174.04032784674652,1.5175505293236726,0.1729406863451004,1.045649884940313,0.03272333325853277,12.194297967438246,3.594674503117999,1.1499391977230482,4.133657114191009,0.409650593996048,0.1310475468635559,0.05368370541438061,0.3199000047460335,0.6578323592411195,0.0830799510520297,0.07496684789657593,0.001078957323965568,0.8812848108929274,0.06774609981910262,ADL,ADL_042
142,21.678854932022453,171.05197597119138,1.5115927016380986,0.17226172983646393,1.0555814283524387,0.2228262074343917,9.303626782482084,3.6154351083610416,1.098415311828943,3.971249281947702,0.41201648116111755,0.1251758635044098,0.05157451880739128,0.30381202067360913,0.6228181572912739,4.872234967299214,0.0709766149520874,0.06327559820967998,0.8795619170443196,0.05168681545823395,ADL,ADL_042
144,20.15829911804099,170.47491484851722,1.4962254446205605,0.17051047086715698,1.1283550827187088,0.5370733742618229,22.80833720972195,3.6315593196510707,1.1560625642078923,4.198309779148886,0.4138540029525757,0.1317453682422638,0.05452334801752201,0.31833701973480966,0.24186316935043584,3.4059074580177606,0.027562826871871948,0.044232438151960984,0.8880094493442168,0.0,ADL,ADL_042
145,8.797177871796071,171.3634649304583,1.4163418595984418,0.16140690445899963,1.1808406888881935,0.8328798326682085,340.83363738734755,3.5745240116485695,1.20662041483422,4.313093645770277,0.4073542356491089,0.13750696182250977,0.05601404332963966,0.33756031539252557,1.7110592400750368,3.443515998641722,0.1949930191040039,0.04472085936352954,0.951126789601133,0.0,ADL,ADL_042
146,19.357615832445063,169.39656475593594,1.3803384783306776,0.15730394423007965,1.1316070178986803,1.5030883746509582,316.81313881946977,3.601993253254444,1.1670448736476118,4.2036877611238825,0.41048464179039,0.13299691677093506,0.05459319173994359,0.3239989496120999,0.8240772481762315,3.2821765393918234,0.09391218423843384,0.042625547690882115,0.8924576898197496,1.7600729934415005,ADL,ADL_042
147,19.355629067262964,170.69544288880985,1.4026557497706462,0.159847229719162,1.15330044604377,0.1774128738052819,0.05960295546298511,3.627921650302184,1.2416560609887164,4.5046309058898935,0.41343945264816284,0.14149963855743408,0.058501533115098425,0.34224913805870383,0.7778519114321991,9.028294342980328,0.08864432573318481,0.117250241254645,0.8924687274040947,0.0,ADL,ADL_042
148,18.973181839250703,170.31057711203337,1.4250119868995428,0.1623949557542801,1.1625150469310954,0.36222792093337025,11.473416840367818,3.6202639771264757,1.2254876537159438,4.436588807161076,0.41256678104400635,0.13965708017349243,0.05761787201718249,0.3385069959173472,0.22973019527124272,2.0412629618645184,0.026180148124694824,0.026509832937477995,0.894593434226385,0.0,ADL,ADL_042
149,18.29622300616136,171.80605999196175,1.4307494884581264,0.16304880380630493,1.160813109323435,0.1282062695862655,20.308764992680324,3.6220849039184455,1.1892955895987745,4.307729601382508,0.41277429461479187,0.13553261756896973,0.05594438061432783,0.32834479034277186,0.05462780375909304,3.865776173357034,0.006225407123565674,0.050204742085639964,0.8983543166324369,0.0,ADL,ADL_042
150,18.348219282377347,171.5263207272212,1.465221570453971,0.16697725653648376,1.1586545670656558,0.28400495419776706,1.5598882864796337,3.644914613395017,1.1878896866210884,4.329756477866432,0.4153759777545929,0.13537240028381348,0.05623044312887515,0.32590251153445554,0.6848912842971444,0.6608062945177196,0.07805049419403076,0.00858187543641975,0.8980654484312369,0.008666046035999964,ADL,ADL_042
151,16.66528383064547,171.29246722764566,1.4337338941094202,0.1633889079093933,1.1539818225706229,0.5878274916635883,50.488063551956266,3.702099769315341,1.154094143130317,4.272571661050933,0.42189282178878784,0.1315210461616516,0.05548778528975262,0.31173968275718156,1.7155546776097141,1.7155445044649742,0.1955053210258484,0.022279735173675874,0.9074150898297474,0.0,ADL,ADL_042
152,16.515305145423227,171.30946249259432,1.446151657686885,0.16480404138565063,1.1780903388851567,0.5834497357397662,4.499360556667327,3.732412198639482,1.1748584095790306,4.385055859586955,0.425347238779068,0.13388735055923462,0.05694861486781555,0.31477114127367445,0.9093728797242306,3.3745259560806495,0.10363250970840454,0.04382488734188783,0.9082483047476487,0.0,ADL,ADL_042
153,17.020576554851186,170.90061033589333,1.4680481519893729,0.16729937493801117,1.2007847145092445,0.6540077068883192,15.15814228283876,3.8350080730420077,1.173322272285331,4.499700386494237,0.4370391070842743,0.1337122917175293,0.05843750057842101,0.3059497047298353,3.077876232075778,3.439335807218473,0.35075604915618896,0.04466657131816376,0.9054412413619379,0.08421190157132386,ADL,ADL_042
154,19.90663792657091,172.9053752766534,1.4866427618059483,0.16941842436790466,1.2068871598188256,0.2836479866448389,86.5818411515917,3.779001040803692,1.1680943321017514,4.414229696769412,0.4306565225124359,0.13311651349067688,0.05732749478887467,0.3091006345693937,1.6802109671494714,2.564120691744769,0.19147753715515137,0.033300173686390266,0.889407567074606,0.481010228619958,ADL,ADL_042
155,16.752796388982738,171.44094874143357,1.5135432089593546,0.17248401045799255,1.2343107671111568,0.8532465967869213,94.61524612764514,3.8097585681315578,1.162807289598053,4.430015034632016,0.4341616630554199,0.13251399993896484,0.05753249859162679,0.30521740171390493,0.9227258198359722,0.4735601358781416,0.10515421628952026,0.006150114082563718,0.9069289089500959,0.0,ADL,ADL_042
156,13.747554525377918,169.16848121455294,1.4877387698750486,0.1695433259010315,1.2217588464973168,0.14867110171402445,90.15725590814459,3.7310923339950657,1.2456878329766234,4.647776324170005,0.4251968264579773,0.14195910096168518,0.06036055921573613,0.3338660080749852,2.359987024094763,6.532838686139657,0.2689450979232788,0.08484181872328023,0.9236246970812338,0.0,ADL,ADL_042
157,21.81584074124588,169.58481754822074,1.486817715134087,0.16943836212158203,1.1939670265203535,0.4752218809563906,242.04858647603882,3.6914869801337074,1.2525669769178502,4.623834687037682,0.4206833839416504,0.1427430510520935,0.060049629750750455,0.3393115040654616,1.1881606158407498,0.71824911396968,0.13540327548980713,0.009327883949570293,0.8788008847708562,1.3447143693113306,ADL,ADL_042
158,19.69126175885267,165.14364967567883,1.5056640328405475,0.17158609628677368,1.2328813278112996,1.1356432356363309,63.7373694717963,3.6664113824926328,1.2739458028899195,4.670809392394317,0.41782575845718384,0.1451793909072876,0.06065968911818942,0.3474631242942873,0.7522679292322376,1.4092411606990485,0.08572876453399658,0.018301781023168928,0.8906041013397075,0.0,ADL,ADL_042
159,17.310527342368633,163.16260016681937,1.4340375126654272,0.16342350840568542,1.1870257728400642,0.17334501279004594,71.42203249452106,3.658984888303583,1.2686333934612148,4.641910415471878,0.41697943210601807,0.14457398653030396,0.06028437880070925,0.34671647731792304,0.2227948256714951,0.8669693076731644,0.025389790534973145,0.011259309524405126,0.9038304036535076,0.0,ADL,ADL_042
160,22.12623953397123,151.47007003587854,1.3912563243991172,0.15854814648628235,1.1083182193824272,0.7053835754674374,144.4713657480779,3.6191342336622636,1.2908284067832394,4.67168127677294,0.4124380350112915,0.14710333943367004,0.060671012259621904,0.3566668693947525,1.1955196392395795,0.8931258390318497,0.13624191284179688,0.011599003767379656,0.8770764470334932,0.8026186986004336,ADL,ADL_042
161,19.72591003605872,157.63688808587378,1.268680858377593,0.14457939565181732,1.0676519004205347,0.15244083598176003,72.00988493737526,3.5848075538344983,1.3408127556926648,4.806555694884715,0.40852615237236023,0.1527995765209198,0.0624226230802174,0.3740255100146871,1.0298003948329582,4.046232543353234,0.11735647916793823,0.05254832461786485,0.8904116109107849,0.0,ADL,ADL_042
162,20.357987839996113,154.14768916462646,1.2084739002051927,0.13771818578243256,1.0803637372677926,0.13964099944105127,18.96233411812176,3.4823879403335654,1.3686496869537894,4.7661691643891855,0.39685437083244324,0.15597188472747803,0.061898124181073655,0.39301946298549933,3.0725884050279895,1.2115959148658728,0.35015344619750977,0.015734966974312314,0.8869000675555772,0.10534630065623274,ADL,ADL_042
163,21.81202070280738,157.683151479185,1.1283716889015738,0.1285897046327591,1.0168562021829337,0.5953669601990593,43.620985884338026,3.4084446615127377,1.366178896155207,4.65654516527158,0.3884277641773224,0.15569031238555908,0.0604744399439916,0.4008207597995616,2.218298364624829,3.288719973528167,0.2527981996536255,0.042710527112461705,0.8788221072066257,0.24233881046854422,ADL,ADL_042
164,26.49450377789658,151.84638895610846,1.1175525646289073,0.12735675275325775,0.9704338141194114,1.5695196439788477,140.47449225267596,3.291012535672323,1.3887387224708834,4.570356544425245,0.37504515051841736,0.158261239528656,0.059355110400256095,0.4219780400622571,3.5229637752124354,2.585658625390055,0.4014784097671509,0.0335798863120651,0.852808312345019,0.7804138458482013,ADL,ADL_042
165,28.070098494219465,150.37776203426546,1.009259854202216,0.1150156706571579,0.9375066301594079,0.38412846871356543,47.26784148968658,2.992758169002799,1.2748773182185131,3.8153995085748362,0.3410559594631195,0.14528554677963257,0.04955050155305152,0.425986166675315,8.947631000085723,22.648711075512256,1.0196757316589355,0.2941382654161373,0.8440550083654474,0.26259911938714575,ADL,ADL_042
166,28.691888488728967,138.93044622244554,1.0202060746146062,0.11626310646533966,0.9158753117533809,1.562513665412588,18.65369983528506,2.9906990023275197,1.2380984151352115,3.7027796949281604,0.3408212959766388,0.14109420776367188,0.04808791074481178,0.4139817418909208,0.061775000258381674,3.378594409400275,0.007039904594421387,0.04387772424719216,0.8406006195070613,0.10363166575158345,ADL,ADL_042
167,29.859857809940138,139.66174268275236,0.9662038139958857,0.11010898649692535,0.9477880802278105,2.1465361183251837,35.039079636335124,2.814077471976568,1.2479112308777185,3.511718881839538,0.3206934332847595,0.14221248030662537,0.04560660856547294,0.44345166472019265,5.2986459105285455,5.731824392658673,0.6038358807563782,0.0744390653801652,0.8341119010558882,0.19466155353519476,ADL,ADL_042
168,30.06932357661599,139.9463216734716,0.9429053394360734,0.10745388269424438,0.9135371089030289,1.291371311281319,6.2839730002755445,2.7591630481163727,1.2264586577628465,3.3839994085416505,0.31443536281585693,0.13976773619651794,0.0439479188409031,0.4445024581281332,1.6474327158058655,3.831584198936624,0.18774211406707764,0.049760691737095186,0.8329482023521334,0.034910961112643024,ADL,ADL_042
169,31.252909449556697,137.7749960453265,0.8969846673068314,0.10222074389457703,0.8786745854738353,1.9833587967130468,35.507576188221215,2.6775246995190543,1.173594770593134,3.1423289854895144,0.30513182282447815,0.13374334573745728,0.04080935087551474,0.4383118947986484,2.4491504579195533,7.250112691564081,0.2791061997413635,0.09415703896165084,0.8263727252802406,0.19726431215678297,ADL,ADL_042
170,33.53935554083104,124.74919055145924,0.850014667480795,0.09686802327632904,0.8594775765670254,1.240171965118484,68.59338273823028,2.5957767762662947,1.175511150247242,3.05136454405387,0.2958157956600189,0.1339617371559143,0.03962799786477511,0.45285372271382457,2.4524376975827877,2.728933243069336,0.27948081493377686,0.035440590322188825,0.8136702469953832,0.38107434854572464,ADL,ADL_042
171,30.50778097906484,123.29548963256465,0.8995741857750323,0.10251584649085999,0.7956449787215147,2.1687426382936033,90.94723685298597,2.55645411978568,1.2123499401947344,3.099316999232752,0.2913345694541931,0.13815990090370178,0.040250755245613945,0.4742294295287715,1.1796796944184385,1.438573655366464,0.13443678617477417,0.018682721425165028,0.8305123278940842,0.0,ADL,ADL_042
172,30.100078678832784,107.41996038694825,0.8569672970501337,0.09766034781932831,0.8019676194007407,0.7694690580189418,12.231069006961697,2.4979151023111377,1.1662935419409726,2.9133022521423033,0.28466343879699707,0.1329112946987152,0.03783498620389736,0.46690515773731167,1.7561705242362713,5.580442412713462,0.20013391971588135,0.0724730712514976,0.8327773406731512,0.0,ADL,ADL_042
173,29.55730071346742,114.3375443568512,0.8851370057552884,0.10087057948112488,0.8001714057470507,3.458690002083572,16.28333896096091,2.4698467305486638,1.1739948880700424,2.899587435980639,0.28146475553512573,0.13378894329071045,0.03765687221662262,0.47532938078506026,0.842051152874217,0.4114444848499277,0.09596049785614014,0.005343419618242251,0.8357927738140699,0.0,ADL,ADL_042
174,34.45347153378535,90.60907996554084,0.8789869647719837,0.10016971826553345,0.7619966680016583,1.6176906500223363,146.88512460953783,2.4471438556971257,1.401630873697441,3.4299923805240864,0.27887752652168274,0.1597304344177246,0.0445452284606489,0.5727598908742284,0.681086245546143,15.91214833630342,0.0776168704032898,0.2066506873207885,0.8085918248123036,0.8160284700529885,ADL,ADL_042
177,25.770798266945736,159.57259688594488,1.0712716560131021,0.12208256125450134,0.9429696720500077,3.348376567641147,86.8267326683961,2.149822311929649,1.7000261967853005,3.6547542487139433,0.2449946403503418,0.19373568892478943,0.04746420543115448,0.7907719853616536,2.9732154376747655,2.247618681898569,0.3388288617134094,0.029189769705055824,0.8568288985169681,0.0,ADL,ADL_042
178,29.89028769879157,96.76007514636811,1.023657676260996,0.11665645241737366,0.8284565731881891,1.1951979761699012,123.58468295537506,2.1867528935336087,1.2731442603626488,2.7840518952337283,0.24920326471328735,0.1450880467891693,0.03615641493073518,0.5822053124014348,1.107917448118787,26.121070604406448,0.1262587308883667,0.33923371501257904,0.8339428461178247,0.6865815719743029,ADL,ADL_042
179,31.36103152565521,131.93487717539227,1.0720886279071298,0.1221756637096405,0.8498489979241797,1.8606561037944538,44.122314805909184,2.3607451551833596,1.4450294981487057,3.4113463868515987,0.26903149485588074,0.16467615962028503,0.04430307338977091,0.6121050905337706,5.219767849492527,18.818834748536112,0.5948469042778015,0.24439975377107181,0.8257720470796932,0.24512397114394346,ADL,ADL_042
180,31.927512143261662,98.79944137989914,0.9662891985424286,0.11011871695518494,0.8062720204537961,0.9209213684695162,16.99441852819355,2.260235906498646,1.3382182684453388,3.024688981072599,0.25757741928100586,0.15250390768051147,0.039281562970614914,0.592067876284841,3.0152774605414034,11.599722173369994,0.34362226724624634,0.15064531257467983,0.8226249325374352,0.09441343626774068,ADL,ADL_042
181,26.78303676776887,134.56157899641238,1.1004033465083274,0.12540242075920105,0.7622490296782705,3.8649151545954243,154.33426126478378,2.2289681640090495,1.829620063320897,4.078164873374501,0.25401413440704346,0.20850425958633423,0.05296302901900418,0.8208340029544032,0.9380322746878988,31.604276769057055,0.10689854621887207,0.41044398145167804,0.8512053512901729,0.0,ADL,ADL_042
182,26.832808849877118,117.46771562492296,1.034059161572471,0.11784180998802185,0.8018214326885892,0.34468943819554954,1.4931624632474438,2.1166745403279643,1.395681414481972,2.954203316442911,0.24121710658073425,0.15905243158340454,0.038366167341179036,0.6593718599236689,3.368808710432556,33.71884670794769,0.3839108347892761,0.4379058503347544,0.8509288397229049,0.008295347018041355,ADL,ADL_042
183,28.579616580378524,104.53109423338702,1.0574660339716158,0.12050926685333252,0.8154483094389209,1.4230844928710764,52.40423191504217,1.9949096390905434,1.085992840987044,2.1664575864683777,0.2273407280445099,0.12376019358634949,0.028135732512850176,0.5443795762919477,3.652947037122627,23.632371899236002,0.41629135608673096,0.3069130448498658,0.825077693246727,0.7755343942853377,ADL,ADL_042
184,29.896100591032308,46.29647778915755,1.004875168139088,0.1145159900188446,0.8062492686756974,0.9736427301327482,39.494520319613535,1.697360316027389,0.9614467310130731,1.6319215271958498,0.19343188405036926,0.10956686735153198,0.021193725581303724,0.5664335094285269,8.926479691894636,16.036081778175838,1.0172653198242188,0.20826020794639355,0.6983814230509184,3.800888105874256,ADL,ADL_042
185,29.820898376041953,91.1509414346109,0.9974290603482289,0.11366742849349976,0.7768981673548996,0.3128918669424129,2.2560664497106586,1.9105784737221618,1.020236802590774,1.9492424731290596,0.217730313539505,0.11626660823822021,0.025314765065882483,0.5339912130605178,6.396544730843188,9.519628377996295,0.7289528846740723,0.12363118453736277,0.7696691903685716,0.0,ADL,ADL_042
186,34.45762818943951,55.53057079623861,0.912792184306314,0.10402217507362366,0.7702757000826831,0.9892630026136253,139.10189440192676,1.7070993846270934,1.0148226639473519,1.7324031451301523,0.19454175233840942,0.11564961075782776,0.022498677934082778,0.5944688731279687,6.104372672852052,6.505179839967221,0.6956568360328674,0.08448261395399115,0.6954810147180317,2.225645269516198,ADL,ADL_042
187,30.626925544532387,66.00408718561138,0.9684770304455764,0.1103680431842804,0.733951571046665,1.2031924802673466,114.92107934721372,1.6087384791272183,1.1187849526092544,1.7998324031310293,0.18333250284194946,0.12749719619750977,0.023374380084220547,0.6954386089891285,2.9508271649962525,2.022877740026312,0.33627748489379883,0.02627106450413308,0.7318222439612891,0.0,ADL,ADL_042
188,30.283645738150724,62.97085156915843,0.9834314865237026,0.11207225918769836,0.7612444209936013,0.46624669676848335,10.29839419144988,1.654783109219895,1.1474820056883868,1.89883384114691,0.1885797679424286,0.13076752424240112,0.02466010937603791,0.6934298002345757,1.3813389027803002,2.970043140476417,0.15741795301437378,0.03857187875452084,0.7558401845242444,0.0,ADL,ADL_042
189,31.215862798569393,90.21979041859377,0.9809363748588767,0.11178791522979736,0.7510797372346364,0.11044026906745764,27.966511812560064,1.7127222119937657,1.3943816864687466,2.388188486412349,0.19518253207206726,0.1589043140411377,0.031015346371724206,0.8141276692465312,1.7381730832161213,14.680639357963175,0.19808292388916016,0.19065710987058893,0.8265785400079478,0.0,ADL,ADL_042
191,28.70678708340055,157.2763694148083,1.0703032671131074,0.12197220325469971,0.8079640205032064,1.2400817425501616,37.63613572753267,1.934000775488063,1.7671091607226381,3.4175904872096425,0.22039952874183655,0.20138049125671387,0.04438416537077927,0.9137023962977804,3.3191784524144596,15.441030011959402,0.3782549500465393,0.20053228498582598,0.8405178495366636,0.0,ADL,ADL_042
192,28.15378397242089,120.35674181292343,1.000579789342865,0.11402648687362671,0.8244300314940979,1.8140934130993225,16.590093329389788,1.9214501624476772,1.4110127132295265,2.7111906070506113,0.21896925568580627,0.16079959273338318,0.0352101671354097,0.7343444534499224,0.3765183912115755,21.191996404770936,0.0429081916809082,0.2752199470610872,0.8435900890421062,0.0,ADL,ADL_042
193,31.128103998229673,139.0106265878222,1.0864201559917945,0.12380889058113098,0.8388691728740227,2.3876578935272326,89.2296007742635,1.8333571082522837,1.5401892023186223,2.823716822124261,0.2089301347732544,0.17552059888839722,0.036671542381235156,0.840088285926765,2.6427916258618045,3.375786452209484,0.3011736273765564,0.04384125737476374,0.827066088898724,0.49572000430146534,ADL,ADL_042
196,36.0572175709015,163.97442470709808,0.9612469337893097,0.10954409837722778,0.7650918251245015,1.547701473326251,49.291135726718274,1.9315480292031453,1.7300922792707176,3.3417563323649326,0.22012001276016235,0.19716203212738037,0.04339930902769851,0.8956983690703012,0.9819092095086157,5.1803951024067185,0.11189877986907959,0.06727766646463351,0.7996821246061028,0.27383964292621243,ADL,ADL_042
198,37.8208422191511,92.98599293363765,1.0038238790821128,0.11439618468284607,0.7633949870533115,0.44269076099558846,26.45436972374405,2.015627617438987,1.4291979217976705,2.88073080196179,0.22970175743103027,0.16287198662757874,0.0374119815646381,0.7090554264525192,1.261193823537624,6.9153829560471385,0.1437261700630188,0.08980991194590615,0.789884209893605,0.14696872068746702,ADL,ADL_042
199,36.84182601909347,80.75532577425508,1.0094176783181075,0.11503365635871887,0.7632588686567555,0.6015177857264363,29.370486001729077,2.0179974635669247,1.5208161940249108,3.069003222093774,0.22997182607650757,0.17331284284591675,0.039857070951786255,0.7536231380148317,0.07109538383813341,5.648172603959516,0.008102059364318848,0.07335268161444475,0.795323188782814,0.0,ADL,ADL_042
200,36.273487372045345,60.68421349590935,0.9710660258843958,0.11066308617591858,0.7612489975006902,1.8070638982108918,17.050159411443673,2.038038641895604,1.1860266559639014,2.4171681551726545,0.2322557270526886,0.13516008853912354,0.0313917046321599,0.5819426212290583,0.6012353498603806,19.555052007633584,0.06851702928543091,0.25396098958879065,0.7984806257108592,0.0,ADL,ADL_042
201,34.32473414246149,51.40553568482428,0.963266088716898,0.10977420210838318,0.7635233907664895,1.1209722614830209,58.46259688751573,1.9339795927981092,1.2351935099499178,2.3888390413998093,0.22039711475372314,0.14076316356658936,0.031023795113682695,0.6386768041272979,3.121771472924846,0.8498734131853558,0.3557583689689636,0.011037285554316156,0.8093070325418806,0.0,ADL,ADL_042
202,32.65305355643049,65.84662653794372,1.0202472631784056,0.11626780033111572,0.7465276817694031,1.0098572845133253,50.15041758092984,2.140142345650063,1.0989833217373386,2.3519807440132454,0.24389150738716125,0.12524059414863586,0.03054511729297449,0.5135073458809692,6.184882585558609,1.1057489215969163,0.7048317790031433,0.014360334621246196,0.8185941469087195,0.0,ADL,ADL_042
203,29.6830671513205,88.10339638072789,1.0828810776813356,0.1234055757522583,0.8159640164091584,0.41763634604446775,89.09959215329977,2.1111529191466274,1.1618794354751307,2.452905161899758,0.24058786034584045,0.1324082612991333,0.031855820278071434,0.5503507565096728,0.8696827951030617,3.0277325365953756,0.09910941123962402,0.03932108955290836,0.8350940713815528,0.0,ADL,ADL_042
204,32.53281808362233,74.46030344812787,1.066003442567141,0.12148219347000122,0.8004497881353965,1.9795459125213313,85.49252796905492,2.2173702489872107,1.1288765430121437,2.503137261254659,0.25269243121147156,0.12864723801612854,0.03250818334293637,0.5091040055903453,3.186519895217499,1.5069629806470308,0.3631371259689331,0.019570891945948077,0.8192621217576537,0.4749584887169733,ADL,ADL_042
205,30.880248356358443,153.39914459428448,1.1042049855683393,0.12583565711975098,0.804047968765974,0.48848067577943555,49.57709181791664,2.2147347039334306,1.3843818877223246,3.066038610235507,0.25239208340644836,0.157764732837677,0.03981856960896302,0.6250755001222285,0.07906635161340159,16.887040469425436,0.0090104341506958,0.21931158798079942,0.8284430646868975,0.0,ADL,ADL_042
206,31.11196178572543,87.54813104846956,1.0049928497499434,0.11452940106391907,0.8273376825836447,3.145221495247967,6.951402881009621,2.3599909468151217,1.0919585141133419,2.5770122076051787,0.2689455449581146,0.12444004416465759,0.03346759549247569,0.4626943401858452,4.357687286450731,14.670792078909844,0.4966038465499878,0.19052922349461987,0.8271557678570809,0.038618904894499595,ADL,ADL_042
207,32.707865899172276,94.3481221849015,0.9868834804421286,0.11246564984321594,0.8257199527064188,1.7637649108568176,47.87712340340537,2.385135322819874,1.078885133206067,2.573287040475015,0.27181100845336914,0.12295019626617432,0.0334192168366485,0.452335409924566,0.7543312801425683,0.1117550139049106,0.0859639048576355,0.0014513596748155777,0.8182896338934873,0.26598401890780776,ADL,ADL_042
208,33.19297203042015,99.47217191473383,0.9761650393254161,0.11124417185783386,0.8301362820471322,1.5182732251716704,14.553183937436245,2.42153162991055,1.0786173421626981,2.611906010617024,0.27595874667167664,0.12291967868804932,0.03392076047203929,0.4454261180138462,1.0918892127202762,1.1585691042602697,0.12443214654922485,0.015046309061723662,0.8155945998309991,0.08085102187464499,ADL,ADL_042
209,28.61542242730956,101.31290721108951,1.0302114959268802,0.11740332841873169,0.8769066154067505,0.6374499042409605,137.32648809331772,2.399075624927117,1.0915691187387557,2.618756865689323,0.2733996510505676,0.12439566850662231,0.034009732361912626,0.4549940463880401,0.6736801495029843,0.20552565216897634,0.07677286863327026,0.002669156696200048,0.8410254309593913,0.0,ADL,ADL_042
210,29.94438816639186,79.0482402245114,0.9703251547653882,0.11057865619659424,0.8454440444725155,3.165352896144969,39.868972172468986,2.469827116946855,1.0453110926583948,2.5817376822930496,0.28146252036094666,0.11912408471107483,0.03352896511847003,0.4232309912073544,2.1225447605921355,1.110575501888209,0.24188607931137085,0.014423017303277774,0.8336422879644897,0.22149428984704844,ADL,ADL_042
211,29.46215268350869,120.09308080917293,0.957778464445364,0.10914883017539978,0.8899779041964991,2.035146550930159,14.467064486495076,2.4737161019135905,1.2712108822536394,3.144614828358609,0.2819057106971741,0.14486771821975708,0.04083903706181857,0.5138853128451237,0.1166695490020686,16.886314381966784,0.01329571008682251,0.21930215830045618,0.8363213739805073,0.0,ADL,ADL_042
212,30.143304014114303,147.04909421956705,0.9660686109007474,0.11009357869625092,0.9012181978786826,1.409861002531288,20.434539918168362,2.576708955616735,1.3519263455071606,3.4835207218025053,0.2936428189277649,0.1540660858154297,0.04524039974000971,0.5246699432598283,3.089785611094338,10.167176803316886,0.3521132469177246,0.13204088034573402,0.8325371999215871,0.11352522176760527,ADL,ADL_042
213,26.13995137165298,150.87839484489993,1.0153001897727343,0.11570402979850769,0.8702790485980636,1.9170373635552893,120.10057927383968,2.8237433164628514,1.3068323213155053,3.6901590330522915,0.32179495692253113,0.14892715215682983,0.047924006512902295,0.46279994808226393,7.411030825383489,6.199149337493588,0.8445641398429871,0.08050820318677765,0.8547780479352612,0.0,ADL,ADL_042
214,25.130312964999735,147.5196625343819,1.0047603631898312,0.1145029067993164,0.9404522008791193,1.2944506467653696,30.289152199597353,2.82783523682964,1.293470489704289,3.657721428585079,0.3222612738609314,0.14740443229675293,0.04750274012469902,0.457405176630646,0.12275761100366545,0.9731281340163767,0.013989508152008057,0.012637991646098357,0.8603871501944459,0.0,ADL,ADL_042
215,24.162205581544857,139.63641298920695,1.0390840355986524,0.11841444671154022,0.9607110901878813,1.039932781527611,29.04322150364635,2.935451670265949,1.2716591184336532,3.7328938832149916,0.33452528715133667,0.1449187994003296,0.04847900298302221,0.43320601389621033,3.2284930030892633,2.2551736388973787,0.3679203987121582,0.029287885749695874,0.8657655245469731,0.0,ADL,ADL_042
216,24.540158811520644,146.85160883534832,1.0071456386845254,0.11477473378181458,0.9139893985607499,3.2342476338600985,11.338596899273625,3.0058979746415346,1.261574065898034,3.792162929543186,0.34255337715148926,0.1437695026397705,0.04924872866064334,0.41969833763411735,2.113389131267569,1.7780713898458256,0.24084270000457764,0.023091770328633743,0.8636657843804408,0.06299220499596747,ADL,ADL_042
217,23.796717684122104,145.1507046959386,1.1027067679048044,0.12566491961479187,0.8854458546051112,0.5550100131163711,22.303233821956212,3.0888676945296645,1.2219959095645176,3.774583687901232,0.3520086407661438,0.13925915956497192,0.0490204274727013,0.3956117771714332,2.4890915966438953,0.5273772492586071,0.28365790843963623,0.006849035638261114,0.8677960128659883,0.0,ADL,ADL_042
218,22.308041091645954,145.83561678051632,1.167919117258922,0.13309654593467712,0.9609200404258224,0.7884511018499224,44.660297774284494,3.0285603147160005,1.1708988156457816,3.5461376856127806,0.34513598680496216,0.13343611359596252,0.04605360474136155,0.38661783204176736,1.809221394409919,6.853380068653547,0.20617961883544922,0.0890046819401924,0.8760664383797447,0.0,ADL,ADL_042
219,25.01201615930794,145.58855351648563,1.1514500988490866,0.13121972978115082,0.9260875911860695,3.0317960359851437,81.11925202985958,3.074761853623151,1.2665083250838565,3.894211485263991,0.3504011332988739,0.14433181285858154,0.05057403079672795,0.41190335087222313,1.386046167214512,10.442213989536313,0.1579543948173523,0.135612781660992,0.8610443546705114,0.4506625112769991,ADL,ADL_042
220,28.73984903272469,152.1383090213931,1.1686049395355185,0.13317470252513885,0.9374373287663487,2.2810540449736623,111.83498620250245,3.18741427546,1.3174155593370793,4.199149160544128,0.363239049911499,0.15013322234153748,0.05453424904349191,0.41331682004260384,3.379572655105476,9.148130258404095,0.38513749837875366,0.11880654740291874,0.8403341720404184,0.6213054789027916,ADL,ADL_042
221,29.66740105074663,150.0819518961986,1.2012653785109162,0.13689669966697693,0.9806653148818731,0.6324562812203285,27.82656054065825,3.2066144225430993,1.3026865289224139,4.177213411695221,0.3654271066188812,0.1484546959400177,0.05424937000134644,0.4062487073410769,0.5760044124929742,0.6580724654671943,0.06564170122146606,0.008546371264364083,0.8351811052736298,0.1545920030036585,ADL,ADL_042
222,26.706260088259523,152.22066359789264,1.2068425715640458,0.1375322788953781,0.9772367265282729,1.1621647480027826,88.83422887461322,3.4322806795194687,1.291000483449779,4.431076016594971,0.39114412665367126,0.14712294936180115,0.05754627753883401,0.3761339189381417,6.769987709291083,7.61587814699249,0.7715106010437012,0.0989072261246271,0.8516318883985582,0.0,ADL,ADL_042
223,28.741219985611,157.49080451459375,1.261708222934409,0.1437847912311554,0.9885064406131703,1.4600796686036612,61.04879692054432,3.4483706323850045,1.2861433710977395,4.435099029930093,0.3929777443408966,0.14656943082809448,0.05759852431615364,0.37297037801349925,0.48269858596607484,0.12069040005367349,0.055008530616760254,0.0015674033195889336,0.8403265556354944,0.3391599828919134,ADL,ADL_042
224,27.068911091883223,158.46524162974498,1.2331237519296616,0.14052729308605194,0.9861960890773874,0.9494199318983392,50.16926681183332,3.5218144181464233,1.2576309473903047,4.429142803226321,0.40134742856025696,0.14332014322280884,0.057521170943362065,0.35709656005614904,2.2033135728425624,0.1786868011131748,0.25109052658081055,0.0023206011837473284,0.8496171606006487,0.0,ADL,ADL_042
225,28.49287454014205,168.5167113447078,1.2876805544502021,0.14674460887908936,0.9817557003851214,0.962294300125923,42.71890344776484,3.5011728020876904,1.2989989102675863,4.548019654570422,0.3989951014518738,0.1480344533920288,0.059065021749525215,0.3710172927839609,0.6192484817619848,3.566305540323036,0.07056981325149536,0.046315524184894485,0.8417062525547664,0.23732724137647043,ADL,ADL_042
226,29.374356338649836,165.79286182881233,1.3181755210285147,0.15021982789039612,1.0297044189414386,0.14191617725092287,26.444453955233556,3.5096126657035507,1.2568848459774813,4.411178974773425,0.39995691180229187,0.14323511719703674,0.057287875135766164,0.3581254751320961,0.2531959084758073,4.105220393909903,0.028854310512542725,0.053314398412771524,0.8368091314519454,0.146913633084631,ADL,ADL_042
227,27.084395190043615,165.32213991023056,1.3848426766074964,0.15781724452972412,1.0647454261470963,0.7503850234585532,68.69883445818662,3.5322467621914115,1.208958617684572,4.270340162939734,0.4025363028049469,0.13777342438697815,0.05545880487751109,0.34226250195186886,0.6790228946358257,4.225164355010742,0.07738173007965088,0.054872107747652166,0.849531137833091,0.0,ADL,ADL_042
228,29.65228513335047,171.15418538634862,1.40821777497171,0.16048108041286469,1.0532220428121328,0.9085216494057159,77.03669829920568,3.6151837927431925,1.186317198785369,4.2887547101013705,0.411987841129303,0.13519319891929626,0.055697954158125285,0.32814772009047155,2.4881109165534276,0.5524364148491046,0.2835461497306824,0.007174478418425778,0.8352650825924974,0.42798165721780634,ADL,ADL_042
229,28.558153032826716,175.65765558349804,1.3864362163758241,0.15799884498119354,1.0296938275964616,1.0002858468304172,32.82396301571264,3.637850317052711,1.0951445475912345,3.9839719396733204,0.4145709276199341,0.12480312585830688,0.05173974765694567,0.30104094740520465,0.6799957292855563,9.143483112841505,0.0774925947189331,0.11874619503538852,0.8413435942620738,0.0,ADL,ADL_042
230,14.995654547281472,175.15647746357794,1.3430883257745725,0.15305890142917633,1.0895549325902925,0.67010262853298,406.87495456635736,3.6394042373453845,1.103676464378253,4.016724801116586,0.41474801301956177,0.12577542662620544,0.05216510827990639,0.3032567231697625,0.046617608780206155,0.9825858432979784,0.005312561988830566,0.012760818688821729,0.9166908080706585,0.0,ADL,ADL_042
231,24.006641981459076,172.777235731626,1.3869720599772526,0.15805990993976593,1.093648160530535,0.745034432884993,270.32962302532815,3.6798260400713882,1.0581394343003996,3.8937690443650186,0.41935449838638306,0.12058600783348083,0.05056828482742581,0.28755079711003595,1.2126540817801112,3.6886727025470334,0.13819456100463867,0.04790470357441734,0.8666297667696718,1.5018312390295996,ADL,ADL_042
232,15.050092907031818,173.9628987687594,1.39159498592369,0.15858674049377441,1.1536995174619153,0.884145865077195,268.69647223281777,3.6687221263004517,1.1064417207186648,4.0592272222625105,0.4180890917778015,0.12609055638313293,0.05271708619998172,0.30158704753554677,0.33311741312809673,4.963745336924759,0.03796219825744629,0.06446404117667726,0.9163883727387121,0.0,ADL,ADL_042
233,14.01944966391784,173.0184795414095,1.426522495753545,0.16256709396839142,1.1746043480569281,0.4193898020462136,30.919297293419348,3.6396568605366872,1.0863770060678142,3.9540395232640266,0.4147768020629883,0.12380397319793701,0.051351016085732226,0.2984826395775541,0.8719579729129334,3.155630969954517,0.09936869144439697,0.04098210342748487,0.9221141685337898,0.0,ADL,ADL_042
234,24.12326500435475,177.42013520964875,1.4800013347186496,0.16866156458854675,1.1065518184034873,1.2033768481243534,303.1144602131073,3.677205924384365,1.0190042838530815,3.7470885895575985,0.41905590891838074,0.116126149892807,0.04866334929252236,0.2771130780125732,1.1264719154303293,6.208528011192844,0.12837320566177368,0.08063000379629592,0.8659818610869181,1.683969223406151,ADL,ADL_042
235,12.23423752601676,176.7267058266275,1.46596126475687,0.16706155240535736,1.1098483418382386,0.9362866641268733,356.6708243501397,3.6719426797175285,1.0413849726055668,3.8239059269268507,0.418456107378006,0.11867666244506836,0.049660974203376895,0.283605321435881,0.15789734000509092,2.3045201210775668,0.017994046211242676,0.029928747325635996,0.9320320137443514,0.0,ADL,ADL_042
236,13.179876367945136,176.04303689174947,1.4331930817288667,0.16332727670669556,1.106774890434731,0.4429025878951282,28.369165257851297,3.5605570350428657,1.1086185690047994,3.9472996450491933,0.40576255321502686,0.1263386309146881,0.05126348544963477,0.31136022423319354,3.341569340239885,3.701811543670277,0.3808066248893738,0.04807533738773628,0.926778464622527,0.15760647365473224,ADL,ADL_042
237,24.437246938728084,178.9789494392648,1.4437578829647402,0.16453124582767487,1.0816063243210805,0.9530209891905151,337.72111712348845,3.6471798536466387,1.0269535459090202,3.7454842832703577,0.4156341254711151,0.11703205108642578,0.04864251420539745,0.2815740150781819,2.598684558113189,6.054460853365069,0.2961471676826477,0.07862913732711974,0.8642375170070662,1.8762284284638242,ADL,ADL_042
238,26.035231559653667,178.575639133647,1.5569573935347214,0.17743150889873505,1.0665141807582534,0.003153867170925479,47.9395386277675,3.6784758397228403,1.2430703324365078,4.572604184943934,0.4192006289958954,0.14166080951690674,0.05938430045355503,0.3379300072287978,0.9388795822860496,24.813597050207292,0.1069951057434082,0.32225358744472743,0.8553598246685907,0.2663307701542639,ADL,ADL_042
239,25.9427405436112,174.72379573664182,1.5741509383953902,0.17939089238643646,1.0532583933541526,0.1843835478882851,2.774730481273977,3.7720362508012317,1.3125618466760198,4.951030867080555,0.4298628121614456,0.14958009123802185,0.06429891866294168,0.34797088521106656,2.8068123323517424,11.352800464098634,0.31986549496650696,0.1474385462815997,0.8558736636466044,0.0,ADL,ADL_042
240,26.175291590126218,173.50451896745443,1.5620582375785772,0.17801280319690704,1.0540145630825715,0.2856211149868483,6.9765313954505,3.7342718296056887,1.288245687696999,4.8106595811779105,0.4255591630935669,0.14680901169776917,0.06247592015269632,0.3449782767037116,1.1329326358662906,4.211138577079341,0.1291094720363617,0.05468995530736098,0.8545817133881877,0.038758507752503224,ADL,ADL_042
241,26.64975671124959,171.4228812710739,1.5323186561846112,0.17462366819381714,1.0488891366577813,0.05023043423345866,14.23395363370119,3.709683041561519,1.1316015260901737,4.197882991141853,0.42275701463222504,0.12895777821540833,0.05451780533195061,0.30503922752971135,0.7376636413250859,18.383297701081727,0.08406445384025574,0.2387434446223713,0.8519457960486134,0.07907752018722736,ADL,ADL_042
242,25.914479685646548,173.71480326631132,1.5230735888358087,0.17357009649276733,1.045088282141842,0.01791898661291989,22.058310768091296,3.6914250011519902,1.0862833838085115,4.009933641326723,0.4206763207912445,0.12379330396652222,0.05207691165122874,0.29427139959359255,0.5477412122858683,5.63848049445391,0.062420815229415894,0.07322681042165602,0.8560306684130747,0.0,ADL,ADL_042
243,14.369509948193173,170.87045376141734,1.5142438068159805,0.1725638508796692,1.0403623194072331,0.6413020156362949,346.3490921236012,3.4936061360243773,0.9627480281144434,3.363462418465989,0.3981328010559082,0.10971516370773315,0.043681205445267324,0.27557359715942914,5.934565953828388,19.394136685822005,0.6763055920600891,0.2518711861788425,0.9201693891767047,0.0,ADL,ADL_042
244,26.270312249426443,166.59364955562359,1.49732942888773,0.17063628137111664,1.0377802541077197,0.7097574086708975,357.0240690369981,3.5094568029478403,0.9938368945555396,3.487827650618494,0.3999391496181488,0.11325806379318237,0.04529633372084341,0.2831875316877235,0.47552000770389125,3.730956964575145,0.05419045686721802,0.048453848267282495,0.8540538208365198,1.9834670502055451,ADL,ADL_042
245,26.09324044780954,172.85389406223715,1.5445955941010856,0.1760227531194687,1.0326434517938803,0.08638614780860808,5.312154048507125,3.5563453409476953,1.1471723722944918,4.079741121473431,0.405282586812973,0.1307322382926941,0.05298349971511307,0.32256978211413073,1.4066561399956479,17.7574041256481,0.16030311584472656,0.23061497982808987,0.8550375530677248,0.0,ADL,ADL_042
246,25.192278001249278,172.14499590879345,1.5580934133515125,0.1775609701871872,1.0397531209350384,0.08527994066656706,27.028873396807818,3.5891490899736462,1.2425734545240072,4.45978138353025,0.40902091562747955,0.14160418510437012,0.05791907344807257,0.34620195078578,0.9841124707785287,11.401207861704572,0.11214986443519592,0.14806721198878492,0.8600428999930596,0.0,ADL,ADL_042
247,24.14605040706837,176.88803901272632,1.5717429111225973,0.17911647260189056,1.0302807973199395,0.5160181727196058,31.386827825427268,3.760883433783117,1.1331091582825772,4.261491462052877,0.4285918325185776,0.1291295886039734,0.055343887012146986,0.3012873263539147,5.152030314284128,5.948697644321177,0.5871275067329407,0.07725559307776741,0.8658552755162868,0.0,ADL,ADL_042
248,23.785125759277715,178.37123704555282,1.6078019950195,0.18322578072547913,1.040920784029415,0.277442243032396,10.827739433719614,3.8611260682405706,1.2730658059554119,4.915467569960132,0.4400155246257782,0.145079106092453,0.06383705897950964,0.32971285843375714,3.007279033723602,19.619283237217644,0.3427107632160187,0.2547951590208797,0.8678604124484571,0.0,ADL,ADL_042
249,23.417944659852875,177.65475431291927,1.6391161563667118,0.18679435551166534,1.0479584058732603,0.16327931234154497,11.01543298274521,3.845319989571887,1.227988518703967,4.722008797937136,0.4382142573595047,0.13994207978248596,0.06132461456522664,0.31934552125299404,0.4741823600605066,5.80376316068989,0.054038017988204956,0.07537333242848998,0.8699003074452618,0.0,ADL,ADL_042
73,6.1618593177524446,163.51366992673908,1.4370018588627425,0.15279896557331085,1.2034628246484194,0.0,0.0,2.7281109971391313,0.7172600743291468,1.9567650965861765,0.2900848984718323,0.0762675404548645,0.02212406172954573,0.2629136433609515,0.0,0.0,0.0,0.0,0.8058594504203513,0.0,ADL,ADL_043
84,17.871675708832875,177.737162804869,1.5220470644041586,0.1618419736623764,1.059844549633143,0.07483082629008551,31.935862884764813,3.320057668941854,1.0125310367738083,3.3616614336825292,0.3530276417732239,0.10766422748565674,0.03800844833259731,0.3049730666182529,1.6144000140074262,3.831535464808235,0.17166202718561346,0.043321054371958864,0.9007129127287062,0.0,ADL,ADL_043
85,19.867137527124232,178.3256243528672,1.421333269188622,0.15113289654254913,0.9697512801138257,2.6306968997311473,59.86385454874071,3.107970314073964,0.9709163904328604,3.0175793189131768,0.3304760158061981,0.1032392680644989,0.034118101984703664,0.312394699560715,6.362620646036703,10.322463443080574,0.6765487790107727,0.11671039043680942,0.8896270137381987,0.33257696971522477,ADL,ADL_043
88,17.627953894953272,178.92468271562214,1.378940854953683,0.14662523567676544,0.9578767963787896,0.2155299938019059,22.391836321709597,3.0783590787585875,1.1754738309800414,3.6185305394405485,0.3273274004459381,0.12499022483825684,0.040912725377459935,0.3818496185114874,0.2961123531537657,6.009512205273717,0.0314861536026001,0.06794623392756272,0.9020669228058151,0.0,ADL,ADL_043
89,18.141969738435407,178.91148501855326,1.39698871369162,0.1485442966222763,0.9758049769579035,0.5304881535113348,15.420475304464034,3.1786653516253445,1.1276258304184217,3.584345156748794,0.33799314498901367,0.11990246176719666,0.04052621014461977,0.3547471562594495,3.009188186002709,1.0255614807526392,0.31997233629226685,0.011595456985205033,0.8992112792309144,0.08566930724702271,ADL,ADL_043
90,11.440661683892884,173.9424950302618,1.3235681251906475,0.1407373547554016,0.964711484299122,0.7691451807448384,201.03924163627568,2.7248631505245116,0.7235009960212196,1.9714412034260027,0.28973954916000366,0.07693114876747131,0.02228999636024831,0.2655173705941572,13.614066033024988,48.38711859968373,1.4476078748703003,0.5470864135311437,0.7790835246913874,3.6038326361858086,ADL,ADL_043
91,17.67444089312084,176.82115244753712,1.467472562735569,0.15603896975517273,0.982788631954148,0.6481371088921435,187.01337627683864,2.9273852215415435,0.8739316769577032,2.5583346757629988,0.31127408146858215,0.09292671084403992,0.028925676561875058,0.29853565664689824,6.075662130510957,17.606804170109882,0.6460359692573547,0.19907040604880244,0.8464553715522445,0.0,ADL,ADL_043
92,17.772595891345667,173.9354368248494,1.4546557886727498,0.1546761393547058,0.9232319313365177,2.603235386847091,2.944649946744846,3.134590436248917,0.8629577223193857,2.7050190232694953,0.33330658078193665,0.0917598307132721,0.030584155428170057,0.27530076123082575,6.216156441221212,4.400530425194895,0.6609749794006348,0.04975436598884997,0.8714042725006323,0.0,ADL,ADL_043
93,18.033445985468475,173.55953930253054,1.4240363980007296,0.15142032504081726,0.9499278683638404,0.4565539579236097,7.8255028236842605,3.091784053300672,0.8849431886763073,2.7360532388264547,0.32875490188598633,0.09409758448600769,0.030935042155405768,0.2862232554493913,1.284191488447357,0.931026466708782,0.13655036687850952,0.010526601817071324,0.8753489507570172,0.0,ADL,ADL_043
95,19.652212859090305,177.76521775645884,1.4871967565271855,0.1581362783908844,1.0342809305487841,0.37221869331029417,24.28150310432745,3.3604730112041037,1.0441655897204363,3.508890283483543,0.35732507705688477,0.11102798581123352,0.039673083585469726,0.3107189565500375,4.030334368551476,11.592555669856324,0.42855262756347656,0.13107062145095938,0.8908210396717205,0.0,ADL,ADL_043
97,11.3242544913212,178.355982961943,1.3753900292063048,0.14624767005443573,1.0076027910930898,0.16226130136506572,124.91937551653658,3.0983296357858143,0.8497732252018217,2.6328775673400973,0.32945090532302856,0.09035789966583252,0.029768491847995904,0.27426734587325075,3.9321506312743404,13.140190742151685,0.418112576007843,0.14856887606210734,0.8946899767222961,0.0,ADL,ADL_043
98,18.440223939126398,177.7622440837544,1.4112246689188443,0.15005803108215332,0.9785710278933265,1.669623827653952,213.4790834341559,3.1466123455379136,0.8919621585390898,2.8066591398117455,0.33458489179611206,0.09484392404556274,0.03173334406430328,0.28346659668291746,1.4484812925629775,5.213447174149448,0.15401959419250488,0.058945566489221335,0.8853606035670869,0.27988119465627626,ADL,ADL_043
99,17.062610010462446,178.7567544328741,1.3846887698978168,0.1472364217042923,1.003753330502091,0.4114308076197854,41.32841785991854,3.128622223803999,0.8526525079315412,2.6676275854968354,0.33267197012901306,0.09066405892372131,0.030161391102047297,0.27253208725843014,0.5397036520174403,4.170946629447303,0.05738765001296997,0.04715858886767954,0.8688498876034051,0.4953214789104543,ADL,ADL_043
100,11.819565426875961,169.05612529061372,1.3019168888206032,0.13843514025211334,1.0182740468753675,0.9045146316563112,157.29133750759456,2.926282332654028,0.7988489073773382,2.3376574441182787,0.3111568093299866,0.084943026304245,0.026430601039661994,0.27299017976489837,6.070196734499129,9.899104241356703,0.6454548239707947,0.11192370187155909,0.8406280521985801,0.8466550621447511,ADL,ADL_043
101,22.68314614842642,172.99166487746677,1.382157590852543,0.14696727693080902,0.9857849302138644,0.45004593251875363,325.9074216465138,3.0516240431290265,0.9048417145868654,2.7612367314593707,0.32448461651802063,0.0962134301662445,0.031219777991377207,0.29651061639862,3.760251314249956,12.70737862023276,0.39983421564102173,0.14367530855145638,0.8538942543638881,0.0,ADL,ADL_043
102,9.40527467329584,170.77436696837114,1.4374643154483588,0.15284813940525055,1.026976498848153,1.8308151726459325,398.3361442539174,3.0493686563748112,0.8088791703042797,2.4665707887203334,0.32424479722976685,0.08600956201553345,0.0278881529955477,0.26526037577161077,0.06766160262645649,8.839978282171117,0.007194578647613525,0.09994874987488522,0.8764463282314033,0.0,ADL,ADL_043
103,19.609099306421037,178.62717846156275,1.4499029962178467,0.15417076647281647,0.995734473445862,1.0242656624262854,306.1147389937559,3.2942307298804123,0.9278339349168379,3.05649906062891,0.35028141736984253,0.0986582338809967,0.034558145999040946,0.2816534001957321,7.345862205168032,17.697848157257297,0.7810986042022705,0.2000997901047974,0.891060559408772,0.0,ADL,ADL_043
104,20.084342838260852,178.99506670078608,1.4679700539110048,0.1560918688774109,0.9952319372894921,0.07635999058682201,14.257305955194468,3.314065913252577,0.9689953738038818,3.211314538422884,0.3523905277252197,0.10303500294685364,0.03630855906261132,0.2923878550996154,0.5950555011649383,4.644464333819216,0.06327331066131592,0.05251239190711132,0.8884203175652174,0.07920725530663808,ADL,ADL_043
105,19.281620786745563,177.69549968637244,1.447485889797025,0.15391375124454498,0.9856253126226471,0.41880488808497757,24.081661545458672,3.2768126529290695,0.9670376409247724,3.1688011776409724,0.3484293222427368,0.10282683372497559,0.035827883983159836,0.2951144810334287,1.117597809705222,1.2754008234573444,0.1188361644744873,0.014420252383544607,0.8928798845180802,0.0,ADL,ADL_043
112,22.337382228092736,169.84753157742614,1.2881571237382043,0.13697203993797302,0.9294055866161371,0.49267181726024944,13.096120462916453,3.361949789234172,1.0375165851261468,3.488078664691807,0.35748210549354553,0.11032098531723022,0.03943777811132598,0.3086047525656345,0.3648734413075814,1.3683320873607205,0.03879764250346592,0.01547097483499777,0.8759034320661514,0.07275622479398058,ADL,ADL_043
116,16.027281727288315,179.10218809412981,1.3023933592421473,0.13848580420017242,0.9415072346315624,0.08547564051193773,47.32575375603315,3.3956124245162664,1.1669764014268793,3.962599567802394,0.3610615134239197,0.12408667802810669,0.04480292376457484,0.34367089746150925,0.25246976461570925,3.5589067733294013,0.02684555947780609,0.040238592399366446,0.9109595459595093,0.0,ADL,ADL_043
117,18.84549445823321,176.52029108269787,1.3502606988973473,0.14357562363147736,0.9209391276403754,0.6068775731536051,84.54638192834679,3.3645628090812636,1.1950536822616022,4.020833174193005,0.357759952545166,0.12707218527793884,0.045461338974845944,0.3551874076081471,0.9314884630500853,1.7470081917183178,0.09904682636260986,0.01975245630813305,0.895302808565371,0.4697021218241493,ADL,ADL_043
118,20.031615512124212,173.91002930181543,1.394705299265549,0.14830149710178375,0.9706456431227359,1.529343928633389,35.58363161673011,3.4492590701080785,1.2371120066480235,4.267119809670301,0.3667658567428589,0.1315443217754364,0.04824596587562624,0.3586592391243859,2.540887830804448,7.388599064318884,0.27017712593078613,0.08353880702340888,0.8887132471548655,0.19768684231516453,ADL,ADL_043
119,20.78211855121262,171.5198610492278,1.4305896880956324,0.15211714804172516,0.9708150703991026,0.022946254948129415,22.51509117265222,3.487904745169369,1.2924176101369649,4.507829515137176,0.37087512016296387,0.13742506504058838,0.05096753751033134,0.37054169187329583,1.1593702518387206,7.221291164006249,0.12327790260314941,0.081647149041153,0.8845437858265965,0.12508383984807026,ADL,ADL_043
120,21.029081395657997,173.5684624926373,1.4938202559400866,0.15884056687355042,0.9878920505839637,0.004931468862982008,7.408885333361326,3.5658923026608425,1.3533077272431222,4.825749607707689,0.37916767597198486,0.14389961957931519,0.05456208432914167,0.3795134690660663,2.339626724744197,9.53760277711539,0.24877667427062988,0.10783640456430987,0.8831717700241222,0.04116047407423107,ADL,ADL_043
121,21.1348441557145,177.1392712089989,1.507815453466072,0.1603287011384964,0.9961645580704852,0.03388965942412444,3.1728828016951027,3.6071515581226623,1.2857935501706268,4.638052207922046,0.3835548460483551,0.1367207169532776,0.05243989354263512,0.35645582869317327,1.2377776638545956,5.6309219935692845,0.13161510229110718,0.06366572359519651,0.8825841991349195,0.017627126676080795,ADL,ADL_043
122,21.11742003870909,174.78262606305623,1.5188676053088663,0.1615038961172104,1.0033086714881028,0.11794324593529178,0.5227235101623506,3.531910712473032,1.2732326687518487,4.496944102235282,0.3755543529987335,0.13538509607315063,0.050844462161423465,0.36049305379920177,2.257225369488909,4.233243170602927,0.24001479148864746,0.047862941436349615,0.8826809997849495,0.0,ADL,ADL_043
123,21.400557296925783,174.80494627598455,1.5285898441221155,0.16253767907619476,1.0112852067598297,0.09988221419158275,8.494117746500827,3.5416382765439334,1.3058064289823557,4.624694030641058,0.37658870220184326,0.13884872198104858,0.052288860013227634,0.3687002622993364,0.29182692212704087,3.8324978521733044,0.031030476093292236,0.04333193555412507,0.8811080150170789,0.047189543036118,ADL,ADL_043
124,22.448855988404105,175.6003128542131,1.5397972692669897,0.16372938454151154,1.032119997048722,0.38543654335736616,31.448960744349677,3.443144553216074,0.9903846915804361,3.41003765640376,0.3661156892776489,0.1053093671798706,0.038555411552451346,0.28763880550664545,2.95481169983578,36.43969122711895,0.3141903877258301,0.4120034538232886,0.875284133397755,0.17471644857971702,ADL,ADL_043
125,22.213091104229914,177.3061892629316,1.5637977850919653,0.16628140211105347,1.0284906938201483,0.06777511469747055,7.072946525225738,3.4738356947280447,1.1776689582397672,4.091028463706495,0.3693791329860687,0.12522363662719727,0.046254998326716645,0.33901021047041563,0.9207342453591183,20.429724219082047,0.097903311252594,0.23098760322795897,0.8765939383098338,0.0,ADL,ADL_043
126,21.997152491463403,179.03555054005278,1.5536600360434576,0.16520343720912933,1.007375346535982,0.9519752897928875,6.478158382995325,3.475780254601382,1.267366757309203,4.40508835039351,0.36958590149879456,0.13476136326789856,0.04980589993057283,0.3646270003655368,0.05833679620012244,9.421796600610444,0.006203055381774902,0.10652704811568547,0.8777935972696478,0.0,ADL,ADL_043
127,22.632156505237923,178.9618686594034,1.5126865226962052,0.16084665060043335,0.9949178872263509,0.6087484202499623,19.05012041323559,3.4676183162803307,1.1679652176899427,4.050057581639989,0.3687180280685425,0.12419182062149048,0.04579176320179812,0.3368196680058617,0.24485814963154162,10.650923062605617,0.026036202907562256,0.12042410186324126,0.8742657971931227,0.10583400229575268,ADL,ADL_043
128,14.94429141155086,175.07929267467551,1.515556416155853,0.16115181148052216,1.0470829900838792,0.6848519576393062,230.63595281061185,3.401916969023451,0.9710001931717085,3.3032620340758845,0.3617318868637085,0.10324817895889282,0.037348158590042146,0.2854265749903852,1.9710404177063845,22.403866426923145,0.20958423614501953,0.2533081383526792,0.9169761588247174,0.0,ADL,ADL_043
129,13.059638922246366,173.75563443681352,1.4913009886553514,0.15857268869876862,1.0384671436171273,0.11251989143124508,56.539574679134844,3.4312039241754593,1.12752913495052,3.868782392464386,0.36484602093696594,0.1198921799659729,0.04374218480204384,0.3286094529649085,0.8786086545602423,16.965610751655042,0.09342402219772339,0.19182078636005073,0.9274464504319646,0.0,ADL,ADL_043
130,20.921036400057787,178.4671700462146,1.4942267973203511,0.15888379514217377,1.0520616855739378,0.13086680542788062,235.84192433434262,3.398484700328022,1.0461782568363824,3.5554207996742857,0.3613669276237488,0.11124199628829956,0.04019917842143528,0.30783583097646444,0.9815767154231159,9.400847783703004,0.10437279939651489,0.1062901914182568,0.883772019999679,1.3102329129685675,ADL,ADL_043
131,21.32748334234229,177.02082982362433,1.5100468765608506,0.16056597232818604,1.0444796397835776,0.07472878008482967,12.193408268535109,3.4276962610427386,1.1097349266428758,3.8038342588023233,0.36447304487228394,0.1180000901222229,0.043007852142050496,0.3237544395337439,0.876346821441496,7.4524037738411275,0.09318351745605469,0.08426021161845654,0.8815139814314317,0.06774115704742067,ADL,ADL_043
132,22.28670829242541,176.92733242921446,1.5040580637771184,0.15992917120456696,1.048337929091211,0.13716882744459846,28.77674850249356,3.4273728217095254,1.1040189632446573,3.7838845892766666,0.36443865299224854,0.11739230155944824,0.042782292251985155,0.32211725753658627,0.009703179996396472,0.5984900857697006,0.0010317564010620117,0.0067667967019602315,0.87618495393097,0.15987082501385141,ADL,ADL_043
133,23.48579531421519,177.41068061921374,1.519277650148113,0.1615474969148636,1.0330079136931056,0.4990074724831939,35.97261065369338,3.4780171430921722,1.1316870400702894,3.9360269259797045,0.36982375383377075,0.12033429741859436,0.044502481586293996,0.32538194420777566,1.5193296414794055,4.564270101091137,0.1615530252456665,0.051605680029265244,0.8695233593654712,0.19984783696496256,ADL,ADL_043
134,22.428908658608158,176.7450532311462,1.517373169845529,0.1613449901342392,1.003937051891104,1.40099120537095,31.706599668210913,3.505915327103738,1.1459934848922304,4.0177561234446975,0.37279021739959717,0.12185552716255188,0.04542654846227023,0.3268733850881852,0.8369455203469789,2.451875923949789,0.08899390697479248,0.027722006279287115,0.8753949518966213,0.0,ADL,ADL_043
135,21.326630524656682,174.04680916848088,1.548598518783066,0.16466523706912994,1.0115252637692724,0.08225000582726344,33.06834401854427,3.536712132938604,1.197992663932374,4.236955189701067,0.37606489658355713,0.12738469243049622,0.04790491118520279,0.33872971090371906,0.9239041750459798,6.575971987691096,0.09824037551879883,0.07435088168797677,0.881518719307463,0.0,ADL,ADL_043
136,22.296634740281913,175.66104568064017,1.5432649929673163,0.1640981137752533,1.0213130873346636,0.21926748384384198,29.100126468756926,3.5335803208854664,1.1667443323039155,4.122784812133769,0.375731885433197,0.12406200170516968,0.04661404981129991,0.33018670048572885,0.09395436159413517,3.4251113270189393,0.009990334510803223,0.038725841217086554,0.8761298069984338,0.16166736927087477,ADL,ADL_043
137,22.20478854693023,174.7126547527942,1.5469172788868115,0.16448646783828735,1.0232181281906845,0.06352471826057814,2.7553858005504495,3.5498125470406015,1.2004476077102006,4.261363979914544,0.3774578869342804,0.12764573097229004,0.04818088788898223,0.33817121649732024,0.48696678465405263,4.157375033423252,0.05178004503250122,0.047005142330469596,0.8766400636281654,0.0,ADL,ADL_043
138,21.97946640981039,177.74099440078504,1.5743935062985923,0.1674080640077591,1.0860455179754969,2.17312974146996,6.759664113595285,3.4598723086096155,1.110894151150821,3.84355191136311,0.36789438128471375,0.11812335252761841,0.0434569176934243,0.3210786504443852,2.6982071529295792,12.534362056543031,0.2869051694869995,0.14171910586673775,0.8778918532788311,0.0,ADL,ADL_043
139,21.018958138813474,176.2812279311786,1.606489675000681,0.1708209067583084,1.1149524178971437,0.9748752990824553,28.815248129907438,3.4631910652340294,1.1227781642942878,3.8883953068238433,0.36824727058410645,0.11938700079917908,0.04396393718752023,0.3242024751665781,0.0995626987324183,1.3453018638219971,0.010586678981781006,0.015210584822877848,0.8832280103399252,0.0,ADL,ADL_043
140,20.339585033378405,177.215404847993,1.6147742343861002,0.1717018187046051,1.1275529584715973,0.4255147127271935,20.38119316305206,3.4916649376255084,1.1160680593753534,3.8969357109246654,0.3712749481201172,0.11867350339889526,0.04406049881765739,0.31963692773468155,0.8542161717443708,0.2562121230246639,0.09083032608032227,0.0028968489041147905,0.8870023053701199,0.0,ADL,ADL_043
141,19.95852189435445,176.89321594033177,1.6816751659983966,0.17881551384925842,1.131305863733054,0.19857044956211953,11.431894170718628,3.596134440869687,1.0400034804498888,3.7399923346701893,0.3823833763599396,0.11058542132377625,0.04228602678197202,0.28919963304066026,3.134085097325361,4.708301287634282,0.33325284719467163,0.053234161070561115,0.889119322809142,0.0,ADL,ADL_043
142,18.762493944293755,173.89948109083394,1.6474121779851563,0.17517226934432983,1.1211929191741385,1.5910944952655115,35.880838501820875,3.6354673544448755,1.0797108437210674,3.9252535245880735,0.3865657150745392,0.11480757594108582,0.0443806726896403,0.29699291600661537,1.1799874072556493,5.557835697536526,0.12547016143798828,0.0628393772300484,0.8957639225317013,0.0,ADL,ADL_043
143,16.246907034519054,174.2212324853929,1.6542716703950808,0.1759016513824463,1.1128993909337255,0.17438817428516087,75.46760729324103,3.5396312149623586,0.7586953435702194,2.6855017207477396,0.376375287771225,0.08067342638969421,0.030363484072911895,0.21434247855361818,2.875084184475507,37.192554115210015,0.30571281909942627,0.42051565850185213,0.8764881524032133,0.5782731038546407,ADL,ADL_043
144,15.951006970400122,176.23755659809723,1.664122135807069,0.17694906890392303,1.1290133403136302,0.25845857739944156,8.87700192356796,3.6722842239175923,0.915251472190731,3.3610635422433726,0.39048051834106445,0.0973203182220459,0.03800168830446182,0.24923156065235816,3.979590268657014,20.26685464486899,0.4231569170951843,0.22914612694649783,0.9113832946088882,0.0,ADL,ADL_043
145,13.274619048604963,179.05812554570437,1.6431132936759538,0.17471516132354736,1.1530591208286525,0.26702663668567966,80.29163765385478,3.680853964864142,0.684357829784493,2.519021231148071,0.3913917541503906,0.07276898622512817,0.028481181166398528,0.18592318190225635,0.25709222839648493,25.26126933285905,0.027337074279785156,0.28561521414189883,0.864066024434916,1.4195181052191674,ADL,ADL_043
146,12.707524206121057,177.67389732065107,1.63875064641328,0.1742512732744217,1.149759002606022,0.5878790157863284,17.012845274517172,3.6297825017624166,0.5334918791040929,1.9364594876043872,0.38596123456954956,0.05672714114189148,0.021894477428725523,0.14697588536131603,1.5321438930517584,17.47685230631051,0.16291558742523193,0.19760111213019016,0.7659654660110193,2.9430167527168996,ADL,ADL_043
147,5.371347526996887,176.98964495340826,1.6111090557375514,0.1713120937347412,1.199142779446966,0.25893785058817126,220.08530037372512,3.599474218247993,0.8896896749050427,3.2024150470621398,0.38273850083351135,0.09460228681564331,0.03620793743124118,0.24717147461817526,0.9092485054327115,37.97866678373258,0.09668201208114624,0.42940380007546963,0.9701591804055729,0.0,ADL,ADL_043
148,8.399621550231386,178.42356568644064,1.5863992996762715,0.16868466138839722,1.181215439698008,0.7679217728683441,90.84822069703496,3.5806356988870114,0.8123041518050266,2.908565244307212,0.3807353675365448,0.08637374639511108,0.03288554007925093,0.22685972173861366,0.565155580829444,8.815494082647831,0.06009399890899658,0.09967192055970742,0.9533354358320478,0.5047123372057527,ADL,ADL_043
149,8.92162349507004,176.78826834083645,1.5719403843194364,0.1671472191810608,1.155498929663677,0.5089124517169413,15.660058345159644,3.5847386697699437,0.7393327067455391,2.6503145436964157,0.38117164373397827,0.07861456274986267,0.029965642104793133,0.20624397905304048,0.12308912648796966,7.747521018323891,0.01308828592300415,0.0875969392337339,0.9110685286942326,1.2680072141344567,ADL,ADL_043
150,6.096449393605425,179.02338663679552,1.5725611972510365,0.16721323132514954,1.1928693456555408,0.2083577125740736,84.75522304393846,3.560382622927481,0.9085825679494242,3.2349015864219566,0.37858182191848755,0.09661120176315308,0.03657524478122909,0.25519172072723995,0.7306814052738853,17.537611281766225,0.07769465446472168,0.19828808029307865,0.9661308367021921,0.0,ADL,ADL_043
151,6.758755195013252,176.66134125659445,1.5787990358992052,0.16787651181221008,1.197398197012318,0.19141498493740056,19.86917404223479,3.5572054060459366,0.8497087615565541,3.022588600173572,0.37824398279190063,0.09035104513168335,0.034174739160018675,0.23886911721811752,0.09531650644632794,6.369389587451537,0.010135173797607422,0.07201516863631241,0.9624513600277042,0.11038430023463941,ADL,ADL_043
152,5.740093780640812,177.61564498395975,1.5720125555744644,0.16715489327907562,1.1990549126956989,0.026725786497848784,30.55984243117318,3.5721508817861842,1.0233920398945482,3.655710777722272,0.3798331618309021,0.10881909728050232,0.041333101787637716,0.28649107483109265,0.4483642722074288,18.993665326461,0.047675371170043945,0.21475087882857125,0.9681105901075511,0.0,ADL,ADL_043
153,5.806143042445623,177.7707692308735,1.5590859130379715,0.16578038036823273,1.1843480925813015,0.04128476064320829,1.981477854144309,3.5898738998073156,0.932560521498556,3.3477746761183647,0.3817176818847656,0.0991608202457428,0.037851438437996876,0.2597746061474606,0.5316905406339423,9.238083048117218,0.05653560161590576,0.1044499004892252,0.9677436497641909,0.011008210300804677,ADL,ADL_043
154,5.695179701087275,176.1508305111563,1.5400988470161554,0.1637614518404007,1.1902494590288444,0.027570820804293274,3.328900240750432,3.5970156308728254,0.9042010020082478,3.252425137674538,0.3824770748615265,0.09614530205726624,0.036773373892541095,0.25137467576951955,0.21425193196529246,2.8604861533147963,0.022781789302825928,0.03234193636367344,0.9683601127717374,0.0,ADL,ADL_043
155,5.3672863522171115,177.56176466609136,1.545954248081855,0.16438406705856323,1.1761560245130054,0.21735039108892315,9.836800466104902,3.6172950528439003,0.9589275537966538,3.468723896384339,0.3846334218978882,0.10196447372436523,0.03921894444061991,0.2650945103177337,0.6083826591322472,6.488962761294026,0.06469041109085083,0.07336711644236438,0.9701817424876827,0.0,ADL,ADL_043
156,5.971948099600918,177.4276122398527,1.5578497525707828,0.1656489372253418,1.2057011145228027,0.010510376945826957,18.139852421514195,3.62109196155017,1.0228824968202144,3.703951586846046,0.3850371539592743,0.10876491665840149,0.04187853396076857,0.2824782830999798,0.11390726118809091,7.05683071385121,0.012111961841583252,0.07978768560445992,0.9668225105577727,0.10077695789730168,ADL,ADL_043
157,5.841798052138896,178.6699047882034,1.6033189044836638,0.1704837530851364,1.22969350232294,0.27345898737652574,3.904501423860669,3.700561061775927,1.0307223971916457,3.814251168547745,0.39348724484443665,0.1095985472202301,0.043125630384641234,0.2785306769800945,2.384073006772711,3.3089874510509754,0.2535027265548706,0.03741289271617987,0.9675455663770061,0.0,ADL,ADL_043
171,0.2449984812325559,155.9379197304158,1.4830019950189264,0.15769024193286896,1.2044363658303217,0.07563087072326578,11.993141937656443,3.901449119523781,0.7509566230941866,2.9298190559713664,0.4148480296134949,0.07985055446624756,0.03312584518386785,0.19248099613645583,0.4304744094596872,1.895211669806526,0.04577311021941049,0.021428111144514386,0.9986388973264858,0.0,ADL,ADL_043
172,3.7092588562136917,152.9421314815991,1.3543387251523282,0.14400924742221832,1.1893120735436358,0.7606990418311719,103.92781124943407,3.8381531070655437,0.7763850086618426,2.9798845332745603,0.4081176519393921,0.0825543999671936,0.03369190787187648,0.20228038972218648,1.8988803737471205,1.5019643190958165,0.2019113302230835,0.01698188064025885,0.9793930063543683,0.5773767291635246,ADL,ADL_043
173,4.350391855980023,154.12975510101106,1.2495805368880375,0.1328701227903366,1.164086047766777,0.2685947849259971,19.23398999298994,3.772837981126834,0.8220199442537489,3.101348066924307,0.40117257833480835,0.08740684390068054,0.03506522893174413,0.2178778678882317,1.9594537781612908,3.643906009492408,0.2083522081375122,0.04119963179602948,0.9758311563556665,0.10685549996105381,ADL,ADL_043
174,5.281364298370199,153.51992932297756,1.1360140921897066,0.1207944005727768,1.1382466363913595,0.3536447551716288,27.929173271705274,3.651769369502931,0.9103118753029108,3.3242490229259416,0.3882991373538971,0.09679508209228516,0.03758544687653398,0.24927903129755022,3.6320583487170843,6.687028680049032,0.38620322942733765,0.07560653834369546,0.9706590872312767,0.155162073731695,ADL,ADL_043
175,6.675902365807945,147.6349607935851,1.076284600975087,0.11444325745105743,1.047074862059041,0.34377340914410814,41.836142023132375,3.5814426155597325,0.9991800552854226,3.578506030616542,0.380821168422699,0.10624459385871887,0.04046019037187243,0.2789874189802711,2.1098026182959595,7.627710230718017,0.2243390679359436,0.0862423048601535,0.9629116535232892,0.23242301123962417,ADL,ADL_043
176,6.225217230726015,141.63365804182666,1.0951912275786777,0.1164536327123642,1.0941871362344529,4.524591150655155,13.52055405245789,3.6656657694856256,0.8206224845350318,3.0081277512303135,0.3897767663002014,0.0872582495212555,0.034011238331411064,0.22386666727945279,2.5266946177767924,17.11134838158686,0.26866793632507324,0.19346856121384093,0.9654154598292999,0.0,ADL,ADL_043
177,6.1518554769061975,133.89946411301574,1.086127358777315,0.11548985540866852,1.1241041534497733,3.330772087338789,2.200852614594524,3.510468982950108,0.9455619979189032,3.319366065150644,0.37327441573143005,0.10054329037666321,0.03753023797106447,0.26935417158306413,4.6559035960655315,9.337149417609917,0.49507051706314087,0.10556998918960225,0.9658230251282989,0.0,ADL,ADL_043
178,10.555609770133136,128.03771402359638,1.067204896539126,0.11347779631614685,1.128690321395495,1.0546070185934986,132.11262879680817,3.3753495388715864,1.0984358510110341,3.7076049431901126,0.35890692472457886,0.11679863929748535,0.04191984044227581,0.32542786394899215,4.053583322355645,11.647166341184057,0.4310247302055359,0.1316880741363402,0.9413577234992603,0.7339590488711578,ADL,ADL_043
179,11.376702783924737,121.83574151156736,1.0274626388164874,0.10925193130970001,1.123492309373167,1.8222933590182562,24.632790413748005,3.2865234003968578,1.2069917888117503,3.9668067580166797,0.3494618833065033,0.12834158539772034,0.04485049213962977,0.36725383875790846,2.6647841542418593,7.776054444797014,0.28335124254226685,0.08791955092061876,0.9367960956448625,0.13684883563193195,ADL,ADL_043
180,12.013446500807428,110.3261509789703,1.0303267866034047,0.10955648124217987,1.1482998820092227,3.0952976022444822,19.10231150648073,3.1597494758900413,1.1625233649224713,3.6732825930237065,0.3359817862510681,0.12361317873001099,0.04153177659388163,0.3679152140777808,3.803217735204494,8.805724949789196,0.4044029116630554,0.09956146637244423,0.9332586305510698,0.1061239528137814,ADL,ADL_043
181,11.443198094237966,108.45434702224738,1.0530178495992895,0.11196926236152649,1.0784947230392554,0.7445424903900467,17.10745219708386,3.1063351796979117,1.1590518574864443,3.6004035600043527,0.3303021490573883,0.12324404716491699,0.04070777363710221,0.3731240453402521,1.6024288857638869,2.186370990580615,0.1703891158103943,0.024720088703382714,0.9364266772542336,0.0,ADL,ADL_043
182,15.05930590044798,101.95425618546584,1.045614900632086,0.11118209362030029,1.055356618677275,2.2205315414956392,108.48323418630042,3.011443012203489,1.1281143527388637,3.397252084521914,0.32021209597587585,0.11995440721511841,0.03841085215589679,0.37460806170199706,2.846765024832676,6.094544264473165,0.30270159244537354,0.06890764443616249,0.9163371894419556,0.6026846343683379,ADL,ADL_043
183,19.797236339742152,107.38024175143345,0.8299456093010582,0.08824959397315979,0.9559981015343129,0.9756909043334514,142.1379131788252,2.923513198674701,0.9210201276120379,2.69261449931885,0.31086236238479614,0.09793370962142944,0.030443904330024196,0.31503779946960786,2.6378944058636478,21.139127556091914,0.28049200773239136,0.23900843477617784,0.8580003242632196,1.7501059553620812,ADL,ADL_043
184,20.75438062178168,112.41593657546544,0.878310440131694,0.09339231252670288,0.9577763171751875,2.856871803303787,28.714328461185872,2.5245608711184384,1.211327109094365,3.05806902174465,0.2684410512447357,0.1288025677204132,0.034575896681888985,0.4798151672704412,11.968569826687876,10.963635672773991,1.2726393342018127,0.12395977055594365,0.8846978854345462,0.0,ADL,ADL_043
185,21.494261667626947,103.10451088319009,0.8794180937234249,0.09351009130477905,0.9317856965101096,1.369342358311676,22.196431375357975,2.4277541333595636,0.9583367304739391,2.326605958558396,0.2581474184989929,0.10190165042877197,0.02630564799897428,0.39474055669711383,2.904202132766245,21.943891895587612,0.30880898237228394,0.24810746048744114,0.7849589563826889,2.99216787155572,ADL,ADL_043
186,25.88131585385892,107.77457915359801,0.7481527348017586,0.07955241203308105,0.8701367301884634,0.9176820318940432,131.61162558695915,2.333443820332862,1.0182870797427803,2.376115693550587,0.24811923503875732,0.10827627778053284,0.026865427215749804,0.43638632602302535,2.829309390801047,1.485292049765734,0.30084550380706787,0.016793376503265733,0.7691913826573702,0.4730272117595602,ADL,ADL_043
187,25.019309253325872,111.38853817216119,0.8361551400006527,0.08890986442565918,0.9134328967023844,3.059453012708434,25.860198015991394,2.3593007490031894,1.0151830150847794,2.3951220478648363,0.25086864829063416,0.10794621706008911,0.027080321561951948,0.43028807109831285,0.7757078601098222,0.5701906294274739,0.08248239755630493,0.006446830386064306,0.7772836730930814,0.0,ADL,ADL_043
188,27.38209409206972,100.24345064942116,0.8140359816489803,0.08655789494514465,0.8856954513889099,2.0490274146444136,70.88354516231547,2.3978780365451526,0.9420307915418238,2.2588749447873844,0.25497063994407654,0.10016781091690063,0.02553985085127941,0.39285863690122813,1.1573186262588964,4.087413092323557,0.12305974960327148,0.046214121320176105,0.7404769104651349,1.1042028788383973,ADL,ADL_043
189,27.387614335918954,112.28252107957971,0.7517495259309798,0.07993486523628235,0.861680080897851,0.03586981444071824,0.16560731547698992,2.172691668958858,1.1284837574539197,2.45184725837552,0.23102617263793945,0.11999368667602539,0.027721682173478257,0.5193920927391376,6.755591027588839,5.789169407644068,0.7183340191841125,0.06545493966596538,0.773985444777787,0.0,ADL,ADL_043
190,29.88037923115505,117.7345833345507,0.694532154944772,0.0738508403301239,0.8444071872867197,0.7209109588650493,74.78294685708289,2.058258328370035,1.226493442888834,2.5244403435171807,0.2188582718372345,0.13041523098945618,0.02854245207560613,0.595886250989841,3.433000217664688,2.177792554249822,0.3650370240211487,0.02462309706383614,0.7727536601773559,0.03695353801293155,ADL,ADL_043
191,30.225899097064133,111.66909869270738,0.7052334003359353,0.0749887228012085,0.8537567982026495,1.5871846350416636,10.365595977272477,2.014272821266827,1.2987507428694423,2.6160383229620194,0.21418121457099915,0.13809847831726074,0.029578099816397696,0.6447709890098393,1.319565213096241,2.7479393833451615,0.14031171798706055,0.03106943222374703,0.7867541257513647,0.0,ADL,ADL_043
192,33.05794110690066,109.38784898528783,0.6224573151079433,0.06618699431419373,0.8140027688578314,1.004817260925727,84.96126029509573,1.9655144819233397,1.1803063621613734,2.319909247934434,0.20899665355682373,0.12550407648086548,0.02622993199224055,0.6005047154596047,1.4627501803046217,8.883872250827567,0.15553683042526245,0.10044503472471433,0.7195523832090401,2.0160522762697375,ADL,ADL_043
193,35.009929788247454,101.02580864538598,0.6164605144377323,0.0655493438243866,0.7613107457694189,0.1491800862182895,58.55966044040393,1.9446683404273457,1.0164019385337768,1.9765646710156168,0.20678004622459412,0.1080758273601532,0.022347924577293732,0.5226582867888541,0.6253842448798186,10.300337307564511,0.06649821996688843,0.1164602224484046,0.6490336213089754,2.115562857001944,ADL,ADL_043
194,34.90610431391998,98.8356869158801,0.5738152906026562,0.061014801263809204,0.7594127118313619,0.3017066764561303,3.1147642298241607,2.0802482791544534,1.105434360673362,2.2995779265089653,0.2211965024471283,0.1175428032875061,0.026000056975027164,0.5313929948897219,4.067398161813232,9.690397664800454,0.4324936866760254,0.10956397193200296,0.7057511614582053,0.0,ADL,ADL_043
195,34.1585346864332,87.65775994730558,0.6577259359873603,0.06993716955184937,0.7698548413962206,0.539527077684746,22.427088824603487,2.1873450963583707,1.0421383482151252,2.279516205695366,0.23258429765701294,0.11081242561340332,0.025773230182963403,0.4764377917679703,3.2129045161175185,0.6018516244079741,0.3416338562965393,0.0068048037619128365,0.7064175351213325,0.0,ADL,ADL_043
196,34.060994818645135,83.29790285700018,0.6835467089609938,0.07268273830413818,0.779730111297801,0.6810808343911434,2.9261960336419435,2.2446154396443854,1.0655417344912184,2.391731428824447,0.23867395520210266,0.11330094933509827,0.027041985705960947,0.4747081621494743,1.7181102985804397,3.3664566938724283,0.18268972635269165,0.038062665689926334,0.7264627862374984,0.0,ADL,ADL_043
197,36.88800393084051,98.44485812594887,0.6600914714919678,0.07018870115280151,0.7666840708792035,0.6983767106931963,84.8102733658613,2.0114232478692746,1.189531670352624,2.3926516558240385,0.21387821435928345,0.12648501992225647,0.027052390204170607,0.5913852839845462,6.995765753253322,0.027606809987741343,0.7438722252845764,0.0003121349462897882,0.7109171184402541,0.46637003391732934,ADL,ADL_043
198,38.884238142654866,91.55527122456999,0.6326790070336583,0.06727388501167297,0.7472855586345482,1.3365079407329126,59.88702635443062,1.9708702897382144,1.272412298796637,2.5077595959957955,0.2095661461353302,0.13529786467552185,0.028353852080388542,0.6456062754614782,1.2165887439318057,3.453238205152709,0.1293620467185974,0.03904385628653806,0.719833054765965,0.0,ADL,ADL_043
199,39.790792266285706,100.80453795347255,0.5943178128417013,0.0631948709487915,0.747026022393166,0.6203056307395937,27.196623708925216,1.9603674802637885,1.2725852295319857,2.494734699838534,0.2084493637084961,0.13531625270843506,0.02820658677649135,0.6491533538299112,0.31508428423277834,0.390746884717843,0.03350347280502319,0.004417959116915782,0.7125328745575352,0.21900540625289455,ADL,ADL_043
200,39.67561238179254,101.23346420924942,0.6170919778846377,0.06561648845672607,0.7451683483025808,0.5223573259060431,3.4553965347949855,1.935018973560921,1.2679418851356787,2.45349160511014,0.20575401186943054,0.1348225176334381,0.027740273893416934,0.6552575143053854,0.7604552010860277,1.2372928418518248,0.08086055517196655,0.01398938649223247,0.7060045816638238,0.1958487868113412,ADL,ADL_043
201,39.481907544608056,97.83019673075248,0.6500320597862964,0.06911906599998474,0.7438915477112017,0.5153868439155707,5.811145115534515,2.0080820691073757,1.2250671146681056,2.4600353064181326,0.21352294087409973,0.1302635669708252,0.02781425990836084,0.6100653933117157,2.1918928663936454,0.19631103923978266,0.23306787014007568,0.00221958044831716,0.708218035764165,0.0,ADL,ADL_043
202,37.224076288559736,87.2120664116177,0.6523191178097084,0.06936225295066833,0.7585825321910008,0.8781546062761773,67.7349376814496,1.9982821936430868,1.1673477680789652,2.332690258741196,0.21248090267181396,0.12412616610527039,0.02637443981923937,0.5841728850526521,0.2939962639286686,3.8203514303081,0.031261146068573,0.043194602673644056,0.6986285681156534,0.2876840294553462,ADL,ADL_043
203,39.07843134655967,88.29095907988993,0.6779291226909882,0.0720854103565216,0.7492355839038973,0.5290419256435891,55.63065173999796,2.0902373414037676,1.319770375654222,2.7586333212709326,0.22225865721702576,0.14033353328704834,0.03119034267090015,0.6313945366613225,2.7586544328204243,12.778291875892101,0.29333263635635376,0.14447708554982341,0.7623568556190552,0.0,ADL,ADL_043
204,37.8297295879975,83.01086434480048,0.6558828362861401,0.06974118947982788,0.7424224772908937,0.6230635536501786,37.4610527568651,2.088516162075119,1.2717841986703544,2.6561418535947894,0.22207564115524292,0.13523107767105103,0.03003152827791311,0.6089387743239397,0.05163537985946043,3.0747440302842977,0.005490481853485107,0.034764431789611194,0.7514807442977915,0.32628333963790945,ADL,ADL_043
205,39.495846378614274,87.57435178209818,0.6168949433514932,0.06559553742408752,0.7352307168311217,0.24582510431055757,49.983503718503286,2.0592420996521645,1.2334039456615356,2.539877330783325,0.2189628779888153,0.1311500370502472,0.028716989560861883,0.59895740911634,0.8782218726886315,3.4879356843439346,0.09338289499282837,0.03943616151153684,0.7220173957699367,0.8839004558356445,ADL,ADL_043
206,39.3291529792086,90.07658817644638,0.5856536186409986,0.06227359175682068,0.7470344306947225,0.1398805046966218,5.000801982170202,2.0515661611610883,1.1201514108879869,2.298064729954644,0.2181466817855835,0.1191076934337616,0.025982948097709624,0.5459956872282149,0.23027815473228852,7.254378024860428,0.024485886096954346,0.08202124389456777,0.6809156704956107,1.2330517582297795,ADL,ADL_043
207,40.69245159965227,81.1480272244726,0.6049229233183999,0.06432253122329712,0.7391639801609687,0.4733873776400462,40.89895861331016,2.0033013891189766,1.1925687488748902,2.3890746312409474,0.2130146026611328,0.12680795788764954,0.02701194676370733,0.5952989184993026,1.4479431612633498,2.7302970385891046,0.1539623737335205,0.03086995997993114,0.6891595997997275,0.0,ADL,ADL_043
208,39.98319056555601,71.95017713123083,0.6117465403083493,0.06504809856414795,0.740097161495399,0.09915069195615318,21.277831022887952,1.9764214504259223,1.21475629474589,2.400870397975692,0.2101564109325409,0.12916719913482666,0.027145314980383972,0.6146211954252161,0.8063981607916282,0.35387300204233085,0.08574575185775757,0.00400104650029931,0.6951500806825586,0.0,ADL,ADL_043
209,39.374791858860505,76.43721411607709,0.6628527577231754,0.07048231363296509,0.7388433435949414,0.15906824884892348,18.251961200865097,2.1891214902005744,1.0929385034532888,2.392575165377249,0.23277318477630615,0.1162140965461731,0.027051525368953833,0.49925680830051566,6.381001193239564,0.2488569779532801,0.6785032153129578,0.002813688342904186,0.6970883356681324,0.0,ADL,ADL_043
210,38.62245729662284,83.51507488185219,0.6547931204043967,0.06962531805038452,0.7349339037861716,0.1350541396030981,22.570036867129915,2.167882961298603,1.1230864686846989,2.434720019526576,0.23051485419273376,0.11941978335380554,0.02752803394753034,0.5180545336979683,0.6371558670591426,1.2643456244798035,0.06774991750717163,0.014295257357295199,0.7085928819235694,0.0,ADL,ADL_043
211,37.448608256334396,82.97083660687814,0.6560313829469745,0.06975698471069336,0.7492315198914782,0.1145042505986172,35.215471208653355,2.1457960347695644,1.1394540684948962,2.445036021978396,0.22816631197929382,0.12116017937660217,0.027644671287109013,0.5310146239860926,0.6626077958711596,0.30948007355460216,0.07045626640319824,0.003499120187360205,0.7169072195427721,0.0,ADL,ADL_043
212,37.008852639956665,76.50192578053372,0.694835414354249,0.07388308644294739,0.7517031401340589,0.1292524115290016,13.19266849133193,2.2008460258911833,1.1534558525237675,2.538578729067861,0.23401987552642822,0.12264901399612427,0.028702306988812154,0.5240943301328406,1.651499733648567,2.80628121268395,0.17560690641403198,0.03172907105109424,0.7356083265397607,0.0,ADL,ADL_043
213,36.990122117323665,83.11068704548418,0.6920225572068271,0.07358399033546448,0.7503082029058088,0.0419153832599579,0.5619156789899904,2.077852754040961,1.1574052317649315,2.4049176483641794,0.22094178199768066,0.12306895852088928,0.027191075004203924,0.5570173300442157,3.689798155506674,4.009832421110446,0.39234280586242676,0.0453369595382469,0.7124816637282433,0.6937998843455229,ADL,ADL_043
214,38.68888357355003,72.8425174090161,0.6929099132977735,0.07367834448814392,0.7157894623868868,0.20366588030545646,50.96284368679093,2.0477717749452853,1.1803327081729178,2.4170520048412314,0.21774321794509888,0.12550687789916992,0.02732827146800787,0.5763959157382297,0.9024293728702659,0.364030694311559,0.09595692157745361,0.004115893914118374,0.7051530898620066,0.21985721598709929,ADL,ADL_043
215,36.3986749886611,72.7919125898398,0.7439802552926246,0.07910874485969543,0.7728039130288604,0.5022194436778387,68.7062575466679,2.2814978938692443,1.1057353778690906,2.5227329357850428,0.24259573221206665,0.11757481098175049,0.028523147359813095,0.4846512560563764,7.01178356771877,3.170427928314341,0.7455754280090332,0.03584627675415675,0.7362441530704509,0.0,ADL,ADL_043
216,36.95907562177875,80.21332263005712,0.7088635443946646,0.07537472248077393,0.7713496972746358,0.2213737633837857,16.812018993529563,2.2316546033482285,1.1198176013161873,2.4990461048876407,0.23729580640792847,0.11907219886779785,0.028255333451099318,0.5017859307516558,1.4952987156304731,0.7106049269220627,0.1589977741241455,0.008034417261413296,0.7290139696144564,0.21690550367983397,ADL,ADL_043
217,36.65123662475175,81.6312182533298,0.7212447684368488,0.07669124007225037,0.7644415768540419,0.4991251887049871,9.235169910809944,2.2390135488706187,1.165286613090709,2.609092515027652,0.2380782961845398,0.12390699982643127,0.029499567404014826,0.5204442461489327,0.2207683656717041,3.3013923042003412,0.023474693298339844,0.03732701858746523,0.7498506026255448,0.0,ADL,ADL_043
218,35.33327519076982,88.81997545998537,0.7651361025626221,0.08135828375816345,0.7703835834257754,0.4454213666625898,39.53884301945806,2.2918319767590996,1.090521397032467,2.499291809059014,0.24369457364082336,0.11595708131790161,0.028258111492400317,0.47582760567004706,1.584552836654427,3.2940211790591434,0.16848832368850708,0.037243677348435256,0.7380888983982359,0.352851126819268,ADL,ADL_043
219,34.949878688799046,84.92700016987834,0.7860397007859199,0.08358100056648254,0.7756433964645449,0.47379097611476595,11.501895059123157,2.2616475755542775,0.9791355052044971,2.2144594414848635,0.24048501253128052,0.10411322116851807,0.025037669297383047,0.4329283856165058,0.9055320361446606,8.544971027224513,0.0962868332862854,0.0966132658505181,0.6907141068566469,1.421243746247669,ADL,ADL_043
220,37.48158338742401,73.43283005981095,0.758207101526496,0.08062151074409485,0.785707152459354,0.7459172476945608,75.95114095874891,2.3011046517157863,0.9607440272096113,2.2107725501201942,0.24468055367469788,0.10215762257575989,0.024995983653927745,0.4175125629273125,1.183712284845262,0.11060674094007794,0.12586623430252075,0.001250569303659077,0.6760082872985906,0.4411745867416883,ADL,ADL_043
221,36.76898059487419,77.35604313515515,0.7287194682440024,0.07748603820800781,0.8253667285500188,1.063877171059718,21.378083776494492,2.3378595800337023,0.9752797383873306,2.280067079601584,0.24858877062797546,0.10370323061943054,0.02577945860983366,0.41716612215160925,1.1026478495374814,2.0788358844416877,0.11724650859832764,0.023504248677177486,0.6920108014905526,0.0,ADL,ADL_043
222,34.938489072539646,79.26146921453028,0.74508118224311,0.0792258083820343,0.8382210596931244,0.9079031771836459,54.914745670036424,2.3980445209159744,1.0744578974619023,2.5765978739634128,0.25498834252357483,0.11424902081489563,0.029132168452531637,0.448054101729106,1.8055482264681633,8.89592383085487,0.19198715686798096,0.10058129528093929,0.7537181947568335,0.0,ADL,ADL_043
223,35.42006832217988,78.87573598623877,0.7264127908502915,0.07724076509475708,0.818584312237697,1.0539553752228572,14.447377489207014,2.3947975151315104,1.150522476387367,2.755268367555418,0.2546430826187134,0.12233710289001465,0.03115229699855604,0.4804238984543531,0.09741017353392056,5.360114807760161,0.010357797145843506,0.06060385638073207,0.7820962549769563,0.0,ADL,ADL_043
224,36.61778153975264,82.28047392923787,0.7046436981200948,0.07492601871490479,0.7998185246851804,0.43338908713500707,35.931396527182855,2.3971325004737953,1.2581406082877968,3.015929742292548,0.25489136576652527,0.1337803304195404,0.03409945113333368,0.5248502834411278,0.07004956026854803,7.819841242113901,0.0074484944343566895,0.08841462404332923,0.7965678803347076,0.0,ADL,ADL_043
225,39.462032197419,74.16731485514595,0.7151821027377773,0.07604658603668213,0.7155915870235866,3.40134296230385,85.32751972999073,2.275292567320428,0.9979981283632745,2.270737723664657,0.24193590879440308,0.10611891746520996,0.025673976737223825,0.43862227550980804,3.655197994601025,22.35576055883673,0.38866370916366577,0.25276423188329566,0.6754279319413845,3.634198451799693,ADL,ADL_043
226,36.57255826140559,86.63965044043005,0.6869826212537642,0.07304808497428894,0.7754729882196633,0.4198937631365653,86.68421808040229,2.318871953458449,1.1127764895926389,2.580386192184318,0.24656978249549866,0.11832350492477417,0.02917500087340663,0.47987642220721854,1.307381584140641,9.28945405558983,0.13901621103286743,0.1050307240854842,0.7452984543615078,0.0,ADL,ADL_043
227,37.33673993877932,94.07361779837873,0.6864206664330607,0.07298833131790161,0.7262566767180562,2.088823905912093,22.925450321211827,2.482698740435006,1.1528807246972919,2.8622555230777635,0.26398977637290955,0.12258785963058472,0.032361941649911685,0.4643641770931379,4.9148036092966985,8.456079926803364,0.5225998163223267,0.09560822329515162,0.7900427874999376,0.0,ADL,ADL_043
228,38.090641511567384,95.45954648580377,0.7304081354732985,0.07766559720039368,0.7156539485934652,0.9834265417655801,22.617047183642,2.5706257511966086,1.1854337444506258,3.0473065098221985,0.2733392119407654,0.12604928016662598,0.03445421090644629,0.46114429805864676,2.6378103228480843,5.55152960233305,0.28048306703567505,0.0627680776960382,0.7883853249357368,0.049723876926025534,ADL,ADL_043
229,36.78595516610438,99.02834165754514,0.7808865330385606,0.08303305506706238,0.7284352676513872,1.6038162555207403,39.14059036389013,2.430363789886033,1.1109241407597064,2.6999498050126447,0.25842490792274475,0.11812654137611389,0.03052684057835453,0.4571002277814471,4.207858839317273,10.420701144286616,0.4474291205406189,0.11782110984275285,0.7648934524835699,0.7047561735650065,ADL,ADL_043
230,37.515561376472036,103.76472846980752,0.6976503735770601,0.0741824060678482,0.7296226599695471,1.8924017773977002,21.888186311029685,2.544127549394227,1.0463960318467,2.662164972197988,0.2705216109752655,0.1112651526927948,0.03009962835186375,0.4112970531064704,3.412912785245825,1.1335449844396983,0.36290109157562256,0.012816366794723422,0.7542729604355815,0.31861476143965284,ADL,ADL_043
231,36.695803899212954,105.42869372521527,0.7611455226438305,0.08093395829200745,0.7203279832904541,1.4733488444168013,24.592724317772436,2.7737047320534103,1.0857726685899831,3.0116127888022954,0.2949329614639282,0.11545214056968689,0.03405064172556749,0.39145081833448747,6.887315479775498,10.48343449812922,0.7323405146598816,0.11853040121111214,0.7961344227821503,0.0,ADL,ADL_043
232,36.21858815213046,102.0397284758472,0.872318684442417,0.09275519847869873,0.7548884850404408,1.108045979136861,14.316472412474894,2.8901137432313297,1.0411753174101688,3.009115093960371,0.30731093883514404,0.1107100248336792,0.034022401670100066,0.36025292493783995,3.492270335337584,0.07493084525773241,0.3713393211364746,0.0008472016640226343,0.798785621377053,0.0,ADL,ADL_043
233,36.74581978478574,107.74672228207834,0.8260403736430667,0.08783434331417084,0.739981126933917,3.1189039088648096,15.816948979658392,2.9049801809369447,1.0034982786882054,2.9151426111935757,0.3088917136192322,0.1067037582397461,0.032959906732287436,0.3454395443308461,0.4459931311684473,2.819174483003861,0.04742324352264404,0.03187484813437891,0.7958565567511904,0.08787193877587862,ADL,ADL_043
234,35.29742742326242,113.43400995749644,0.8039739073144826,0.0854879766702652,0.7852092408688403,1.5852507256836317,43.45177084569954,3.028633224182647,0.982337946990711,2.9751413436314387,0.32203996181488037,0.10445374250411987,0.03363827924744811,0.3243492440075474,3.7095912973710643,1.7999619731358907,0.3944474458694458,0.020351175454820236,0.8039031809818754,0.0,ADL,ADL_043
235,34.89078103539898,125.67533037516169,0.7617586279656705,0.08099915087223053,0.7827273905260324,2.343780425713185,12.199391635903183,2.7706357019852286,1.0697248645156574,2.9638179009283925,0.29460662603378296,0.11374574899673462,0.03351025133761354,0.38609234434308665,7.739925665922547,0.3397032810913858,0.8230000734329224,0.003840837295037147,0.8061623275811167,0.0,ADL,ADL_043
236,34.46152476079006,140.5702952850799,0.720764934694682,0.07664021849632263,0.7737446618346915,2.493654196809899,12.877688238267524,2.589112242999085,1.1429362264462282,2.9591901768591042,0.275304913520813,0.1215304434299469,0.033457928218627586,0.44143782411255494,5.445703769584309,0.13883172207864725,0.5790513753890991,0.0015696935695785896,0.8085470846622774,0.0,ADL,ADL_043
237,33.394073349990045,138.35092375603696,0.7752636215109024,0.08243516087532043,0.8101690037630715,1.9196152453858353,32.023542324000545,2.8262972569067353,1.0884843458420066,3.076380320839186,0.3005252182483673,0.11574047803878784,0.03478293242277708,0.385126058928859,7.11555041722951,3.515704319402446,0.7566091418266296,0.03975012612448481,0.8144773702778331,0.0,ADL,ADL_043
238,30.04238457474465,150.70921685995577,0.8099386163004191,0.08612221479415894,0.8470572036606608,0.7533165530644229,100.55066325736189,2.9667066437712712,1.2099487081925095,3.589562871217186,0.31545519828796387,0.12865599989891052,0.04058520395904708,0.4078410904497969,4.212281605936079,15.395476511340004,0.44789940118789673,0.17406814608809995,0.8330978634736408,0.0,ADL,ADL_043
239,29.485488278299375,155.50786407366527,0.8257586955409185,0.0878043919801712,0.7861675069695812,3.3949484489700086,16.70688889335821,3.103208973179145,1.0714073656571454,3.324800951037483,0.32996973395347595,0.11392465233802795,0.037591687222721326,0.3452568383052138,4.095069882236206,7.94285760539108,0.43543606996536255,0.08980550208977256,0.8361917317872257,0.0,ADL,ADL_043
240,27.712758609273493,170.88616328852555,0.9922411044257876,0.1055067628622055,0.8155228496409166,1.2241141738250174,53.181890070776454,3.0662570103280844,1.2794421994514433,3.9230986133775714,0.3260405659675598,0.13604536652565002,0.04435630829928705,0.4172638728498383,1.1085588855318118,17.948929870202647,0.11787503957748413,0.20293863229697173,0.8460402299484806,0.0,ADL,ADL_043
241,26.79975255880692,171.61480638951792,1.0524294086286825,0.11190669238567352,0.9078985526177897,0.09845280292695027,27.390181513997227,3.177703722203981,1.2454342632520885,3.957621094096534,0.3378908932209015,0.13242924213409424,0.044746634913256145,0.39192784671965125,3.3434013562768916,1.035674421568884,0.35550981760025024,0.011709798419072825,0.851112485784406,0.0,ADL,ADL_043
242,22.914787748371303,169.65961987221158,1.0859661996641456,0.1154727190732956,0.943246631946917,0.8567302539098036,116.54894431306847,3.163470149328864,1.2691837912755977,4.015025037712389,0.33637741208076477,0.134954571723938,0.045395669584966214,0.4011986705363699,0.42700718625349854,1.722118308475653,0.04540443420410156,0.019471040151302077,0.8726956236201594,0.0,ADL,ADL_043
243,19.536249342904217,168.01606775663447,1.0541881450376176,0.11209370195865631,0.9764587224039338,0.6459341338842982,101.3561521640126,3.246043874766059,1.2468866572076425,4.047448796156395,0.3451576232910156,0.13258367776870728,0.04576226710582887,0.38412390368390487,2.477211763115843,0.9727127533201774,0.26340633630752563,0.010997925625879645,0.8914652814283099,0.0,ADL,ADL_043
244,15.605713760405507,169.23782043016493,1.140290694499784,0.12124913930892944,1.0208664663836455,0.2405320784806391,117.9160674749613,3.501241712821827,1.3666629128822865,4.785017197950045,0.37229326367378235,0.14531970024108887,0.05410154547885071,0.39033558778768407,7.655935141673047,22.127052053809486,0.8140692114830017,0.25017835119065523,0.9133015902199694,0.0,ADL,ADL_043
245,12.82473143061975,169.5767471769336,1.187415160712453,0.1262599676847458,1.0601151568049083,0.2706758395612708,83.42946989357273,3.5933767982358207,1.3610851259063157,4.890891711855636,0.38209015130996704,0.14472660422325134,0.05529861010623982,0.3787750742906987,2.7640525624198053,3.17623541716773,0.29390662908554077,0.03591193882167332,0.9287514920521125,0.0,ADL,ADL_043
246,12.793379617111182,166.26154911582674,1.216418615963642,0.12934395670890808,1.0922543479832951,0.117577484817577,0.9405544052570392,3.723024119661267,0.9690441419529104,3.6077747135071423,0.3958757817745209,0.1030401885509491,0.04079111519680101,0.2602834854043994,3.889419642763383,38.4935099504548,0.413568913936615,0.43522484728316435,0.9289256687938268,0.0,ADL,ADL_043
247,12.657571435276562,164.89242046355858,1.2757942578210857,0.13565747439861298,1.1191746465238213,0.9691954913809304,4.074245455038579,3.7315644315523677,1.044675693348207,3.898274659805478,0.39678388833999634,0.11108222603797913,0.04407563757281174,0.27995578788977266,0.25620935673302814,8.714998388950074,0.027243196964263916,0.09853567128032203,0.929680158692908,0.0,ADL,ADL_043
249,42.90714052974892,144.21730953837087,0.9455743300945195,0.10054460167884827,0.6307973692836367,8.764130368162538,453.7435364170854,3.328683745508833,0.9255920014451133,3.0810030501833374,0.35394486784935,0.09841984510421753,0.03483519906916577,0.2780646817611895,6.043210290653018,12.259074144332109,0.6425853073596954,0.13860657755468964,0.7616269970569505,2.5207974245393627,ADL,ADL_043
250,40.903555537493254,135.45380202706815,0.9558097555794437,0.10163295269012451,0.6495445184343693,0.24010745925202764,60.10754976767004,3.2609806619280315,0.9233262444523116,3.0109490278096227,0.34674587845802307,0.0981789231300354,0.034043136946786845,0.28314291845000955,2.0310925074240505,2.1016206712114416,0.21596968173980713,0.023761863671367678,0.7727580247917041,0.0,ADL,ADL_043
251,38.87316485330272,133.77252501174675,0.986893985189188,0.10493819415569305,0.6846958435070708,0.5511263296821606,60.91172052571608,3.224452757752145,0.8976545786929496,2.8944447817753214,0.3428618013858795,0.09544920921325684,0.03272588781171493,0.27838893232932627,1.0958371252765975,3.4951273810290395,0.11652231216430664,0.03951747405215755,0.7840379730372071,0.0,ADL,ADL_043
252,36.142090564311836,133.91692427697242,1.0011044352350238,0.10644921660423279,0.7153617601143712,0.32686851886444,81.93222866972647,3.2264564560130973,0.8715327885235877,2.8119625921590274,0.34307485818862915,0.09267163276672363,0.03179330726955243,0.270119947395923,0.06011094782857107,2.4744656884888183,0.006391704082489014,0.027977416264874932,0.7879386569927235,0.0,ADL,ADL_043
253,34.31598351913278,132.10477245334187,1.0556937915696971,0.11225380003452301,0.7362111247926285,0.142323116298832,54.78321135537172,3.0473522055231643,0.8669401742133391,2.6418720519456556,0.32403038442134857,0.09218329191207886,0.029870187515496305,0.2844887759150204,5.373127514697988,5.102716206401157,0.5713342130184174,0.05769359262168372,0.7685214188439721,0.5825171444625421,ADL,ADL_043
254,33.488283904113885,132.7519052312231,1.0596030912401075,0.11266948282718658,0.7143554265563982,1.050903161757789,24.830988450566807,3.0805305226355952,0.8158888910353499,2.513370631913703,0.3275582939386368,0.08675491809844971,0.02841729296311435,0.264852561669955,0.9953495133729273,3.8550426009585825,0.10583728551864624,0.043586836571458676,0.7507857942159195,0.5320687388415768,ADL,ADL_043
255,32.2829938228156,135.29463138748324,1.1440482243270969,0.12164868414402008,0.7332467780788274,0.3748042460389676,36.15870243894861,3.154557349678803,0.7848981337112438,2.47600617644798,0.33542969822883606,0.08345961570739746,0.027994833711026956,0.24881329034011077,2.2208048112962286,1.1209336639716794,0.2361421287059784,0.01267377756262178,0.7509877889318288,0.0,ADL,ADL_043
256,30.806503250437014,138.07509075292396,1.0638910447572865,0.11312542855739594,0.669225829888047,3.828837830047637,44.29471717135751,2.8760591270410107,0.6644570616601865,1.911017796714631,0.30581648647785187,0.07065290212631226,0.021606822287732363,0.2310296345053151,8.354946679133764,16.94965139200048,0.8883963525295258,0.19164034269883778,0.6609937355737407,2.6998216007426423,ADL,ADL_043
257,29.072915109667736,133.70536354722603,1.113074704021182,0.11835521459579468,0.7235812953010857,0.8128599405379219,52.007644223078344,2.8834627767000103,0.6608173881930262,1.9054423410507122,0.30660372972488403,0.07026588916778564,0.021543783691278406,0.22917418537814185,0.222109489769986,0.16726366991756114,0.023617297410964966,0.0018911578936187112,0.6696557488591277,0.0,ADL,ADL_043
258,26.95594242851508,124.03228449962835,1.197424402885503,0.12732426822185516,0.800250290970115,2.5689042915912417,63.5091804345797,3.0225955031115266,0.7124045604568934,2.1533108208331497,0.32139796018600464,0.07575124502182007,0.02434629563156321,0.23569225294935683,4.173981792345489,7.4360543934731265,0.44382691383361816,0.08407535820854406,0.7244970389524076,0.0,ADL,ADL_043
259,27.332222192363986,125.34604129173512,1.253201151538336,0.13325510919094086,0.8351530105934579,1.3733152807971984,11.288392915467185,3.0837689799801433,0.7636369023950694,2.3548797915740396,0.3279026448726654,0.08119887113571167,0.026625324606074585,0.2476302792158458,1.8352043060585022,6.047069122226696,0.195140540599823,0.0683708692353413,0.7574399245303276,0.0,ADL,ADL_043
260,25.321242162278406,117.37714556235399,1.3663012157769907,0.14528124034404755,0.9149989428673125,3.7987066814193406,60.32940090256741,3.0167385605238746,0.7445556633958187,2.246129780222601,0.32077518105506897,0.07916992902755737,0.025395748317931677,0.24680738067009392,2.0109125836880626,3.2625003405431574,0.21382391452789307,0.03688728864428725,0.7497109376835442,0.23186960540350077,ADL,ADL_043
261,23.396212917047873,142.93612198528712,1.3595305710868482,0.144561305642128,0.8721509388263616,0.21078350757317046,57.75087735691599,3.0194730803284604,0.7505457374247845,2.2662526497094095,0.3210659474134445,0.0798068642616272,0.025623266484255502,0.2485676738280327,0.082035594137575,0.6036860846042558,0.00872299075126648,0.006825544989714771,0.7639029633695535,0.0,ADL,ADL_043
262,24.058422932129453,148.50732596224836,1.3463976448854986,0.14316485822200775,0.8583659488392928,0.41490343616268666,19.866300452447412,2.815885397227481,0.8927054523966986,2.5137562474292157,0.299418106675148,0.09492295980453491,0.02842165290467502,0.3170237225626376,6.107630493029386,7.425107931594184,0.6494352221488953,0.08395159261258556,0.8032409319309576,0.0,ADL,ADL_043
263,20.628443970446803,160.5368259666083,1.4473202462563588,0.15389613807201385,0.8651016990779751,4.730960299911078,102.8993688504795,3.5819378645214197,0.7088949353871428,2.539217611030672,0.38087382912635803,0.07537806034088135,0.028709530474149147,0.19790769716597398,22.981574018818165,0.7638409080436936,2.4436716735363007,0.008636327084223794,0.8267216366446295,0.0,ADL,ADL_043
264,18.48304631041759,144.53588051842885,1.4112974007273094,0.15006576478481293,0.8825637794741313,0.7140708055487051,64.36192980087644,3.537906532174728,0.7119342561231574,2.5187568552170747,0.3761918991804123,0.07570123672485352,0.028478192013828618,0.2012298395046239,1.3209399704007563,0.6138226744079223,0.1404578983783722,0.006940153809615879,0.8350843680465281,0.0,ADL,ADL_043
68,3.971731011618447,146.62766426274337,1.2764853788493935,0.14545579254627228,0.911050641992035,0.0,0.0,2.7134617700457753,0.9238741156182072,2.5068970930648553,0.30919957160949707,0.10527566075325012,0.03255118920581168,0.3404769279864313,0.0,0.0,0.0,0.0,0.892400431538978,0.0,ADL,ADL_044
108,19.365222755966577,178.56431921169556,1.4080841486718552,0.1604515016078949,0.9628000050639562,0.20383287420560475,11.5451188082611,3.237154899425729,0.9324462877454617,3.018473068826554,0.36887452006340027,0.10625246167182922,0.03919382580475084,0.2880442205911825,0.3927698470349652,0.383681981821274,0.0447562113404274,0.004981977449204367,0.8914599517682533,0.0007053598280434836,ADL,ADL_044
109,20.125665952433163,178.79925828783593,1.3921449718924006,0.1586352288722992,0.9725356293424219,0.27263775666143725,22.81329589399757,3.193138563549701,0.939762030933879,3.0007903815347556,0.3638588488101959,0.10708609223365784,0.0389642222437212,0.2943058778917877,1.320490076280838,0.5304806187539501,0.15047013759613037,0.006888106830889029,0.8843117864849976,0.21444495849767042,ADL,ADL_044
110,20.00241997326259,178.79832138557205,1.3741242135300555,0.15658175945281982,0.9636530115135853,0.0013259980682566736,3.697379375117187,3.1712002262791867,0.9746041340212861,3.090664850340933,0.36135897040367126,0.1110563576221466,0.04013121104712081,0.3073288873089257,0.6581501181154259,2.6962340641853233,0.07499635219573975,0.035009664101988136,0.8888754445929856,0.0,ADL,ADL_044
111,21.24751010525905,177.8035850310575,1.384444767725613,0.15775778889656067,0.9601289166475646,0.044142397230840506,37.35270395989378,3.1633083146993752,0.9578672660962334,3.0300294872205735,0.36045968532562256,0.10914918780326843,0.03934388188911342,0.3028046947884716,0.23675734739434517,1.8190608936107866,0.02697855234146118,0.023619874740221647,0.8819582771930052,0.20751502199941152,ADL,ADL_044
112,20.01987353476918,178.78577517098736,1.4098967383389267,0.16065804660320282,0.9782282672031072,0.5518701960232871,36.829097114696125,3.166841171091093,1.031641927850443,3.2670461309405696,0.36086225509643555,0.11755582690238953,0.04242146079572251,0.3257628069418551,0.1059856917515356,7.110499311599883,0.012077093124389648,0.09232736719827273,0.8887784803623935,0.0,ADL,ADL_044
113,19.270753001054892,178.6073476663911,1.465996395073244,0.16705061495304108,0.9855000719939965,0.06101160342463842,22.473616011428597,3.3020179126241636,1.0647084489091727,3.5156863700203766,0.37626567482948303,0.12132376432418823,0.045649968056293844,0.3224408974809419,4.055302245992114,7.459207172394211,0.46210259199142456,0.09685521781714002,0.8929402611052506,0.0,ADL,ADL_044
114,6.153108865293524,175.11599201385272,1.440797854859958,0.1641792356967926,0.9859461251903301,0.6388446847015429,393.529324072841,3.1312460998698577,0.9721673837250441,3.0440953287097274,0.3568061888217926,0.11077868938446045,0.03952652196194251,0.31047213412448615,5.123154382629176,14.147731239319477,0.5837845802307129,0.1837033828305401,0.9658160618594804,0.0,ADL,ADL_044
115,11.53802668407128,173.27564705509616,1.4333113273049587,0.16332614421844482,0.9882987909936838,0.055064227473522694,161.54753456333268,3.132755174594481,0.9181265547606118,2.8762657153589095,0.3569781482219696,0.10462072491645813,0.0373473126463173,0.29307236973797973,0.045272241738700814,5.034888400524538,0.005158782005310059,0.06537627946875624,0.9114332152017157,1.6314853997329415,ADL,ADL_044
116,19.240156227413546,178.993984499116,1.4424278909468238,0.1643649786710739,1.0107723659459902,0.7306837816775451,231.063886300268,3.1553442186093386,0.9273094183058899,2.9259804119134785,0.35955217480659485,0.1056671142578125,0.03799284073693343,0.2938845257440747,0.6776713204457252,1.4914408966370685,0.07722079753875732,0.01936584271848396,0.8768629435056415,1.0371081508822255,ADL,ADL_044
117,20.338151618776454,177.23326912201895,1.4385206427928356,0.16391974687576294,0.9903207418942148,0.7678352660159791,32.939861740887224,3.165336280975758,1.1226966721229537,3.55371250880153,0.36069077253341675,0.12793153524398804,0.04614372427854008,0.35468381866718535,0.29976187099258755,18.83196290664154,0.03415793180465698,0.24452650624819938,0.8870102687845752,0.0,ADL,ADL_044
118,19.215184125406907,178.64360141801276,1.451050278385539,0.16534750163555145,0.990365726444065,0.012777442923999958,33.68902480108641,3.267824423976456,1.1441830715903223,3.7389893868432567,0.37236931920051575,0.13037991523742676,0.04854948027438155,0.3501350900290717,3.074644290020929,5.558306341251806,0.35035640001296997,0.07217267987524423,0.8932489770810728,0.0,ADL,ADL_044
119,18.947728121991386,178.4513416903157,1.4538229743462143,0.1656634509563446,1.0010197416922906,0.13062650200811377,8.02368010246564,3.277723640324289,1.1869801169349472,3.890592789872566,0.37349733710289,0.13525664806365967,0.05051799787723965,0.36213453883838753,0.2969764904349992,4.548102090879276,0.03384053707122803,0.05905552808574299,0.8947348437667145,0.0,ADL,ADL_044
120,18.543953152633993,176.2726848733107,1.4840036842244422,0.16910254955291748,0.9943311668209698,0.2428224154817014,12.113249080721786,3.2167826521813923,0.9574864666509905,3.080025855621363,0.36655309796333313,0.10910579562187195,0.03999306739095143,0.2976526418012818,1.828229644286905,24.317008027536083,0.20832717418670654,0.3157479145886466,0.8969780380409222,0.0,ADL,ADL_044
121,20.215080249073168,175.00237314780625,1.4883960855178024,0.16960306465625763,0.9979601384572805,0.3590747845842162,50.133812893175254,3.317801735783787,1.2246157082604312,4.06303212253455,0.37806424498558044,0.1395452320575714,0.05275706279918335,0.36910357116506104,3.0305725080718426,29.490188007395616,0.34533441066741943,0.3829198622469576,0.8876939986162602,0.2785211827398615,ADL,ADL_044
122,6.629281992100099,175.25069153597482,1.5081004952735206,0.1718483865261078,1.0247819147673387,0.6686443335964473,407.57394770919205,3.1380445207349985,1.0549036478084084,3.310334611908538,0.35758087038993835,0.12020650506019592,0.04298354670595739,0.3361649876966981,5.392716451463655,22.580925318780363,0.6145012378692627,0.29320548279677894,0.9631706555994439,0.0,ADL,ADL_044
123,18.359798570232083,173.46983839442825,1.468259353314978,0.1673084795475006,1.0166580189101022,0.7598282776807368,351.91549734395954,3.2312260926783303,0.8697239637361158,2.810274765051759,0.3681989312171936,0.09910523891448975,0.03649044304633975,0.26916148133669693,2.795447158299953,15.001795405703376,0.31854182481765747,0.19479310978852915,0.8626241905938461,3.016393950167935,ADL,ADL_044
124,19.712384884728746,172.3049063226695,1.4772044787450598,0.16832777857780457,1.0072129634390987,0.39080850758459557,40.57758943489986,3.2706532198554035,1.0342489394371062,3.3826696239020073,0.37269166111946106,0.11785289645195007,0.04392279174641711,0.3162200621229139,1.1828138153121959,17.17184576550745,0.13478189706802368,0.22297046100232087,0.8904867506403958,0.0,ADL,ADL_044
125,20.027574735304942,173.85674863882807,1.472015301689383,0.1677364706993103,1.005695257957818,0.26779668679093804,9.45569551728589,3.300369961178782,1.1819682626978658,3.9009325492747076,0.37607789039611816,0.13468554615974426,0.050652256066605617,0.35813109855190767,0.8915022397013495,15.547887761181007,0.10158687829971313,0.20188392960565515,0.8887356959149726,0.052531641762697534,ADL,ADL_044
126,20.898296658527673,175.526783710916,1.478434884644885,0.16846798360347748,1.008793699597786,0.18490611524006448,26.12165769668195,3.33049104037465,1.2057577665023287,4.015765438198155,0.37951019406318665,0.13739636540412903,0.05214332129809751,0.36203507973799914,0.9036323758760512,3.444986667703427,0.10296911001205444,0.044731956944756845,0.8838983518970684,0.14512032053712431,ADL,ADL_044
127,20.627970142751714,175.70553899228548,1.5444249962013379,0.17598757147789001,1.0211827584722077,0.09232948087698466,8.109795473278787,3.453655076331173,1.1815686325108252,4.080730505704693,0.3935447633266449,0.13464000821113586,0.05298687016574899,0.34212033455276714,3.694921078695681,1.9489520251961423,0.42103707790374756,0.02530646602954434,0.8854001658736016,0.0,ADL,ADL_044
128,21.457249383514803,175.0220133783601,1.528519557834271,0.17417514324188232,1.020317459732794,0.024142580213170322,24.878377222892674,3.4437759984155396,1.1460572534753573,3.9467644623284692,0.3924190402030945,0.13059347867965698,0.051247367560254276,0.3327900344031084,0.2963723374689975,4.018981301286719,0.03377169370651245,0.052185078164841414,0.8807930589804733,0.13821320679384796,ADL,ADL_044
129,22.053101705827576,176.36776913206492,1.543299074764682,0.175859272480011,1.019247768983451,0.01828935797104323,17.875569669383182,3.454555290404336,1.175312641624691,4.060182504003673,0.39364734292030334,0.1339271366596222,0.05272006149098463,0.3402202475084129,0.32337875966389706,3.402541250256106,0.03684908151626587,0.04418081792191053,0.8774827683009578,0.09930872038546479,ADL,ADL_044
130,22.355989648938746,175.7089136959517,1.5755924892573827,0.17953911423683167,1.0330338335149916,0.05965422078671887,9.086638293335092,3.4633748775557667,1.216545427709702,4.213352871735117,0.3946523368358612,0.1386256217956543,0.05470892558697926,0.3512592162708853,0.2645876145429149,4.59511103194334,0.03014981746673584,0.05966592287983907,0.8758000575058958,0.05048132385185977,ADL,ADL_044
131,21.636282806162868,173.3966417874251,1.580122067273978,0.18005526065826416,1.0357118526905171,0.09226278866645103,21.591205283276338,3.4759195515881003,1.18186547823222,4.108069323134393,0.396081805229187,0.1346738338470459,0.05334185522727353,0.3400143406102142,0.3763402209700084,3.1585064580217193,0.04288405179977417,0.04101211079117206,0.8797984288546508,0.0,ADL,ADL_044
132,21.347898845820755,176.3624822641205,1.5723734785622934,0.1791723072528839,1.0354484838434295,0.03613148582439042,8.65151881026339,3.4822736192544306,1.1931409079597706,4.154843107841588,0.39680585265159607,0.13595867156982422,0.05394919659764241,0.34263186399454276,0.19062202998990863,1.4032135412158286,0.02172142267227173,0.01822024111106657,0.8814005619676625,0.0,ADL,ADL_044
133,21.003831419972435,175.8544624094643,1.6185675112658044,0.1844361275434494,1.047566458497388,0.2879259651584676,10.322022775449575,3.5524367016546843,1.192574678015436,4.236546055646053,0.4048009514808655,0.13589414954185486,0.055010081035225866,0.335705272775293,2.104892472007611,2.4510884341339523,0.23985296487808228,0.03182653312750361,0.8833120476668198,0.0,ADL,ADL_044
134,20.85739005197091,175.3644694880818,1.638573082121246,0.186715766787529,1.0631656357721615,0.26068023561988,4.3932410400457655,3.5871213588176163,1.181887970507145,4.239575582735784,0.40875327587127686,0.13467639684677124,0.055049418393657845,0.3294800930453947,1.0405397148879603,0.09088581269194762,0.11856973171234131,0.0011801207529593682,0.8841256108223838,0.0,ADL,ADL_044
135,20.751847042562634,175.49527113049348,1.632512721719344,0.18602518737316132,1.0749093494328903,0.09003448422038655,3.1662902822482764,3.6343883514964768,1.179152805261025,4.285499220075063,0.41413936018943787,0.13436472415924072,0.05564572089533826,0.3244424766950486,1.4180097803658143,1.377709120178352,0.16158252954483032,0.017889075050412373,0.8847119608746521,0.0,ADL,ADL_044
136,20.45547931626647,174.60907804667386,1.635018256530764,0.18631069362163544,1.0834621677421863,0.4583088707870344,8.891031788884938,3.6414386335331623,1.1818184013777255,4.303519184597251,0.41494274139404297,0.1346684694290161,0.055879703884215814,0.32454633241746117,0.21150846110056687,0.5405989356656438,0.024101436138153076,0.007019489666326706,0.8863584482429641,0.0,ADL,ADL_044
137,22.09241800141373,175.89288494371118,1.623549942468827,0.1850038766860962,1.0802142570891988,0.14959062822690894,49.108160554417815,3.6307194953028863,1.180389618843823,4.285663601189411,0.4137212932109833,0.13450565934181213,0.05564785532709049,0.32511097794099086,0.3215741469082811,0.5356675022352064,0.03664344549179077,0.0069554567137597445,0.8772643444365904,0.27282311419120964,ADL,ADL_044
138,22.565058880784985,174.056878806945,1.6190797335965106,0.1844944953918457,1.0925035391859008,0.017206590317673874,14.179226381137653,3.5924067818869254,1.142028782421046,4.102631943079434,0.4093555510044098,0.1301344335079193,0.05327125273328104,0.31789996566225087,1.1493814024788263,5.490949743299307,0.1309722661972046,0.07129807781428354,0.8746385617734167,0.07877347989521111,ADL,ADL_044
139,22.00971387978831,174.67630702831624,1.6154325850636035,0.1840789020061493,1.101026149846896,0.3365602789223078,16.660350029900215,3.6158324862213798,1.1290952012629731,4.082619108763326,0.41202491521835327,0.128660649061203,0.05301139302138047,0.3122634870989104,0.7027711300336303,0.6003850294832436,0.08008092641830444,0.007795791357017023,0.8777238117789539,0.0,ADL,ADL_044
140,21.426921936481556,178.0262215266482,1.6120162438867587,0.18368960916996002,1.1141150846248002,0.18256011865776423,17.48375829920267,3.627312961804061,1.1783619141055204,4.274287444731198,0.41333311796188354,0.13427460193634033,0.055500139881438315,0.3248572912355683,0.3444142674804418,5.750050079036164,0.0392460823059082,0.07466240580173533,0.8809615447973247,0.0,ADL,ADL_044
141,20.756866445913648,176.8829406806372,1.594037070079217,0.1816408783197403,1.1049184903302944,0.6225757084025476,20.10166471703723,3.5876041581142633,0.9921125392838847,3.559307071252165,0.40880829095840454,0.11305144429206848,0.046216367731419794,0.2765383438987722,1.191264110693937,21.449411204370982,0.13574481010437012,0.27851316450055563,0.8846840753004798,0.0,ADL,ADL_044
142,19.758772494954933,179.0744018027162,1.5943745849721331,0.18167933821678162,1.110962112295043,0.0894421004679997,29.942818528761457,3.617358299383157,1.0141816455946608,3.668658392773913,0.4121987819671631,0.11556622385978699,0.0476362567115487,0.28036459240289774,0.8926242380668059,3.2805396456524427,0.10171473026275635,0.04259666940386708,0.8902290416946947,0.0,ADL,ADL_044
143,13.07515311040964,175.5139759773543,1.6092143864301052,0.18337033689022064,1.1489033108676192,0.05696691700933478,200.50858153635875,3.5889399638605397,0.7114361481794619,2.5533016239362794,0.4089605063199997,0.08106830716133118,0.033153735943203255,0.1982296766529849,0.8525500656785123,33.46070306512902,0.09714826941490173,0.43447562305036325,0.8494979311031896,1.2219333177451541,ADL,ADL_044
144,15.847206015899607,178.66130300577004,1.6219072217850556,0.18481668829917908,1.1646817724965919,0.29005226975312765,83.16158716469899,3.64840535415312,0.7346047605807609,2.6801359416892185,0.4157366007566452,0.08370837569236755,0.034800635565205074,0.20134906137914338,1.7839617087774107,3.8050295325881756,0.20328283309936523,0.04940698866005455,0.855067170492019,0.0,ADL,ADL_044
145,13.592999448607996,175.09283771141176,1.653439298925351,0.18840977549552917,1.1651582948793067,0.42522168821994333,67.62619701874833,3.657036503117533,0.5907222009612881,2.1602926521173615,0.41672012209892273,0.06731292605400085,0.028050650764058993,0.16152991169480937,0.25893446893239247,15.59529868715571,0.029505640268325806,0.20249954403438242,0.7816447854952364,2.2026715499034766,ADL,ADL_044
146,6.694393058793687,172.9597335213658,1.6380939443577263,0.18666116893291473,1.1974182324977003,0.35193479498591107,206.95819169442927,3.6037753191711426,0.9828159066735787,3.541847707759052,0.41065099835395813,0.11199209094047546,0.04598966395245352,0.2727177546666772,1.597835518391717,41.44665166925071,0.182073712348938,0.5381703956518358,0.9628089274511462,0.0,ADL,ADL_044
147,4.1955243029032925,174.33607363131097,1.6109339993095504,0.18356628715991974,1.1768616009065944,0.5872131445348977,74.96606267671184,3.602687843832324,0.998305237954532,3.5965821452129276,0.4105270802974701,0.11375710368156433,0.04670037163748919,0.2770994461551462,0.03262426016455766,1.6420331236162689,0.0037175416946411133,0.02132123055107016,0.9766915316505372,0.0,ADL,ADL_044
148,5.320193724651943,175.88851077258076,1.6893382773961556,0.19250047206878662,1.2369574287422782,0.5834823038162228,33.740082652459506,3.662876517686594,0.9629547048385861,3.527184175949082,0.41738559305667877,0.10972890257835388,0.04579926307812476,0.26289512984776997,1.8056602156280954,2.081939077915367,0.20575538277626038,0.027033256780932824,0.9704433681963781,0.18744490362477384,ADL,ADL_044
149,14.058050335861243,168.57701926122044,1.6337881121690194,0.1861705183982849,1.1897709897922188,1.5460823630176184,262.13569833627895,3.7913284613241904,0.811362002605266,3.0761398529143373,0.43202272057533264,0.09245488047599792,0.03994260899370783,0.21400417632826813,3.853558309127898,13.531329691042343,0.4391138255596161,0.17569962253250804,0.9218997203563264,1.4563094352015515,ADL,ADL_044
150,2.4292545264344687,177.6963768451599,1.625253993832481,0.18519805371761322,1.2070087031414751,0.03743786853660779,348.8638742828032,3.7584822860983023,0.9094926596463535,3.418312050617252,0.42827989161014557,0.10363689064979553,0.04438559629430694,0.24198345683872785,0.9853852567766452,10.26516593108744,0.11228486895561218,0.13328961901797332,0.9865041415198086,0.0,ADL,ADL_044
151,1.3303768911909077,175.17973732650177,1.6255958241037258,0.18523700535297394,1.2172599497456937,0.2483304074575368,32.96632905730683,3.6976542824061918,1.0004234348686958,3.699219998161745,0.42134852707386017,0.11399847269058228,0.048033088556846515,0.27055559663794043,1.824840110763315,8.427238426334794,0.207940936088562,0.10942476787618727,0.9926090172711617,0.0,ADL,ADL_044
152,2.091162524994972,176.98581652253375,1.5968938505327808,0.1819664090871811,1.204637337365364,0.2256550558761061,22.823569014121933,3.6823226585877946,1.0839660208543156,3.9915126397310963,0.4196014851331711,0.12351816892623901,0.051828407122379794,0.2943694885101491,0.45994871455191433,8.768779247080536,0.05241125822067261,0.11385955696599837,0.9883824304166946,0.12679760563401254,ADL,ADL_044
153,5.206639580275516,176.0084332910591,1.6083485646145306,0.18327167630195618,1.2148031917862916,0.11866113482414083,93.4643116584163,3.7513365426622256,1.0452976156488425,3.9212631435411964,0.42746563255786896,0.11911189556121826,0.05091624178124299,0.2786460661232858,2.0704165222329296,2.107484885696995,0.23592442274093628,0.027364960234104174,0.9710742245540249,0.5192461758800904,ADL,ADL_044
154,1.874116612767623,177.7267980408975,1.538565889352399,0.17531992495059967,1.1988042535554373,0.37903537088980777,99.97568902523678,3.72106690983662,1.1134923624550725,4.1433795842873735,0.42401640117168427,0.12688270211219788,0.053800346720553005,0.2992393749916485,0.9080889847681739,6.663493222385313,0.10347694158554077,0.08652314817930051,0.98958824104018,0.0,ADL,ADL_044
155,2.5400346234549787,176.2160177439772,1.4358104544334056,0.16361092031002045,1.173621536396023,0.685823462415666,19.97754032062067,3.6587512775424886,1.0990570296386308,4.021176311282393,0.41691552102565765,0.12523779273033142,0.052213579608269445,0.3003905732069181,1.8694689688239352,3.666098190149407,0.21302640438079834,0.04760301336850681,0.9858886965363612,0.11098633511456124,ADL,ADL_044
156,2.0224095310466597,177.44626384512378,1.4543671043227444,0.1657254546880722,1.1630149903094125,0.23802057632328077,15.52875277224957,3.6266358397135843,1.1091688764459302,4.022551599613659,0.4132559597492218,0.12639003992080688,0.05223143725021551,0.30583886596248644,0.9634631348671308,0.041258649937976344,0.10978683829307556,0.0005357292583818563,0.9887643914941853,0.0,ADL,ADL_044
157,1.7773012571869502,178.91370471983402,1.3693899819654505,0.15604229271411896,1.111973218514349,0.28632142903445285,7.353248215791284,3.557437571292384,1.1051579284430142,3.9315303368548387,0.4053708016872406,0.1259329915046692,0.05104955772512021,0.31066046276655224,2.075948052636014,2.730637882764615,0.23655474185943604,0.03545638575285892,0.9901261041267392,0.0,ADL,ADL_044
158,2.1991676005706995,179.05530026034805,1.4573377846103763,0.16606396436691284,1.11986486855608,2.1938245732185875,12.655990301512478,3.564816083620127,1.0617177609583808,3.7848285505295847,0.40621158480644226,0.12098297476768494,0.049144685914979114,0.2978316755630123,0.2213553698322901,4.40105358975762,0.025223493576049805,0.057146154304232866,0.9877824022190517,0.07031105723062536,ADL,ADL_044
159,1.1978062232372513,175.06043029487142,1.5166597212657893,0.1728237122297287,1.1165084195996753,2.290928431755538,30.040841320003448,3.4879319956265675,1.013333739137602,3.5344391709859475,0.39745062589645386,0.11546960473060608,0.045893466672195515,0.29052492732961877,2.3065226398067784,7.511681386309115,0.2628287672996521,0.09753657728350795,0.9933455209820152,0.0,ADL,ADL_044
160,2.2419584653399,174.77227031352726,1.4685092529509185,0.16733695566654205,1.1054394741866984,1.6534568219767463,31.32456726307946,3.4207713703907294,1.023758908565369,3.5020451646028747,0.3897976577281952,0.116657555103302,0.045472841735564984,0.29927644128689324,2.014818757075143,0.9718201914921831,0.22958904504776,0.012618748098915944,0.9875446751925561,0.1740253736837749,ADL,ADL_044
161,12.049595858583885,171.48412977279,1.377265416646189,0.15693970024585724,1.1215069353946499,2.4485770482433913,294.2291217973195,3.2642873829754495,0.8174529629625894,2.668401393174678,0.37196627259254456,0.09314894676208496,0.034648266523014115,0.25042242591089714,4.694519622458397,25.009313142845905,0.534941554069519,0.32473725637652606,0.8742249303543719,3.3995923451455257,ADL,ADL_044
162,2.757296000378284,157.9111184333643,1.4059753671285902,0.1602112054824829,1.1942015756453357,4.594030153469065,278.768995746168,3.1841837612106394,1.1048045904962263,3.517900836369054,0.3628384470939636,0.1258927285671234,0.04567872213371693,0.3469653853113752,2.4031086529443035,25.484983295831285,0.273834764957428,0.3309136683210845,0.9846816888867873,0.0,ADL,ADL_044
163,0.7861293537145875,151.93302626383257,1.3238011483802719,0.1508474349975586,1.1105504513562983,0.6566907356260979,59.13499939991089,3.098896716227925,1.1644195805708666,3.6084160145425557,0.35311996936798096,0.13268586993217468,0.04685403032601343,0.37575188516744573,2.5586113494814366,2.715455345205049,0.29155433177948,0.03525924576889494,0.9956326147015857,0.0,ADL,ADL_044
164,5.467189265714523,155.42352805734168,1.1415569677237807,0.1300806701183319,1.024298984701651,0.32001276456755434,140.43179735999806,3.002876671496666,1.2950834825244952,3.888975977313467,0.34217846393585205,0.14757505059242249,0.05049700412697078,0.431279682582261,2.8806013419377674,8.416798883127337,0.3282451629638672,0.1092892140287205,0.969626726301586,0.780176651999992,ADL,ADL_044
165,5.061987464208574,141.4118698025788,1.1769999545511918,0.1341194063425064,1.0148199292801796,2.6079439699202873,12.15605404517846,2.891374357012628,1.3308425381222195,3.847963987948186,0.32947275042533875,0.15164980292320251,0.04996447767056811,0.4602788620563189,3.345069434521144,1.2303596809584283,0.38117140531539917,0.01597579369208013,0.9718778474210634,0.0,ADL,ADL_044
166,6.06184436849586,144.1771141855405,1.0088193303296773,0.11495518684387207,0.8925540150921765,1.6624210396867063,29.995707128618587,2.6856283644402503,1.2260423984896895,3.2926942413902665,0.30602794885635376,0.1397078037261963,0.04275449261355391,0.4565182615837217,6.172379777171324,16.658092396737587,0.7033440470695496,0.21629955171042603,0.9663230868416897,0.1666428173812129,ADL,ADL_044
167,9.374237452623746,141.96380895391542,0.9582849424108302,0.10919678211212158,0.8451763918052541,1.7874453960099959,99.37179252383656,2.5994949822289595,1.3926175712039075,3.6201023885084385,0.2962130308151245,0.15868908166885376,0.04700577383839999,0.5357243923664645,2.5840014663387256,9.82224441354516,0.29444754123687744,0.12753843674538246,0.9479209030409792,0.5520655140213138,ADL,ADL_044
171,4.673305328518909,121.328758004822,1.0677726290605918,0.12167292833328247,0.9178719474392216,2.5111578801511736,35.25699093078627,2.313257506918355,1.5979976720016322,3.6965801107958307,0.26359620690345764,0.18209218978881836,0.04799881053507704,0.6907971140054969,2.146781064829534,0.5735829171554419,0.24462617933750153,0.007447775225077891,0.9740371926193394,0.0,ADL,ADL_044
172,6.959222476724241,129.02277263790123,1.050497777303901,0.11970445513725281,0.8547932777951618,1.6035788946400142,68.57751444615997,2.32029261974637,1.574520967741476,3.653349381086459,0.26439785957336426,0.17941701412200928,0.04743747450490332,0.678584674727863,0.21105338484045166,1.2969218912811575,0.024049580097198486,0.016840080905211607,0.9613376529070876,0.38098619136755385,ADL,ADL_044
173,3.0837338493071633,126.88494221941376,1.0143730914696043,0.11558803915977478,0.8273247178119678,0.125969816484384,116.26465882251233,2.2941639193497005,1.808773826476728,4.149623650967005,0.26142048835754395,0.2061101794242859,0.05388142376055782,0.7884209546783345,0.7838610119000844,14.88822809641638,0.08932113647460938,0.19331847766963506,0.9828681452816268,0.0,ADL,ADL_044
174,3.3962644251191736,121.30363199134685,1.1672094072758161,0.13300377130508423,0.9186544693761495,6.258969804871218,9.375917274360308,2.2879479437898866,1.848551153143623,4.229388809825376,0.2607121765613556,0.21064281463623047,0.054917146680821816,0.8079484796836048,0.18647926679441706,2.3929547657511296,0.021249353885650635,0.031071687607919785,0.9811318643048934,0.05208842930200186,ADL,ADL_044
175,3.683351441402396,125.6549838904186,1.1504218009631417,0.13109081983566284,0.8778024827363814,0.632650155264332,8.612610488496673,2.326482179960051,1.8436630064186295,4.289249130284515,0.26510316133499146,0.21008580923080444,0.05569441217870619,0.7924651509537619,1.1560270851049248,1.7958096137741641,0.13172954320907593,0.023317964936531155,0.9795369364366533,0.04784783604720344,ADL,ADL_044
176,3.187610474226803,141.4673635170864,1.1194039076891564,0.12755632400512695,0.861497544951314,0.868309042720481,14.872229015267791,2.284643148604385,1.361536647252516,3.1106253727192463,0.2603355944156647,0.15514740347862244,0.04039039150665413,0.5959492703162099,1.2551709406699674,35.358712726958046,0.14302700757980347,0.45912062016156163,0.9822910529209622,0.0,ADL,ADL_044
177,0.35864443261483514,126.39868399533556,1.1116707497242229,0.12667512893676758,0.9163899419059324,2.534437384698615,84.86898124835903,2.2455058056205326,1.2363326142679063,2.776192063016594,0.2558758854866028,0.14088037610054016,0.036047890982411346,0.5505787513109167,1.174120289515579,10.032999291079566,0.1337912678718567,0.13027501572728362,0.9569957051623457,0.7588604327584958,ADL,ADL_044
178,1.023170830664673,126.28091819128214,1.1005323659508668,0.1254059076309204,0.8659130923648006,0.8480581491455078,19.935791941495136,2.1713798982241794,1.466251002394634,3.1837879523507615,0.24742922186851501,0.1670796275138855,0.04134038222584202,0.6752595792549222,2.223777221890595,12.227876680025021,0.25339990854263306,0.15877473730292024,0.9943157176074184,0.0,ADL,ADL_044
179,4.204864892483618,127.69991519946545,1.1104137977092245,0.12653189897537231,0.8791210269693431,0.05551930373363445,95.45082185456836,2.2027098064282296,1.4541616661604928,3.203096162183731,0.2509992718696594,0.16570204496383667,0.04159109263323657,0.6601667947590241,0.9398972461215038,0.5792462949890798,0.10710150003433228,0.007521312221836496,0.9766396394862021,0.530282343636489,ADL,ADL_044
180,1.804460723493766,118.46296350530761,1.1907206345626016,0.1356828808784485,0.9487942485447753,2.538329071336812,72.01212506969557,2.2027966370709637,1.1851498734474404,2.610644155655099,0.25100916624069214,0.13504809141159058,0.03389830882762013,0.5380184134936343,0.002604919282025442,17.77356019585895,0.0002968311309814453,0.2307835141684933,0.9215933366094604,1.6513890863022518,ADL,ADL_044
181,1.0337096915892696,136.28862881622553,1.1242023468525302,0.128103107213974,0.9148548441422968,0.42648491714887427,23.12253095713489,2.357482550182641,1.0637185272743892,2.5076978663553504,0.26863566040992737,0.1212109625339508,0.03256158696923084,0.4512078223016486,4.640577393350314,3.088388678992464,0.5287948250770569,0.04010165575167868,0.9088551641521259,0.38214517372003654,ADL,ADL_044
182,5.563999503583767,126.01580110214162,1.1151010831883756,0.1270660161972046,0.9237080389370744,0.7133163454403489,135.90869435983493,2.325261320200165,1.3793792981820243,3.2074173279475104,0.2649640440940857,0.1571805775165558,0.04164720147183054,0.5932125048945814,0.9666368994742802,20.9915838477648,0.11014848947525024,0.2725684350779911,0.9690888916467568,0.0,ADL,ADL_044
183,5.4244655810515034,172.70437755877705,1.1078339860829358,0.1262379288673401,0.8663268456081896,2.849930771234715,4.186017675967895,2.539179593174676,0.9832994905844675,2.4967740004711345,0.289340078830719,0.11204719543457031,0.03241974435979955,0.38724952532621304,6.417548189235331,21.319299824291278,0.731281042098999,0.2768237133609297,0.8826560317910673,2.592985795670685,ADL,ADL_044
184,5.686726723858547,128.52950997428826,1.1783585141104735,0.1342742145061493,0.9130912928653234,0.2376125769176633,7.867834284211295,2.488846328039752,1.762943200936105,4.387694712192472,0.28360459208488464,0.2008877694606781,0.05697269391273796,0.7083350084315381,1.5099979540477193,56.727621351640124,0.17206460237503052,0.7365884865881522,0.9684070737563414,0.0,ADL,ADL_044
185,8.403576852429882,150.9851635107141,1.1599909562533537,0.13218122720718384,0.9233403163958577,0.05973268221087606,81.50550385714007,2.583964589469364,1.2549358179355783,3.2427097156023073,0.2944433391094208,0.14300021529197693,0.04210546088393574,0.48566128228002886,2.85354784288836,34.34954989770494,0.325162410736084,0.44601699086406654,0.9533134619309451,0.45280835476188774,ADL,ADL_044
186,7.141914118397632,152.26103179563086,1.1680141599495883,0.13309547305107117,0.9645530948177086,0.9548127628537935,37.84988202096751,2.564293264280832,1.2863005107043384,3.298451735440129,0.29220178723335266,0.1465742290019989,0.04282925167673479,0.5016181754794317,0.5901397556559562,1.672260595134647,0.06724655628204346,0.021713723783971517,0.9603226993422354,0.0,ADL,ADL_044
187,4.978488251454495,109.85669808444415,1.1615047386634265,0.13235372304916382,1.036926566305511,2.143158108569076,64.90277600829411,2.5422657425248594,1.2592982731187186,3.201470859370432,0.2896917462348938,0.1434973180294037,0.04156998863996186,0.4953431519926656,0.66082565267918,2.909426282090899,0.07530122995376587,0.037777891103187855,0.9723417319363639,0.0,ADL,ADL_044
188,5.597446483416305,124.76006186299468,1.1110493352448978,0.12660431861877441,1.009925244103173,0.7154661884622561,18.568746958854298,2.4919248927855997,1.3526589986472095,3.3707246301794243,0.2839553952217102,0.1541357934474945,0.04376769014619519,0.5428150097734087,1.5102254921777902,5.077613124269762,0.1720905303955078,0.06593104518699988,0.9689030750921317,0.10315970532696506,ADL,ADL_044
116,19.910843414179006,177.4246660947862,1.2508885440719346,0.14236223697662354,0.8637553245677803,0.0,0.0,3.097383657554918,1.0339809839828922,3.2026358020111636,0.3525097966194153,0.11767622828483582,0.04148202329962736,0.33382304716154204,0.0,0.0,0.0,0.0,0.795010089843738,0.0,ADL,ADL_045
117,19.72467260207634,176.43020604790274,1.3521442376024335,0.15388603508472443,0.958715049164321,3.3396196416828974,5.5851243630799985,3.2126169363190544,1.078361502841904,3.4643624275043687,0.3656243681907654,0.12272712588310242,0.04487202786087785,0.3356635960201466,3.4569983629240975,7.851798764796154,0.39343714714050293,0.10170013683751478,0.829193035007386,0.0,ADL,ADL_045
118,20.453875204125133,176.24995898063577,1.3849196488113729,0.15761616826057434,0.9573542787710543,0.06808303635088954,21.876078061463815,3.3354882312153578,1.2071742043489704,4.026515351632754,0.3796082139015198,0.13738715648651123,0.052153293086853125,0.3619173388192652,3.6861388468891,16.864587723851553,0.41951537132263184,0.21843795677925826,0.8863673599770826,0.0,ADL,ADL_045
119,21.329338372577954,176.4553867758447,1.3772066089675403,0.15673835575580597,0.9555596016056056,0.2531598555270976,26.26389505358464,3.3169590765425654,1.2259327508940807,4.0663687653089164,0.37749943137168884,0.13952204585075378,0.05266949297247425,0.3695944011077955,0.5558746401837711,1.1956024102848772,0.06326347589492798,0.015485996568633809,0.8815036757079002,0.14591052807547134,ADL,ADL_045
120,22.112539744153096,176.36989259320282,1.3933255778037832,0.15857283771038055,0.9650891841643602,0.12664473882336472,23.496041147254267,3.3072573191481385,1.246701618676391,4.123163053161325,0.3763952851295471,0.14188572764396667,0.0534051189123641,0.37695836343106526,0.2910527218328074,1.7038286355722576,0.03312438726425171,0.022068778196695504,0.8771525569769272,0.1305335619291914,ADL,ADL_045
121,22.808181216446457,174.85884008400944,1.3813407689951933,0.1572088599205017,0.9707856180621623,0.26521078470984316,20.869244168800805,3.3024856539684775,1.3029191247550387,4.30287171778468,0.37585222721099854,0.14828377962112427,0.05573278882986443,0.3945257586889893,0.14314995538982966,5.391259938700657,0.01629173755645752,0.0698300975250099,0.873287882130853,0.11594024538222669,ADL,ADL_045
122,22.858072587731677,177.60039237146646,1.3785697361266185,0.15689349174499512,0.9557876841635841,0.7094886357765982,1.496741138556601,3.3132953531571725,1.308273434815873,4.334696292234405,0.3770824670791626,0.14889314770698547,0.056144995468532244,0.39485461630097873,0.3242909756608503,0.9547372334917359,0.036907196044921875,0.012366199160034341,0.8730107078459352,0.008315228547534081,ADL,ADL_045
123,22.32784083838359,178.61037335393377,1.360222314284179,0.15480539202690125,0.9560858150387375,0.5407520595600451,15.906952480442591,3.3091419462087255,1.1067725765622682,3.66246755801571,0.37660977244377136,0.1259605586528778,0.04743797733115063,0.3344581936292965,0.12460220845341041,20.166862026560842,0.01418083906173706,0.2612105441214485,0.8398217501637014,0.995668730467012,ADL,ADL_045
124,22.458318660655987,177.3028226207721,1.3655307983431233,0.1554095447063446,0.9621777927985677,0.21306734113065556,3.914334668171904,3.3121245642745984,1.120878605532632,3.712489562954488,0.3769492208957672,0.12756595015525818,0.048085885523852845,0.3384159050288293,0.08947854197618899,1.500660148163342,0.010183453559875488,0.019437245781066537,0.8454323486994411,0.0,ADL,ADL_045
125,23.88696681356743,178.69912341404316,1.3480957067325978,0.15342527627944946,0.9550972827122519,0.5715549887162025,42.859444587343276,3.252461466579554,1.18956785442281,3.869023608391906,0.3701590299606323,0.13538339734077454,0.05011338703243595,0.36574288519258275,1.7898929308513356,4.69602136312254,0.20370572805404663,0.060825045257493215,0.857321040934087,0.0,ADL,ADL_045
126,23.604225594791547,176.97628580830573,1.3340483350446533,0.15182656049728394,0.9467132192693147,0.5490950105327151,8.482236563276473,3.2042163755154367,1.1988920055616632,3.841509396695225,0.3646683096885681,0.1364445686340332,0.04975701020995871,0.37415972501376243,1.4473527319235169,0.8254263509004334,0.16472160816192627,0.010691304674317337,0.8554070469431589,0.057419819727841936,ADL,ADL_045
127,23.75630312781172,170.79734099667309,1.3294021021787372,0.15129777789115906,0.9457453741093967,0.055022625812222975,4.562325990605167,3.189330780787206,1.1578680449439473,3.692824195829635,0.3629741966724396,0.13177567720413208,0.04783117057413655,0.36304320078115604,0.446567841846921,4.460556025967697,0.0508233904838562,0.05777518907466472,0.835730631068786,0.590292476231189,ADL,ADL_045
128,23.75405446468464,172.8605388083198,1.3101161638175893,0.14910286664962769,0.9397870773436514,0.508841450472488,0.06745989381240491,3.1901388895976788,1.2134751486774193,3.8711542633561606,0.363066166639328,0.13810425996780396,0.050140984263071786,0.3803821239087619,0.02424326431418322,5.3499020257957675,0.002759099006652832,0.06929441066805708,0.8583292983483513,0.0,ADL,ADL_045
129,23.43894055682736,174.4642411091802,1.332243183364487,0.15162111818790436,0.9218895359083382,0.8323586213585618,9.453417235718327,3.235521557652309,1.2130192454243303,3.924749918417558,0.3682311177253723,0.13805237412452698,0.050835180028515836,0.37490584736958366,1.3614800416389095,1.6078696518419155,0.15494853258132935,0.0208258729633215,0.8668680227435883,0.0,ADL,ADL_045
130,24.187362304753115,178.92702534581824,1.328615858917738,0.15120829641819,0.9211154692706982,0.2553477197887629,22.452652437772613,3.2419733349926934,1.2831047471263815,4.159791376186271,0.36896538734436035,0.14602872729301453,0.05387954592907107,0.39577786026542394,0.19355332021152805,7.05124373306139,0.022028088569641113,0.09133097701665704,0.8656257649735938,0.03726773309983611,ADL,ADL_045
131,25.195016014125965,179.1416206584817,1.335898396206672,0.152037113904953,0.9301226354079061,0.09374821603800154,30.22961128118549,3.251916529951364,1.32435626657634,4.3066960348242755,0.37009701132774353,0.15072351694107056,0.055782323156696734,0.4072529771244732,0.29829584876012394,4.407139759140142,0.03394871950149536,0.05708331682876988,0.8600276888104113,0.1679422848954759,ADL,ADL_045
132,25.425908964299264,178.2947369612164,1.3339636224068738,0.15181691944599152,0.9423847569936479,0.1375526365875383,6.926788505198971,3.3074385282527548,1.287315502042908,4.257716889473752,0.3764159083366394,0.14650794863700867,0.05514792256473733,0.3892172359749122,1.6656599490417179,1.4693743605157117,0.18956691026687622,0.01903201775878216,0.8587449501983374,0.038482158362215246,ADL,ADL_045
133,25.593285841472582,172.39974077710716,1.3285396568231664,0.15119962394237518,0.9459947984911127,0.14391983222157695,5.0213063151995385,3.2768796552895205,1.293514581715727,4.2386916166446,0.37293803691864014,0.14721345901489258,0.054901498413016725,0.3947386689020932,0.9167661888970269,0.5707581848745669,0.10433614253997803,0.007392724551618102,0.8578150786584857,0.027896146195550697,ADL,ADL_045
134,25.984060918641287,175.85193490038145,1.3367347862068826,0.1521323025226593,0.9452581782435885,0.09689842633935812,11.723252315061146,3.3030989368052004,1.3317104233596566,4.398771283531684,0.3759220242500305,0.1515604853630066,0.05697492445397856,0.40316893509082347,0.7865784454703961,4.8023900066125425,0.08951961994171143,0.06220278122885503,0.8556441060075484,0.06512917952812058,ADL,ADL_045
135,25.489895765376605,175.5399317887435,1.3480483095535,0.1534198820590973,0.9522872322763535,0.0848121456694402,14.824954597940447,3.349485063369789,1.335493032487096,4.473213964549952,0.3812011778354645,0.15199097990989685,0.0579391405620191,0.39871487821221113,1.3915837969376588,2.233280430548037,0.1583746075630188,0.02892648324121616,0.8583894679701299,0.0,ADL,ADL_045
136,25.852779958382527,176.84943104223748,1.3617096953740964,0.15497466921806335,0.9574793182904972,0.05653881181761403,10.88652579017765,3.3757839511973238,1.3085994540864625,4.417549035650659,0.3841942250728607,0.14893025159835815,0.05721814260273739,0.3876421201489797,0.7889666348260427,1.6699478669788093,0.08979141712188721,0.02162993877845132,0.8563734446756526,0.060480698834320945,ADL,ADL_045
137,24.3052846534744,174.91406379309095,1.3796475636910728,0.15701615810394287,0.964085201928666,0.10180442717027377,46.42485914724386,3.3215173234848527,1.2683464177519712,4.212834598743128,0.37801820039749146,0.1443490982055664,0.054566586332668976,0.38185652489022176,1.6279988313741312,6.14143310722592,0.18528074026107788,0.07954668810205234,0.8649706408140312,0.0,ADL,ADL_045
138,23.896953149647754,176.69120833060265,1.4252944513794576,0.16221117973327637,0.9800879036515422,0.010322634254320529,12.249945114799345,3.454008674560785,1.2941708100627927,4.470077204320243,0.3930968940258026,0.14728814363479614,0.05789851178966465,0.37468565940759857,3.974740532277967,7.717278167313459,0.4523608088493347,0.0999577637098703,0.8672391491686235,0.0,ADL,ADL_045
139,13.22696766771493,176.55401701592646,1.3804196663572033,0.157104030251503,0.9994050036939754,0.1746245628022556,320.0995644579847,3.325968468514151,1.2516492557033096,4.162945958108414,0.3785247802734375,0.1424488127231598,0.05392040553624611,0.37632526011902906,3.8412061813990173,9.213937386354889,0.43716341257095337,0.11934318760255636,0.9265168462904726,0.0,ADL,ADL_045
140,21.121925399327043,178.2305556972633,1.3849521198069978,0.15761986374855042,0.9898759448609568,0.08560166221628891,236.8487319483634,3.2777872719898116,0.9754415398541922,3.197289863904214,0.3730413317680359,0.11101391911506653,0.041412780231473434,0.2975906744655909,1.445435895730185,28.96968282612599,0.16450345516204834,0.3752287591431802,0.7876047733969678,4.1673621868051445,ADL,ADL_045
141,24.131089322700298,176.0300260618021,1.4674427202206877,0.16700802743434906,0.9880054583952386,0.593940335982326,90.27491770119764,3.4773809829761864,1.2749128910285146,4.433357842213748,0.39575687050819397,0.14509642124176025,0.05742290559257768,0.366629275257221,5.987811329591244,37.082039349286006,0.6814661622047424,0.4803037608331273,0.8659383926516651,0.0,ADL,ADL_045
142,23.22167782104455,177.34575310498954,1.4670249180148844,0.1669604778289795,0.9825297748951125,0.29925819479981663,27.2823450496724,3.644911418822993,1.2935831897871282,4.714996139652574,0.4148233234882355,0.14722126722335815,0.06107081535774306,0.35490027678556174,5.025913075404205,8.449148923164795,0.5719935894012451,0.10943729295496141,0.8709906787719748,0.0,ADL,ADL_045
143,23.005370295829756,178.63675614594732,1.475673593885878,0.1679447740316391,1.0036082955187655,0.6771891603301454,6.489225756443844,3.6743990107934716,1.288255851601692,4.733566026774158,0.4181792736053467,0.14661496877670288,0.061311341142712195,0.3506023072601202,0.8846277591143537,0.5570966136475075,0.10067850351333618,0.0072157735490741,0.8721923872453903,0.0,ADL,ADL_045
144,22.046408772157292,175.81705636115984,1.5103424045614808,0.17189039289951324,1.0187962109280366,0.3298765106340741,28.76884571017392,3.638117124851339,1.3159557057727225,4.787600988717571,0.41405007243156433,0.1497674584388733,0.06201122701450679,0.36171252391485437,1.0884565782639832,1.6210488583024052,0.12387603521347046,0.020996576153837765,0.8775199512657929,0.0,ADL,ADL_045
145,21.947259107710927,172.93740305632375,1.5576942813830439,0.17727945744991302,1.0309924740024905,0.1632531677618226,2.974489933390956,3.6378591899264148,1.3567031392018905,4.935494982947613,0.41402071714401245,0.154404878616333,0.06392681857526838,0.3729390807840767,0.007738047747722909,4.436819826901264,0.0008806586265563965,0.05746774682284794,0.8780707827349393,0.0,ADL,ADL_045
146,21.975691332328076,173.2421710243812,1.5754594511386117,0.17930129170417786,1.0423770931177547,0.17088516104802687,0.8529667385144535,3.6346542502856583,1.423887200327131,5.175337664596353,0.41365596652030945,0.1620510220527649,0.06703337215284044,0.3917521888146628,0.09614818922269563,7.195280449462187,0.010942518711090088,0.09319660732716173,0.8779128259315108,0.004738704102856817,ADL,ADL_045
147,20.5145821585177,174.05290670338297,1.5433718227523252,0.17564943432807922,1.038411965571359,0.7368899662781735,43.833275214311236,3.6364689599605047,1.1394842241628635,4.143699011532931,0.4138624966144562,0.12968343496322632,0.0536711101634193,0.3133483286737797,0.05444129024539279,30.949159591902664,0.0061959028244018555,0.4008678596826343,0.8860300991193462,0.0,ADL,ADL_045
148,18.683293531573185,173.94154982380516,1.5271505964661503,0.17380331456661224,1.0472935684633882,0.2008710780562015,54.9386588083355,3.5865495177187583,0.9778954567896879,3.5072704789284197,0.40818122029304504,0.11129319667816162,0.04542779283040588,0.2726556698090898,1.4975832672523914,19.092855978135336,0.17043828964233398,0.24729951999040267,0.8404129406077837,1.3685147553468735,ADL,ADL_045
150,15.922999629542671,177.08605453776133,1.5909286072680537,0.18106181919574738,1.1104788526637022,0.5385484835263032,41.4044085304577,3.5624280196381717,0.9793995971031536,3.4890405671426103,0.4054359793663025,0.11146438121795654,0.045191670563561104,0.27492406191506075,0.3618224712087992,0.27344867678714024,0.041178613901138306,0.0035418340026716066,0.8534390197421771,0.0,ADL,ADL_045
151,16.031616133547757,177.57907365243312,1.546566680672666,0.1760130375623703,1.0996129838898336,0.028234054421634687,3.2584951201525847,3.6055500255538484,0.9939429370629824,3.583710982126503,0.41034364700317383,0.11311954259872437,0.046417885657291436,0.27566959487557163,1.2936601774703016,2.840112449516785,0.14723002910614014,0.03678645281190995,0.8648259593400598,0.0,ADL,ADL_045
152,16.970035491699324,177.2215329096665,1.513886063821922,0.17229369282722473,1.0748131300498398,0.21937954556242611,28.152580744547002,3.5890105049516885,0.9895077656686286,3.5513537657159815,0.4084613025188446,0.11261478066444397,0.04599877999307278,0.2757042203649832,0.4961856180647972,0.9707164923156508,0.05647033452987671,0.012573169926559657,0.8555143551342725,0.2793481261736175,ADL,ADL_045
153,16.59120778015955,175.65313666074255,1.5409960718829105,0.17537905275821686,1.0542140803373907,0.6210588545865228,11.36483134619322,3.6057521836879007,1.0078187885724241,3.6339447976567123,0.41036665439605713,0.11469873785972595,0.04706853731894611,0.2795023843400363,0.5022503620863672,2.4777309582219242,0.05716055631637573,0.032092719776199985,0.8680794187941836,0.0,ADL,ADL_045
154,16.202316509262708,177.30447516348096,1.4992131017424613,0.170623779296875,1.027219553801165,1.0624418116481658,11.666738126905258,3.6008935800360824,1.022919110852368,3.68342285916451,0.40981370210647583,0.1164172887802124,0.047709400104217536,0.2840729924568824,0.14575810955455015,1.4843418452339296,0.016588568687438965,0.019225883558142698,0.8765065086966456,0.0,ADL,ADL_045
155,15.511361085350531,178.30525030621232,1.5102147464133584,0.17187586426734924,1.032695891958461,0.21782015218382444,20.728662717365314,3.5812255837506055,1.022564548529173,3.662034322229062,0.4075753092765808,0.11637693643569946,0.047432365860441195,0.2855341043797671,0.5900398885643066,0.641656108063442,0.06715178489685059,0.008311027313290253,0.8776362111808973,0.0,ADL,ADL_045
156,15.990999673365483,176.03635924697815,1.5022947039724166,0.1709744930267334,1.031465136479128,0.13916702116840804,14.389157640448555,3.593202667604591,1.0259491260973388,3.6864431367195563,0.4089384078979492,0.11676213145256042,0.04774852013898112,0.28552428354299964,0.3593125156195631,0.732264434714831,0.040892958641052246,0.009484628356197788,0.878063020646082,0.0,ADL,ADL_045
157,15.234289731399894,176.6423789248775,1.5053430496181432,0.17132142186164856,1.0314410450952773,0.07738833336325078,22.701298258967668,3.6030565673252934,1.0369345352704236,3.7361337871925,0.4100598692893982,0.11801236867904663,0.04839213647506213,0.28779231942699723,0.2956169916210749,1.490719514188319,0.03364384174346924,0.019308490082430296,0.8885604728031582,0.0,ADL,ADL_045
158,14.266825069462406,177.41819948401567,1.4695005695684193,0.16724222898483276,1.049930396612142,1.166654067889177,29.023939858124628,3.562111689293696,1.0385562520115956,3.6994533652795543,0.40539997816085815,0.11819693446159363,0.04791703464941044,0.2915556222824271,1.228346340947919,1.1004126573883788,0.13979673385620117,0.014253054769550744,0.8892895628938111,0.0,ADL,ADL_045
159,14.780862361115874,177.34448538946012,1.5054329995132818,0.17133165895938873,1.066280328497911,0.7125720710466292,15.42111874960403,3.5602406791022423,1.0198608144176595,3.630949958512094,0.40518704056739807,0.11606922745704651,0.04702974677426486,0.28645768343633976,0.05613030574361577,2.055102203023811,0.00638812780380249,0.026618636254367445,0.877757585687132,0.3459593162003727,ADL,ADL_045
160,14.6545423135939,176.15116431353718,1.526059282963997,0.17367911338806152,1.072134141979347,0.49258369431623517,3.7896014256592103,3.5169853849867825,0.9564080372977415,3.36367308926005,0.4002642035484314,0.1088477373123169,0.0435678528833634,0.2719390452813781,1.2976588234637942,8.01830607756132,0.14768511056900024,0.10385681672704372,0.844607741578485,0.9944953232594123,ADL,ADL_045
161,14.889216333541262,178.1819056684561,1.533988228742449,0.17458149790763855,1.0693246152691844,0.31142303433011753,7.040220598420834,3.4728897729280925,0.9468513519321549,3.2883103766083184,0.3952457308769226,0.10776010155677795,0.04259172009918011,0.2726400831138912,1.3228683617606984,2.2608813795519467,0.15055418014526367,0.02928398352549877,0.8337590256231246,0.325461478660809,ADL,ADL_045
162,13.652397212841992,175.29505542007152,1.5591969814507358,0.17745047807693481,1.0725062491146944,0.9283693325755925,37.104573620978094,3.480964052598253,1.0079175108736387,3.5085246233354446,0.3961646556854248,0.11470997333526611,0.04544403709004996,0.2895505243552751,0.242228390104815,6.606427401813786,0.027567744255065918,0.08556950972609556,0.868521206713438,0.0,ADL,ADL_045
163,13.498860300180741,176.17134212826775,1.4126380952460276,0.16077077388763428,1.043181797710944,0.12798023944987497,4.606107379837514,3.355902536674473,1.0033511461824454,3.367148656648908,0.3819315433502197,0.11419028043746948,0.04361287004307712,0.29898023204783764,3.751845477713407,4.241279000596099,0.42699337005615234,0.05493501140918511,0.8514683909085787,0.5115844741457787,ADL,ADL_045
164,3.693302019739368,174.6051113623161,1.1681652785000773,0.13294759392738342,0.9550532897504375,2.808133599705022,294.1667484132412,3.154341188098373,0.8645756100016123,2.7271664568533613,0.3589920699596405,0.09839639067649841,0.03532352396551364,0.2740899446542535,6.046840457282996,19.199465993866397,0.6881842017173767,0.2486803823269046,0.8248875586843253,0.7974249667276034,ADL,ADL_045
165,2.2041914493245116,173.6214533634015,0.9978454793839397,0.11356368660926819,0.8870853421300089,0.603638427296602,44.673317112445694,3.008629428271461,0.9552144663456564,2.8738863537581607,0.34240877628326416,0.10871189832687378,0.03722390807353548,0.3174906379920066,4.371352794807359,4.401596907143981,0.4974988102912903,0.05701152324065539,0.8517430227288905,0.0,ADL,ADL_045
166,1.5492791288390781,176.30593833633398,0.9489264842291706,0.10799627006053925,0.8369327110043594,0.7509637861157802,19.647369614563004,2.9292566980949366,0.9065053542795438,2.655386880882277,0.3333754539489746,0.10316836833953857,0.03439380162836869,0.3094650720453376,2.3811819052957306,6.5549841862765135,0.2709996700286865,0.08490319335500374,0.8277076433229774,0.7210613821773915,ADL,ADL_045
167,1.1462843063672905,177.85694768424787,0.9388693789229445,0.10685168206691742,0.8104781457018326,0.19737913671217908,12.08984467415363,2.8651579052798026,0.9191279301030093,2.633446654898099,0.32608044147491455,0.10460492968559265,0.034109621652330446,0.320793876561785,1.9229637844540193,0.6582067795253366,0.21885037422180176,0.008525399281147372,0.8271676911922372,0.0161985639222062,ADL,ADL_045
168,0.6649832014636008,178.88599381274537,0.7293040608567272,0.0830012857913971,0.6760681253924806,0.9528443455279026,14.439033147110692,2.7553915376097162,0.902572959591641,2.4869418949341635,0.31358805298805237,0.10272082686424255,0.03221202409768065,0.3275650915918809,3.292991030102592,4.395142798918066,0.3747716546058655,0.056927926639493975,0.8112862065810621,0.47644453833525335,ADL,ADL_045
169,4.39330393276362,176.53427777473428,0.6033400345585808,0.06866545975208282,0.549570160706598,0.9683047292512685,111.84962193900057,2.6547073597885036,0.9645640181827001,2.5606351980567856,0.3021292984485626,0.10977596044540405,0.033166533915887086,0.36333979415206946,3.020525334636379,2.2107990936786637,0.3437626361846924,0.02863529454619318,0.7999068480250413,0.34138075668062373,ADL,ADL_045
170,5.5409632071994315,178.28426806164143,0.5516777639992388,0.06278583407402039,0.5297079931045411,0.3588843698304809,34.42977823307436,2.67469875671589,0.9902886407408352,2.6487237961793806,0.30440449714660645,0.11270365118980408,0.03430749826701884,0.37024183940910976,0.5997419078215982,2.6426579436778486,0.0682559609413147,0.034228930533952706,0.8046877158922534,0.0,ADL,ADL_045
182,81.06741898070064,162.04778448088516,0.1650978607350484,0.01878960430622101,0.08288391844134053,0.9070847913405851,188.81613943375302,0.558060933268222,0.6718097114339885,0.37491075454150646,0.06351229548454285,0.0764579176902771,0.004856017860477735,1.203809645003928,5.29159455861917,5.684532604094685,0.602230504155159,0.07362870101635277,0.09710930921702382,1.7689460166880737,ADL,ADL_045
247,4.11893422668724,165.11191521621137,1.1180906825090748,0.12724865972995758,0.888504900737129,0.2531282506932666,35.51468527108311,2.923679019007747,0.870551058785208,2.545211865545292,0.3327406644821167,0.09907644987106323,0.032966763764626705,0.2977578717870125,1.0918237318797808,1.001677435847901,0.12425924722964948,0.012974190417299527,0.7994777010175786,0.0,ADL,ADL_045
248,2.0108443966921006,179.02562757475962,1.1933360610925126,0.13581225275993347,0.8679693527701561,2.241358917643123,63.24269489985418,3.0254834461780207,0.8811468160107933,2.665895105493125,0.344326913356781,0.10028234124183655,0.034529909023993,0.2912408124691517,3.0541328151082148,3.6204971984349843,0.3475874662399292,0.04689435778098883,0.8264742980595768,0.0,ADL,ADL_045
251,2.4614082374502213,174.90608792048283,1.3225927510921767,0.15052281320095062,1.0374767223384997,0.3487345650690028,4.505638407581207,3.1839371912961805,0.9441923963710597,3.006249286544881,0.3623603582382202,0.1074574887752533,0.03893833412798031,0.2965478695016084,1.584537451181598,3.403541810517563,0.1803344488143921,0.044084251039873124,0.8670783045359137,0.0,ADL,ADL_045
252,1.9169787012434834,176.83425631895346,1.4030468439818722,0.15967920422554016,1.0488084451544395,0.4317320010635967,16.332886086202137,3.2454621339823007,0.932777793957416,3.0272950097083378,0.3693624436855316,0.10615840554237366,0.03921092808889082,0.2874090746044558,1.8457482805836056,0.6313716949036996,0.21006256341934204,0.008177818827315164,0.8727684331747192,0.0,ADL,ADL_045
253,1.6694328173192685,178.19718620820643,1.4395514442931907,0.16383375227451324,1.053488589261754,0.010271570995071606,7.426376517726445,3.301547923038373,0.8916430653465601,2.9438023104865034,0.3757455050945282,0.10147690773010254,0.03812949195047821,0.2700674693024052,1.6825736716821726,2.50478097665503,0.19149184226989746,0.03244308415237818,0.8635690232657902,0.2759822972678694,ADL,ADL_045
254,2.165005037106527,176.80832264595782,1.4690771373109552,0.16719403862953186,1.0828079343395793,0.04124732964407149,14.867166593617755,3.343511709489137,0.9237013650916371,3.088406330254989,0.38052135705947876,0.10512542724609375,0.0400024702371411,0.2762660992075737,1.2589135935229212,4.338120593054571,0.14327555894851685,0.05618934859988656,0.8791304880007733,0.0,ADL,ADL_045
255,1.931375550923341,178.4719725482755,1.4651630730238083,0.16674858331680298,1.1004457078098928,0.6225396891047416,7.008884585495581,3.344072357889403,0.9465316173703961,3.165270217516691,0.3805851638317108,0.10772371292114258,0.04099804693065323,0.2830468449945445,0.016819452007981184,2.3059166178510537,0.00191420316696167,0.02986730080536404,0.8901635304090868,0.0,ADL,ADL_045
256,16.16084223964667,178.3989067208412,1.5962753233057179,0.18167032301425934,1.1114336046802231,0.23533485010620467,426.8840006616998,3.4485928267259838,0.5993412576336543,2.06688396183635,0.3924805223941803,0.06821036338806152,0.026771239055243257,0.1737925468999683,3.1356140650974185,32.95158767041023,0.3568607568740845,0.42680423626229924,0.6719961814990998,6.545020467299611,ADL,ADL_045
257,8.099613865580517,177.92912599281945,1.5909134192217131,0.1810600906610489,1.1230227386953509,0.4255140672642857,241.83685122198457,3.3840732202820654,0.6954768774386939,2.353544676265676,0.3851376175880432,0.079151451587677,0.03048420149311326,0.20551419144454627,1.9355881933175523,8.59982143287979,0.22028714418411255,0.11138887313610013,0.7530874427258325,0.0,ADL,ADL_045
258,9.398213031556901,171.37063452550015,1.603119502153715,0.18244925141334534,1.1336268755327104,0.7769196335863091,38.95797497929152,3.4691058544863136,0.8373156854487264,2.904736746443397,0.3948150873184204,0.09529396891593933,0.03762349665846543,0.24136293321574928,2.5509790261274468,16.535762105331628,0.2903240919113159,0.214178854960565,0.8156835545880592,0.0,ADL,ADL_045
259,4.732397193872561,173.84176417765752,1.5595930490385,0.1774955540895462,1.158091021176001,0.0038218885576308506,139.9744751305302,3.474225535417471,0.9817870008701917,3.410949468764154,0.39539775252342224,0.11173608899116516,0.04418019846286381,0.2825908991317474,0.15359042793472,15.186381669622714,0.01747995615005493,0.19670105413195138,0.9057185015452206,0.0,ADL,ADL_045
260,4.396096234744783,174.6409070233138,1.575910771791512,0.17935265600681305,1.1654784345435463,0.11398105052963207,10.089028773833357,3.505652483787937,1.0094627636573714,3.538825644706899,0.3989744186401367,0.1148858368396759,0.045836509963095295,0.2879521681592603,0.9428084511139767,3.8362852782823476,0.10729998350143433,0.04968934500694466,0.9237828395173087,0.0,ADL,ADL_045
261,4.357306363240238,178.87371019672491,1.641580741814305,0.18682648241519928,1.1861898234263428,0.10072817078302726,1.1636961451363348,3.576913487904185,0.8952696042047054,3.2023019225904514,0.40708455443382263,0.10188964009284973,0.04147769873862028,0.25029048312598207,2.137830123487441,10.09571166349343,0.2433040738105774,0.13076433673425036,0.8813763419294782,1.2721949276349132,ADL,ADL_045
262,17.67266953021426,174.3256513982377,1.6746311090345847,0.19058790802955627,1.1622410239071645,1.6510558568965275,399.46089500922074,3.711314997670329,0.9186809301874304,3.409514314278338,0.42238064110279083,0.10455405712127686,0.04416160967678273,0.2475345681414988,4.032045292984319,6.216371750636602,0.458882600069046,0.08051732814487345,0.8336463319557252,1.4319002992125895,ADL,ADL_045
263,19.545730133732004,172.3914830108348,1.7032030974873,0.1938396543264389,1.1775381361323678,0.09625424368421787,56.19181810553229,3.738315808915385,0.9563101005851308,3.5749891672428564,0.4254535734653473,0.1088365912437439,0.04630491666843817,0.2558124839445603,0.8100243373516847,4.9642455889355475,0.09218797087669373,0.06429920974966308,0.8441984530790128,0.0,ADL,ADL_045
264,19.338191328152625,176.02030569002437,1.7064198209571142,0.19420574605464935,1.183340755423121,0.1766513814001359,6.226164167381363,3.759505621257914,0.9751914608153065,3.6662377787378615,0.4278651624917984,0.11098545789718628,0.04748681097740626,0.2593929308427462,0.6356943702758677,2.737458344850152,0.07234767079353333,0.0354568292690427,0.8569084267638805,0.0,ADL,ADL_045
265,17.985786614926127,171.11062696405125,1.7297195933580953,0.19685746729373932,1.184893995024326,0.018037114343926894,40.57214139679495,3.7907569905754244,1.0039002726165223,3.8055419762616554,0.43142184615135193,0.11425277590751648,0.04929114350993746,0.2648278294178104,0.9375410795253147,4.179125925713816,0.10670050978660583,0.05412997597593616,0.8820651875673025,0.0,ADL,ADL_045
266,18.657058627984267,174.29025959337915,1.7146216278439628,0.19513918459415436,1.188687602392219,0.12323921222576355,20.138160391744186,3.7887889601913973,0.9679624744828668,3.6674055372002323,0.4311978667974472,0.11016273498535156,0.0475019363262561,0.2554801124676883,0.05904091152081126,4.144093171842691,0.006719380617141724,0.05367621551044088,0.8608403983278239,0.6367436771843571,ADL,ADL_045
267,17.716805931938197,176.8221098821915,1.7332517306523472,0.19725945591926575,1.202825316769604,0.37082924455170946,28.207580881382093,3.8330147180954546,1.120919979865767,4.296502780632745,0.4362311512231827,0.12757065892219543,0.055650295403929295,0.29243754401066246,1.3267727371217175,18.87291730297539,0.1509985327720642,0.24445077233019585,0.9015733003781211,0.0,ADL,ADL_045
268,18.138301754830813,176.30215114699564,1.729979361323095,0.1968870311975479,1.2068367940436255,0.14618625534362525,12.644874686778493,3.8266124328371114,1.1018621240625976,4.216399303210244,0.4355025142431259,0.12540170550346375,0.0546127580371345,0.28794648355800984,0.19206855775029563,2.4031043226750537,0.02185910940170288,0.03112612100384382,0.8992316569176066,0.07024930381543393,ADL,ADL_045
269,18.712677703695444,178.4272463738316,1.73173567557839,0.19708691537380219,1.2018464733692322,0.0021328730593972783,17.231278465938935,3.8328157023158176,1.060813810198163,4.06590382896099,0.43620850145816803,0.12073004245758057,0.05266347090140222,0.27677077655118076,0.1860980843611859,4.514864227477604,0.021179616451263428,0.058478614071968416,0.8960406794239142,0.09572932481077379,ADL,ADL_045
270,17.717996980844966,178.4735638185145,1.7317936782036394,0.19709351658821106,1.1962030667021886,0.09437275897804606,29.840421685514364,3.8562741636147724,1.1866535825654703,4.576061551608132,0.43887828290462494,0.13505172729492188,0.05927127017849898,0.3077195314417943,0.7037538389686437,15.30473167941425,0.08009344339370728,0.1982339783129028,0.9015666834397502,0.0,ADL,ADL_045
271,17.02014787894682,179.11240183636502,1.7315772485432843,0.19706888496875763,1.197307473347739,0.2123171040139983,20.935473056944396,3.8327992049551374,1.1323183467815983,4.339948859300625,0.4362066239118576,0.12886789441108704,0.05621302915169002,0.2954278819233264,0.7042487597890501,7.083380769225203,0.08014976978302002,0.09174723080426883,0.9054436228947399,0.0,ADL,ADL_045
272,17.820435350845987,176.88512904763863,1.7134493987156152,0.19500577449798584,1.177329693289485,0.4566037362608409,24.00862415697503,3.8163178179096606,1.1199618236319628,4.274130262905257,0.43433089554309845,0.12746161222457886,0.05536051618486848,0.29346592670841726,0.4944416113643024,1.9745578918610374,0.05627185106277466,0.025575389004646176,0.900997581384189,0.1333812453165284,ADL,ADL_045
273,18.226042611140056,176.85781125364346,1.7229910269662951,0.1960916966199875,1.1757595635332978,0.3164940087678374,12.168217808822064,3.842876997427931,1.1013609185333544,4.232394539697925,0.43735356628894806,0.1253446638584137,0.054819935753766647,0.2865973594879582,0.7967753855481075,1.2520716962199696,0.09068012237548828,0.01621741293305501,0.8987442077158886,0.06760121004901087,ADL,ADL_045
274,18.34230611792861,177.49067198089597,1.7179999207032979,0.19552366435527802,1.1742979759358727,0.010228363621860982,3.4879052036566804,3.8262074619118374,1.1204190361993918,4.286955676774181,0.43545642495155334,0.12751364707946777,0.05552663688975912,0.2928268982751971,0.5000860654828054,1.6368341122876995,0.05691424012184143,0.02120103407977414,0.898098299344841,0.019377251131428297,ADL,ADL_045
88,10.542118214230708,177.17027494781422,1.4148238317884476,0.16468164324760437,1.0219989146765454,0.0,0.0,2.8307296872829943,0.9614154446628508,2.7215072410195122,0.32948923110961914,0.11190614104270935,0.0368718683686069,0.3396341696257421,0.0,0.0,0.0,0.0,0.9414326765876071,0.0,ADL,ADL_046
90,3.661776258006603,177.64419719362266,1.2670547526157383,0.14748172461986542,1.0044271671787066,0.6942701670151556,103.20512934336159,2.6852922334958955,0.906641899146777,2.434598450340809,0.31256070733070374,0.10553064942359924,0.0329847344289087,0.3376314082900222,2.1815618068064824,4.30363186018055,0.2539278566837311,0.05830700909547293,0.97965679856663,0.0,ADL,ADL_046
94,9.219810772570037,175.34852249890093,1.3325609696207512,0.15510646998882294,0.9537967278150796,0.07888774704848278,41.68525885922576,2.817364415759481,0.8595802689235806,2.4217508621542616,0.32793354988098145,0.10005280375480652,0.03281067111085889,0.30509991640441386,0.9905413669768914,0.09635691139910474,0.11529631912708282,0.001305474885373581,0.9487788290412775,0.23158477144014367,ADL,ADL_046
96,2.4349890008371,177.76822013397623,1.241806935380832,0.14454294741153717,0.960714920086446,0.6751574446770056,101.77232657599406,2.833380722174842,0.8420402703466024,2.3858206692949557,0.32979780435562134,0.09801119565963745,0.032323877130817635,0.2971848119678208,0.24024459623041672,0.5389528928895881,0.02796381711959839,0.007301909700618836,0.9827352429460186,0.0,ADL,ADL_046
97,10.228466561647476,178.76346608143479,1.2110628422616445,0.14096441864967346,0.9441811574689966,0.44613506781202533,233.8043268243113,2.7306383978338897,0.8101937983664094,2.212346295506206,0.3178388774394989,0.09430435299873352,0.029973589694775704,0.29670396854681785,3.082269730228573,5.204231213662496,0.3587678074836731,0.07050862308125794,0.9033545841769748,2.381419763071313,ADL,ADL_046
98,21.83503616126444,171.2478965347577,1.1731533505558425,0.1365518569946289,0.898212688678169,1.7782340138223518,348.19708798850894,2.8180867037090565,0.8175211420533807,2.3038454604216745,0.32801762223243713,0.09515723586082458,0.03121325024527888,0.2900970536770174,2.6234491762550016,2.7449749474640583,0.305362343788147,0.03718981651509523,0.8579059384609107,1.3634593714819232,ADL,ADL_046
100,8.491729523219147,177.40180840535245,1.2430861096438872,0.1446918398141861,0.9868771830540384,0.0032011361536919943,200.1495995706794,2.7507654213816264,0.7618319986260408,2.0956211187225677,0.32018160820007324,0.08867517113685608,0.028392158902015296,0.2769518670465868,1.009819234911451,3.1233651254866013,0.11754021048545837,0.04231637014895373,0.8887236866737427,0.0,ADL,ADL_046
101,11.149105785245341,178.96708159639974,1.21988020889174,0.14199073612689972,0.9282169551294027,0.6540226489316341,79.72128786078582,2.7896097139750213,0.764968996838801,2.1339649444712463,0.3247029781341553,0.08904030919075012,0.02891165356822256,0.2742199516692157,1.1653287778018484,1.1503147724603568,0.13564109802246094,0.015584839986217958,0.8819361980174087,0.2036246596900182,ADL,ADL_046
103,8.696238811002397,171.40263053976375,1.272293324557713,0.14809148013591766,1.0109920246856583,0.506927850267683,36.793004613644165,2.9585813113896147,1.0330351212112914,3.056318403624832,0.3443708121776581,0.12024247646331787,0.04140799927792571,0.34916468831451847,2.5345739612189,13.835301887303784,0.2950175106525421,0.18744518564554724,0.9516875621610978,0.0,ADL,ADL_046
107,20.032739890067365,178.05188764541816,1.2753208658054098,0.14844387769699097,0.9756990025143155,0.002286114331715848,85.02375809298726,3.080515602351026,0.9491181146627969,2.923773160692736,0.358563631772995,0.11047476530075073,0.03961223306550643,0.3081027951766632,0.9145071822105855,0.9940893219907176,0.10644614696502686,0.013468246593144606,0.8887070006107369,0.47235421162770685,ADL,ADL_046
108,20.776013485628507,174.00980335873413,1.2632698459817089,0.1470411717891693,0.9246677330248253,2.630515871543294,22.29820786683426,3.1381058404347275,0.9755772556444031,3.061464683732985,0.36526697874069214,0.11355453729629517,0.04147772276051498,0.31088007683506474,1.7277071425110435,4.13074569120746,0.2011004090309143,0.05596469085025646,0.8845777028576194,0.12387893259352634,ADL,ADL_046
109,18.993312807170405,176.99525600833485,1.2513532469922963,0.1456541121006012,0.9088597148926901,0.9417984521663565,53.48102035374307,3.083544807856671,0.982298041319129,3.0289600250773785,0.3589162230491638,0.11433681845664978,0.04103733903591866,0.31856041202288066,1.63683097734169,0.975139759668191,0.1905226707458496,0.01321151173788948,0.8944815955157199,0.0,ADL,ADL_046
110,17.85429113169325,178.12551129683533,1.237887863952199,0.1440867781639099,0.9148975147093898,0.16049847614011808,34.17065026431459,3.0861236395575298,0.9516267914901414,2.93683793725401,0.3592163920402527,0.11076676845550537,0.03978923892254471,0.3083558060103427,0.07736495102575791,2.763662634701052,0.009005069732666016,0.03744300340121853,0.9008094937128153,0.0,ADL,ADL_046
111,7.120707246684846,172.21210634214708,1.2196920197237364,0.14196883141994476,0.9098024530104981,0.6411912201500085,322.00751655025215,2.9723401159079867,0.8047278631847244,2.3919249101328703,0.34597229957580566,0.093668133020401,0.03240657937804059,0.2707380400026434,3.413505709486291,16.347390813634192,0.39732277393341064,0.22147978633512366,0.9579731883766707,0.0,ADL,ADL_046
112,13.710107779098031,174.75017588944243,1.3055765632266838,0.15196555852890015,0.9878806025770394,2.716264842033373,197.68201597239556,3.145879973370904,0.8769154357530721,2.7586707076754093,0.36617186665534973,0.10207056999206543,0.037375371144570124,0.2787496816036252,5.206195723887523,11.00237392627617,0.605987012386322,0.14906375299588603,0.9238327345605665,1.024213614483126,ADL,ADL_046
113,16.302435835491398,174.68086532468504,1.2500716403522398,0.1455049365758896,0.9497050856391888,1.547433441349502,77.769841691801,3.157139318490569,0.8914602821024247,2.8144643074982594,0.36748242378234863,0.10376355051994324,0.03813128104533092,0.28236253339524736,0.33778035358994263,1.6738079946855011,0.03931671380996704,0.02267729702282395,0.9094309120250478,0.4320546760655608,ADL,ADL_046
114,14.798787119423485,178.79894504761793,1.2191225874657232,0.14190255105495453,0.9233081623008818,1.1415785366807538,45.10946148203738,3.0290421523266486,0.941030333113281,2.850420545618116,0.3525722622871399,0.10953336954116821,0.03861842789506298,0.3106683950751856,3.842914984917609,1.0786871435957046,0.4473048448562622,0.01461440549196169,0.9177845160032029,0.0,ADL,ADL_046
115,18.11957304552235,178.29934949659173,1.2502412666431273,0.14552468061447144,0.938949754638184,0.404103593227736,99.62357778296598,3.064969896875516,1.0404717938434835,3.1890147266783453,0.3567541539669037,0.12110808491706848,0.043205812373140695,0.33947115709589365,1.0778323364660247,10.157825431806874,0.12545675039291382,0.1376215343423315,0.8993357053026536,0.553464321016478,ADL,ADL_046
116,18.05301436829424,177.13958499365296,1.2780923673687483,0.14876647293567657,0.9406092758523535,0.010565477575053,1.9967603168433712,3.1011211640688283,1.044420181815976,3.2388735300101366,0.36096206307411194,0.12156766653060913,0.04388131571399434,0.3367869983573616,1.0845380157993656,1.495764099953738,0.12623727321624756,0.020265100225609345,0.8997054757316987,0.0,ADL,ADL_046
117,18.61613866551188,175.2237338656708,1.2793063795321342,0.14890778064727783,0.9391421684609794,0.09364523435569513,16.893728916529227,3.108922437211547,1.1248243238950717,3.4969915784786973,0.3618701100349426,0.1309264898300171,0.04737838328127708,0.36180420652362855,0.23403819428156503,7.743541454056824,0.027241408824920654,0.10491202701848223,0.8965770074138228,0.09385404953627496,ADL,ADL_046
118,17.41382890677853,171.50908015273296,1.2721299712390923,0.14807246625423431,0.9346674909172883,0.153881130497873,36.06929276200049,3.1104361438254746,1.0859674853571433,3.37783251747412,0.3620463013648987,0.12640365958213806,0.04576397743070082,0.349135759624787,0.04541119841782404,3.5747718301373155,0.005285739898681641,0.048432175517287845,0.9032565060734525,0.0,ADL,ADL_046
119,16.90702341110957,168.5817094952983,1.2538399044067858,0.1459435522556305,0.9229540594174139,0.3840172799898126,15.204164870068801,3.0922435000930664,1.041746871471589,3.221334992050308,0.3599287271499634,0.1212565004825592,0.043643697877346455,0.336889374052836,0.5457793119722476,4.69492576271437,0.06352722644805908,0.06360838660063095,0.9060720921605023,0.0,ADL,ADL_046
122,18.14627368658132,169.62541022536652,1.072931992947084,0.12488636374473572,0.7432070318865935,2.154645634988295,12.392502754717505,3.092151069767013,1.188060237018878,3.673661732845575,0.3599179685115814,0.13828697800636292,0.04977196819565588,0.3842169768885441,0.000924303260534387,4.523267407952671,0.00010758638381958008,0.061282703183094256,0.8991873684078815,0.06884723752620836,ADL,ADL_046
123,16.370575146086896,167.984117587989,1.1656513878041388,0.13567864894866943,0.8412827769404279,3.3401733834891836,53.27095621483274,3.2145608264222783,1.286352847685364,4.135059473126115,0.3741661310195923,0.1497279703617096,0.05602313537565706,0.4001633439947174,3.6722926996579597,13.841932208416209,0.4274448752403259,0.18753501540003548,0.9090523602995173,0.0,ADL,ADL_046
124,17.406963650338707,171.72345270059722,1.240038469280968,0.14433710277080536,0.907911855981195,2.1755474346209005,31.09165512755432,3.2231696487294634,1.2415080090493436,4.0015909334223885,0.37516817450523376,0.14450815320014954,0.054214860037222756,0.38518130758137115,0.25826466921555546,4.004056191111802,0.030061304569244385,0.05424826015302919,0.9032946463870072,0.17273141737530362,ADL,ADL_046
125,19.5519548125385,167.36458207152592,1.2217203661032245,0.14220492541790009,0.8977128992143012,0.525393432303617,64.34973486599382,3.2143419124921517,1.2292119592477115,3.951107519946514,0.3741406500339508,0.14307692646980286,0.05353089427427182,0.3824137902230869,0.264832087119351,1.5145024042762278,0.03082573413848877,0.020518972888527998,0.8913780288192306,0.35749852703329865,ADL,ADL_046
126,6.986411917469222,158.23520034306765,1.1925310739673038,0.13880737125873566,0.94439930328007,0.042584520302503696,376.9662868520783,2.9768243949398414,1.1244292546621066,3.347228435662182,0.34649425745010376,0.13088050484657288,0.045349343341507975,0.3777266846586494,7.12552552656931,18.11637252852996,0.8293917775154114,0.24544652798291544,0.9611866004585043,0.0,ADL,ADL_046
127,17.448600539304802,161.16838776317167,1.195681642283335,0.13917408883571625,0.9403947145968611,0.3185696960725177,313.8656586550674,2.9682437369979353,1.2105187579323828,3.593114721751315,0.3454954922199249,0.1409010887145996,0.0486806909997739,0.4078220528644597,0.257419738257183,7.376588582673986,0.02996295690536499,0.09994042974797779,0.9030633303371955,1.743698103639264,ADL,ADL_046
128,16.578040038595322,162.14497095584844,1.183320558401876,0.1377352923154831,0.9461371726376533,0.48681081226763645,26.11681502128441,2.981523235227188,1.1917707641246011,3.553292224301959,0.34704118967056274,0.1387188732624054,0.048141162806745186,0.39971760607575485,0.3983849468775835,1.1946749234806786,0.04637092351913452,0.016185845790861464,0.9078997775633593,0.0,ADL,ADL_046
129,17.540390807641497,159.74870499038803,1.1843264103018782,0.13785237073898315,0.929119238977082,0.04600649068395488,28.87052307138525,3.0095787836407695,1.22724096575752,3.6934783729586402,0.35030677914619446,0.14284750819206238,0.050040450503821,0.4077771511104457,0.8416664524074413,4.205584459700433,0.09796768426895142,0.0569786309122744,0.9025533844019917,0.16039179484102606,ADL,ADL_046
130,18.831725181856584,158.09048045892158,1.20456596329089,0.1402081996202469,0.9325509388665388,0.19502926817112554,38.740031226452594,3.000621491323172,1.1622926592247242,3.4876003324768674,0.3492641746997833,0.13528770208358765,0.047251147615254396,0.3873495323428007,0.2687187695279203,6.176341214453185,0.031278133392333984,0.08367908665699808,0.8953793045452412,0.21522239570251678,ADL,ADL_046
131,21.22437721340541,151.92521554178128,1.2048967665630812,0.1402467042207718,0.9272102070905052,0.027982577103539134,71.77956094646483,2.998641280404344,1.227932272905288,3.6821284030745285,0.3490336835384369,0.14292797446250916,0.04988667740733721,0.4094950479234235,0.059406327564848205,5.8358421179298325,0.006914734840393066,0.07906589376248441,0.8820867932588589,0.3987753385914694,ADL,ADL_046
132,19.568062219840698,162.30227292475354,1.1886347900705785,0.1383538544178009,0.9211423226108933,0.00552661658687796,49.6894498069414,2.9942386780317993,1.073167037377325,3.2133182513039844,0.34852123260498047,0.12491372227668762,0.04353508445714738,0.3584096238080353,0.13207807117633585,14.064304553116322,0.015373528003692627,0.19054778850569498,0.8912885432231072,0.0,ADL,ADL_046
133,20.214130137598282,162.19297159762377,1.179036758442874,0.13723666965961456,0.9149777831504362,0.23209869367254743,19.382037532727523,2.991874919665802,1.0721807725131762,3.2078307626300764,0.34824609756469727,0.12479892373085022,0.04346073816954288,0.35836314100985467,0.07091275097992344,0.16462466021724076,0.008254051208496094,0.0022303886281349605,0.887699277013343,0.1076779862929289,ADL,ADL_046
134,19.66232520875496,166.8472449077454,1.15896862402254,0.1349007934331894,0.9158969656172832,0.027068515430379334,16.554147865299633,2.984183999627042,0.9893527027422585,2.9524105055112164,0.3473508954048157,0.11515796184539795,0.04000022115999258,0.3315311169129766,0.23072760116280122,7.662607713565799,0.026856064796447754,0.10381551028650904,0.8907648599513613,0.0,ADL,ADL_046
135,17.82075206222674,170.51971198296954,1.152908292713617,0.13419538736343384,0.9101583481717563,0.26091852054393877,55.24719439584658,3.051387503699667,0.8714428435395938,2.6591098029652205,0.3551732003688812,0.10143357515335083,0.03602648751207305,0.28558824106030983,2.016105122178753,8.799021076379878,0.23466914892196655,0.11921200943758592,0.9009958218765182,0.0,ADL,ADL_046
136,15.67572900463054,173.070842111415,1.1482922812641598,0.13365809619426727,0.9306951632343085,0.0050964699171557005,64.35069172788606,3.034139646402542,0.9072466648812316,2.7527130749826254,0.3531655967235565,0.10560104250907898,0.037294655192348536,0.29901197760143466,0.5174357189137524,2.808098160522148,0.06022810935974121,0.03804503040826468,0.9129126166409415,0.0,ADL,ADL_046
137,16.100363106911026,174.54995973840607,1.1360409103874485,0.13223206996917725,0.9336341147512174,0.4251577364725344,12.739023068414568,3.0346302184377727,0.8473310743841863,2.571336483347596,0.35322269797325134,0.09862703084945679,0.03483730592973622,0.2792197449247178,0.014717161056925221,5.4412977490508885,0.0017130374908447266,0.07372047787836955,0.9105535382949388,0.07077235038008056,ADL,ADL_046
138,14.00121193765192,170.60173440710784,1.1862954834944373,0.13808156549930573,0.9915202066901952,1.5593623302437638,62.97453507777316,3.051582605939148,0.7949901619092024,2.425978149974869,0.35519590973854065,0.09253469109535217,0.03286794378598845,0.26051659954887185,0.5085716250412586,4.360750001181799,0.0591963529586792,0.05908086431243298,0.9222154892352671,0.0,ADL,ADL_046
139,12.144784171728233,174.4942604371766,1.1828426603310207,0.13767966628074646,1.0325622159142813,0.11754909928740355,55.692832977710616,3.1153971687496047,0.9002145349503258,2.804525813451487,0.36262375116348267,0.10478252172470093,0.037996631084180166,0.2889557907685724,1.9144368843137016,11.356429904298535,0.2228352427482605,0.15386061894575143,0.932528976823732,0.0,ADL,ADL_046
140,11.819884654620669,176.36992496279248,1.1828289622079076,0.13767807185649872,1.0453679127076287,0.05518551336820668,9.746985513226925,3.0932891661639865,0.9488741088436033,2.935142000939426,0.3600504398345947,0.11044636368751526,0.03976626182382148,0.30675162342984547,0.6632400775685454,3.918485624638164,0.07719933986663818,0.05308892218923944,0.9343339741409963,0.0,ADL,ADL_046
141,8.619424108086358,174.4921258082237,1.2263082131874021,0.142738938331604,1.0989069628855683,1.8566397661650296,96.01381639602933,3.0318040524018235,0.6540887071701986,1.983068793028878,0.35289373993873596,0.07613414525985718,0.026867263257789986,0.21574179675524321,1.844553412864891,28.562196237316435,0.21470099687576294,0.38696995698094483,0.8646028101781741,2.091934918884666,ADL,ADL_046
142,9.570477999820012,166.07779391038534,1.1873359007518278,0.13820266723632812,1.0860425049846603,0.3130392388903744,28.53161675200962,3.037586452633376,1.1141715367876526,3.384392366055882,0.3535667955875397,0.12968653440475464,0.045852852400342314,0.3667939671633516,0.17347200694656895,42.03970719081013,0.020191669464111328,0.5695676742765698,0.9468306777787777,0.0,ADL,ADL_046
143,9.05085021042657,167.6319079322193,1.1263894944855553,0.13110867142677307,1.073253322750954,0.2500150705855326,15.588833681803287,3.0490483251433678,1.1287058855099465,3.4414787897935644,0.35490092635154724,0.13137829303741455,0.04662627790146345,0.3701819665731487,0.3438561752997593,1.7125927121304674,0.04002392292022705,0.023202765033634165,0.9497174988309636,0.0,ADL,ADL_046
144,12.475204607749014,163.93482832414537,1.127022808644816,0.13118238747119904,1.0644732098949325,0.01358418545363957,102.73063191967333,2.948846170510936,1.339107264250587,3.9488213280887194,0.34323766827583313,0.15586844086647034,0.05349992020079686,0.454110959145231,3.0060646389729495,15.220276148854653,0.34989774227142334,0.20620926898000214,0.9306933077347277,0.5707257328870763,ADL,ADL_046
145,12.918226766263302,165.00882522328624,1.085790817974936,0.12638309597969055,1.049401177835486,0.30718233111067395,13.290664755428665,2.9179214413944337,1.3218834746837915,3.857152133804811,0.3396381139755249,0.15386363863945007,0.05225795603691452,0.4530209634528072,0.9277418734950738,2.7500758285172555,0.10798662900924683,0.03725892491647009,0.9282320735207594,0.07383702641904799,ADL,ADL_046
146,14.898711458203335,166.42545255245898,1.0723410533555846,0.12481757998466492,1.018184819518499,0.4546650298964283,59.41454075820099,2.8918860460904408,1.3789022321920048,3.98762812419902,0.3366076648235321,0.16050046682357788,0.05402568734057134,0.4768162070567038,0.7810618591197871,3.9142797118262695,0.09091347455978394,0.053031939109704496,0.9172293807877592,0.33008078199000757,ADL,ADL_046
147,16.12145675248029,166.42645650903202,1.0338109214548976,0.12033277750015259,0.9913199836570269,0.48088093317789393,36.68235882830869,2.8430992204740373,1.4213182783822007,4.040948889313936,0.3309290111064911,0.16543757915496826,0.05474809446960549,0.49991712326668236,1.4636047684921039,1.5996229534474704,0.17035961151123047,0.02167221387102458,0.9104363513751095,0.20379088237949095,ADL,ADL_046
148,17.960844386143535,167.41932639252013,0.9658112619837594,0.1124178022146225,0.9540110330308876,0.7630686703014923,55.18162900989729,2.769501381324243,1.397117919496005,3.8693200079170387,0.32236242294311523,0.16262072324752808,0.05242281036683494,0.5044639424747156,2.2079351744938336,5.1488664419069075,0.25699764490127563,0.06975852308311659,0.9002175311880914,0.3065646056105409,ADL,ADL_046
149,18.341210229000325,167.92554102027486,0.9091878297481956,0.10582698881626129,0.9098914268008127,0.11037102673641336,11.4109752857037,2.7135098550296757,1.4212012682464488,3.8564436473674126,0.31584516167640686,0.16542395949363708,0.052248357231419185,0.5237485192652698,1.6797457888370149,0.3862908164887813,0.19551783800125122,0.005233594062472591,0.8981043876166649,0.0633943071427967,ADL,ADL_046
150,21.06675654833817,165.83617625327366,0.8827057732148393,0.10274454951286316,0.8774321238361076,1.2512006473404187,81.76638958013534,2.7215418199280017,1.5167447808219778,4.1278843511645436,0.31678006052970886,0.17654496431350708,0.055925924481448064,0.5573090891806963,0.24095894694978082,8.143221113913928,0.02804696559906006,0.11032701750086638,0.8829624636203435,0.4542577198896425,ADL,ADL_046
151,24.237896696362604,165.7933901938854,0.8288501299671907,0.09647589921951294,0.8510451860454905,0.4812573115139009,95.13420444073304,2.6929828974949714,1.5776174476591551,4.2484968053357735,0.31345587968826294,0.18363037705421448,0.05756002137701621,0.5858234065139593,0.856767672990908,3.618373625136897,0.09972542524337769,0.04902290686704447,0.865345018353541,0.5285233580040727,ADL,ADL_046
152,27.428841986613882,163.60790924467744,0.7533668145817805,0.0876898467540741,0.851981139111663,0.2729741490819582,95.72835870753835,2.627529168625252,1.647168835637348,4.327984161287625,0.3058372437953949,0.1917259693145752,0.058636942019170135,0.6268868370916996,1.9636118660915836,2.3846206785555424,0.22855907678604126,0.03230761926461767,0.8476175445188118,0.5318242150418784,ADL,ADL_046
153,29.808307197829905,164.68730093589446,0.7572451757006007,0.08814127743244171,0.8219484522554654,0.7076335182410362,71.38395633648067,2.6729137389159,1.6608887221236974,4.439412284174904,0.3111198842525482,0.19332292675971985,0.060146606596847896,0.6213756020402429,1.3615371087194372,3.342843686618373,0.1584792137145996,0.04528993733033282,0.8343982933453894,0.39657753520267125,ADL,ADL_046
154,31.457335820178415,164.3104402270285,0.7270223793787669,0.08462342619895935,0.7732891344018722,0.10199468846262541,49.4708586704553,2.705827128260815,1.6677861751806309,4.512741076942095,0.3149509131908417,0.19412577152252197,0.06114008901489498,0.6163663829052329,0.987401680347455,2.1998637830157186,0.11493086814880371,0.029804472541412608,0.825237023221231,0.2748381037247505,ADL,ADL_046
155,34.960600744909,165.52679555488788,0.5729803279392747,0.06669335067272186,0.694349667337149,1.3144398889801217,105.09794774191761,2.6924193541496986,1.675249988019365,4.5104754907823885,0.3133902847766876,0.19499453902244568,0.06110939411414318,0.6222079186451928,0.40223322333349465,0.06796758479118203,0.04681885242462158,0.0009208470225541276,0.8057744403060612,0.5838774874550967,ADL,ADL_046
156,38.321646952576174,167.73171420726905,0.4584368785065554,0.05336080491542816,0.6262144348531431,0.4137780527012214,100.83138623001517,2.7053347639477936,1.74989118888292,4.734041466410899,0.31489360332489014,0.2036825716495514,0.06413833892120735,0.6468277623653126,0.3874622939428507,6.7069792688553065,0.04509955644607544,0.09086834421192513,0.7871019613745768,0.5601743679445315,ADL,ADL_046
157,38.59297358199387,171.4445151872155,0.4423703883130603,0.05149070918560028,0.5419881323659437,0.22164075276492498,8.139798882530798,2.741876747699437,1.7746435693285927,4.865853938196402,0.319146990776062,0.20656368136405945,0.0659241773109649,0.6472347855355917,1.0962595125493024,3.9543741535650945,0.12760162353515625,0.05357515169272631,0.7855945912111452,0.045221104902948284,ADL,ADL_046
158,43.598772260877595,171.28753183239846,0.3977165552815713,0.04629312455654144,0.4473470316579362,0.6650451573432671,150.17396036651186,2.6834746077766347,1.6682521674061632,4.4767123306027745,0.3123491406440735,0.19418001174926758,0.06065195980013982,0.6216741614038135,1.752064197684069,11.674248227808821,0.20393550395965576,0.15816652532475217,0.75778459855068,0.834299779813954,ADL,ADL_046
159,44.086142040015886,179.13382257857893,0.26137721563846705,0.030423596501350403,0.4309356560096102,0.09393327900059843,14.621093374148728,2.8209192707371145,1.858041327397208,5.241384586280752,0.3283473253250122,0.21627095341682434,0.07101198909990458,0.6586631839914237,4.123339888814392,22.940167670339324,0.4799455404281616,0.31080087899294284,0.7550769886665785,0.08122829652304708,ADL,ADL_046
160,53.001939731690534,167.19092563872323,0.050075473347779974,0.005828648805618286,0.3331567889697895,0.3882572971627892,267.47393075023945,2.654910308510233,1.8053908629438347,4.793150812919772,0.3090243339538574,0.210142582654953,0.06493917164029028,0.6800173305089957,4.980268866806443,13.447013200829394,0.5796897411346436,0.18218452378842898,0.705544779268386,1.4859662819457742,ADL,ADL_046
161,54.434643821365455,177.44744802345326,0.08090713203901818,0.009417369961738586,0.2896443808511706,0.051045351672129924,42.98112269024763,2.460387742874453,1.8061118706949881,4.443735508917998,0.28638243675231934,0.21022650599479675,0.06020517905671596,0.7340735497095546,5.835676969073402,10.482459120053234,0.6792569160461426,0.1420197775072296,0.6975853121035253,0.23878401494582202,ADL,ADL_046
162,57.629255629293986,176.72992726732187,0.052229919271814466,0.006079420447349548,0.24520395689659444,1.7672038242201882,95.83835423785594,2.4553143165288893,2.084043972224864,5.116983001279444,0.28579190373420715,0.24257704615592957,0.06932655582312375,0.8487861069550239,0.15220279036690876,20.1974247708434,0.01771599054336548,0.27364130299223355,0.6798374687261446,0.53243530132142,ADL,ADL_046
222,26.53019464671694,166.96615849519335,0.8392696649221593,0.0976887047290802,0.9285012871988828,0.037511798066072244,15.549530491288523,3.099933139933405,1.3215283476415862,4.096649520215586,0.36082378029823303,0.15382230281829834,0.05550274479707795,0.42630748002163094,0.3223094117022578,0.510166740531929,0.03751593828201294,0.006911905513022898,0.8526100297404615,0.0,ADL,ADL_046
223,26.252842182805022,167.0968484392265,0.9336187523701559,0.1086706817150116,0.9651268679074693,0.5754287074209526,8.320573917357521,3.0917076090337043,1.4389046201420477,4.448672362766921,0.35986635088920593,0.1674845814704895,0.06027206516399097,0.46540643672355203,0.24676592699101718,10.56068527654003,0.02872288227081299,0.14307961100739064,0.8541508767621944,0.0,ADL,ADL_046
224,19.7229329641957,166.00258247055007,0.938552637087744,0.10924497246742249,0.963212587207363,0.48051223603241766,195.89727655827969,3.0793990132875386,1.1728563445219866,3.611692670049035,0.35843366384506226,0.13651728630065918,0.048932391106930595,0.380870769685575,0.36925787238497154,25.10939078153657,0.0429806113243103,0.34019022171181135,0.8904281501989127,0.0,ADL,ADL_046
225,16.611859532770122,169.98205569936314,1.0382745892921612,0.12085233628749847,0.9714528403889144,2.1611836083283893,93.33220294276732,3.07935855901741,0.9218483520405119,2.8387016129720446,0.358428955078125,0.10730063915252686,0.03845965597065515,0.29936292330572406,0.0012136281038532815,23.189731712309715,0.00014126300811767578,0.3141820540882634,0.9077118914846104,0.0,ADL,ADL_046
226,15.736300023631621,162.85362716953557,1.062238623549694,0.12364168465137482,0.9960244568174298,0.9555938703595918,26.266785274155033,2.97254648389358,0.954509798336018,2.8373247448857,0.34599632024765015,0.11110234260559082,0.03844100171242815,0.3211075233937318,3.204362253714912,0.041306042590338876,0.3729790449142456,0.0005596277468100652,0.9125761109798243,0.0,ADL,ADL_046
227,13.297670241576037,164.08584091697185,1.0839557815571388,0.12616950273513794,1.0019207947085214,0.13029987556845624,73.1588934616675,2.932066609796503,0.8874238164785132,2.6019857410348277,0.3412845730781555,0.10329371690750122,0.03525255207643241,0.302660660325793,1.2143962229123062,7.060170115526168,0.14135241508483887,0.09565348907987214,0.9261240542134664,0.0,ADL,ADL_046
228,12.055368289809689,166.9827353723436,1.1224280484891607,0.13064756989479065,1.0055757612027387,0.2824604193874402,37.269058552990465,2.9879785077492342,0.8854026392101872,2.645564056664489,0.3477925658226013,0.10305845737457275,0.03584296532002185,0.2963207704283399,1.6773569385819398,1.3073494688898357,0.19523978233337402,0.017712397307683148,0.9330257317232795,0.0,ADL,ADL_046
229,13.693954853203687,172.78139170862127,1.1343273647998793,0.1320326179265976,1.0096575458507817,0.16466552200305248,49.15759690181995,3.058602445965205,0.8196076094412179,2.5068538389686035,0.3560130000114441,0.09540009498596191,0.033963674017329026,0.2679672568575822,2.118718146479117,4.161306530876563,0.2466130256652832,0.05637873908078461,0.9239224730377573,0.2730977605656659,ADL,ADL_046
230,13.169035286509615,177.87329906681381,1.1485425600556203,0.13368722796440125,1.0104650950152485,0.01341519926196297,15.747587000822154,3.094799288222333,0.9654877558425725,2.987990819568971,0.36022621393203735,0.11238014698028564,0.04048227486783418,0.3119701750281642,1.0859052677138514,14.43410941801102,0.12639641761779785,0.19555802551515455,0.9268386928527244,0.0,ADL,ADL_046
231,11.43445765888182,176.15325790440968,1.1706816714628878,0.1362641602754593,1.019555271929028,0.2097848351807052,52.03732882883385,3.1062941898516074,0.9781253625831388,3.0383451307385005,0.36156418919563293,0.11385113000869751,0.04116449151060131,0.3148841022610056,0.34484704887822737,1.5106293350858913,0.04013925790786743,0.020466499283013917,0.9364752352284343,0.0,ADL,ADL_046
232,11.0942525469213,169.53661547094472,1.2423843048690606,0.14461015164852142,1.0662869950189282,1.469680590201938,10.206153358815602,3.0911686454981298,0.8269462188743009,2.5562302232974727,0.35980361700057983,0.09625428915023804,0.034632641388075314,0.2675182157267396,0.45376633060433047,14.463447223230835,0.05281716585159302,0.19595550367577985,0.9383652636282149,0.0,ADL,ADL_046
233,11.05761897396325,168.89755010030228,1.2405287852765146,0.1443941742181778,1.058441939090184,0.18258189891603768,1.0990071887415276,3.1194310739766724,0.6494047171845444,2.025773254372501,0.3630932867527008,0.07558894157409668,0.027445837238296633,0.2081799255232551,0.8478728543562797,15.913709067749156,0.09869009256362915,0.21560412449336042,0.8599400305573464,2.352756992126057,ADL,ADL_046
234,10.412067088304614,170.9944288248198,1.2622136822837302,0.14691823720932007,1.0574403118449738,0.12907856627406628,19.366556569759066,3.037025725724631,0.6876063501701996,2.0882781746385146,0.3535015285015106,0.0800355076789856,0.0282926742989158,0.22640717173439845,2.4721604475612446,1.875147607980412,0.28775274753570557,0.025405111818574966,0.8765277745416282,0.0,ADL,ADL_046
235,10.622771711183999,172.67744118379167,1.3055334205398692,0.15196053683757782,1.0480619622664489,0.09982859273295261,6.3211386863815555,3.0805412063194617,0.688168101237682,2.1199301927373027,0.35856661200523376,0.0801008939743042,0.0287215061709567,0.22339132507354018,1.3054644178449237,0.9495605429636411,0.15195250511169434,0.01286495616122707,0.8819409757233211,0.0,ADL,ADL_046
236,10.46988590809355,174.84616772371976,1.2914578949319457,0.15032218396663666,1.0142425764984313,1.0757430526416558,4.586574092713462,3.1331942311696785,0.7234319348850079,2.266652765025625,0.364695280790329,0.0842055082321167,0.030709351468804158,0.23089214962553484,1.579590745506505,4.401677168649676,0.18386006355285645,0.05963535893542371,0.9133093903191178,0.0,ADL,ADL_046
237,9.213956797424332,175.92797549452746,1.2798266521707506,0.14896833896636963,1.0155602847339824,0.05957915435179833,37.677873320076536,3.2085674494908147,0.7243623830979666,2.324165564043731,0.3734685182571411,0.08431380987167358,0.03148855364138825,0.22575820984035938,2.261196549634086,1.7253839705431773,0.263197124004364,0.023376065177522776,0.9322497320134031,0.0,ADL,ADL_046
238,7.242493950885082,169.76149465188828,1.2862034485295408,0.14971058070659637,1.0213591995251756,0.042841840185283975,59.1438853961775,3.202065065666847,0.7202539703227503,2.3063000767783244,0.3727116584777832,0.08383560180664062,0.031246506188836065,0.22493360474806073,0.1950715147190385,0.5359646179622013,0.022705793380737305,0.007261423576565562,0.9394861902235814,0.0,ADL,ADL_046
239,10.580719481955406,167.8614946810021,1.2694680546606592,0.14776262640953064,0.9952475043952439,0.7727469703702432,100.1467659321097,3.166145770427563,0.744079487111045,2.355864120978546,0.3685307502746582,0.08660882711410522,0.03191801603676936,0.23501048973272362,1.0775788571785183,1.4869213260066427,0.12542724609375,0.02014529543799881,0.9312500687251923,0.24708364495167112,ADL,ADL_046
77,2.993194116480799,178.99937095621075,1.3005472748800062,0.13657613098621368,0.9925068822731403,0.0,0.0,2.937721395934865,1.0747709083660615,3.157377493235329,0.3085029125213623,0.1128663718700409,0.03481960444762677,0.36585069844851803,0.0,0.0,0.0,0.0,0.9833711437973289,0.0,ADL,ADL_047
78,13.620700845033577,178.9016284825798,1.3737794516923953,0.14426656067371368,0.9725973950293982,1.98202627723654,318.8252018565833,2.992020049107407,0.7739189885962562,2.3155811302649254,0.3142050504684448,0.08127260208129883,0.025536262038656332,0.25866020708427095,1.6289595951762603,25.253890889112107,0.17106413841247559,0.2785002722691132,0.8193389849220529,4.9209647662582805,ADL,ADL_047
79,16.682271682710677,176.82436541573617,1.5058167702053997,0.1581323742866516,1.052146658739401,2.793521993029099,91.84712513031302,3.361374454086662,1.0733899723682274,3.608065632391347,0.35299256443977356,0.11272135376930237,0.03978979973414898,0.31932977007158575,11.08063214937765,38.774535063792655,1.163625419139862,0.4276061308647794,0.9073207128738295,0.0,ADL,ADL_047
80,10.275122321894099,177.51953905497217,1.469286671032116,0.15429618954658508,1.0667367328422879,0.19372267382685812,192.21448082449737,3.0146939624824483,0.9490475550293437,2.8610879342556914,0.31658613681793213,0.0996636152267456,0.03155211892594423,0.3148062685947399,10.400414748126417,22.409330944069673,1.092192828655243,0.2471304242461425,0.9309822564430155,0.0,ADL,ADL_047
81,14.42207725969145,177.5028479431494,1.44274537062245,0.15150897204875946,1.0291663909850621,0.6276149779305359,124.40864813392055,2.9461480569672713,0.8760943465864307,2.5811036569156234,0.30938783288002014,0.09200248122215271,0.028464448284906574,0.2973684614461536,2.0563771654553076,8.399528320202041,0.21594911813735962,0.09263011923112963,0.8601817577765642,2.1240149599935365,ADL,ADL_047
86,16.722124205557986,176.68929200136958,1.3731667429338001,0.14420221745967865,0.9217598794297264,0.633992654601174,13.800281675199212,2.8833290911225196,0.7694191692001081,2.2184886738219918,0.30279093980789185,0.08080005645751953,0.02446552503130306,0.2668500902262577,0.37691379506851064,2.1756898985617896,0.039581358432769775,0.023993539521621088,0.7855460810895665,0.44781406012198666,ADL,ADL_047
87,21.590922991375404,178.93138147617913,1.4148784738202886,0.1485825479030609,0.9526359736944923,0.6437230599767878,146.06396357452255,3.252676968866273,1.2615165350275372,4.103305779328053,0.34157776832580566,0.13247734308242798,0.04525131520382786,0.3878383417439695,11.080436332312606,56.54451316518185,1.1636048555374146,0.623573705175744,0.8800504278256922,0.0,ADL,ADL_047
88,16.67885247805413,178.76001018106473,1.4198435715905529,0.14910395443439484,0.969057363044815,0.5147136692543487,147.36211539963827,3.1094802060921034,1.121934441756946,3.488632939176217,0.3265400528907776,0.11781921982765198,0.03847269427407163,0.3608098240164017,4.295902883225091,18.440185204555085,0.4511314630508423,0.20335862789268688,0.9073397084552548,0.0,ADL,ADL_047
89,20.37205323508489,178.48816562380617,1.3684631602728667,0.143708273768425,0.9476365369896332,1.0704893256699408,110.79602271092288,3.041556090706654,0.9866657159814388,3.0009991179347866,0.31940704584121704,0.10361406207084656,0.033095061473657594,0.3243940264496493,2.0377234615634787,14.62901463724292,0.2139902114868164,0.16132898401242102,0.8868219264717506,0.6155334595051254,ADL,ADL_047
90,20.049055086946648,178.37239623896753,1.356058574891583,0.14240561425685883,0.9249228926158873,0.5083496146404093,9.689944444147294,3.0058816269697592,0.9352396140152425,2.8112195725827065,0.3156607151031494,0.09821358323097229,0.031002169915531397,0.3111355559823872,1.070233912106846,5.693386360562402,0.11238992214202881,0.06278674674378593,0.8681757033051087,0.5593866949992565,ADL,ADL_047
91,19.902298555285594,174.5749977615433,1.3762030426133782,0.1445210725069046,0.9451130509861929,0.4671343793413049,4.402695949831639,3.027563684341424,0.9956137044754191,3.014283895302414,0.3179376423358917,0.10455372929573059,0.03324156618970964,0.32884876316881617,0.6504617211499486,6.091929681591219,0.06830781698226929,0.06718188822534721,0.8894316746928579,0.0,ADL,ADL_047
94,20.892981606244593,173.86967255101712,1.460953377846666,0.1534210741519928,1.0094994047298422,0.04612343260336661,9.906830509589994,3.2223636358188736,0.9562607178441708,3.081419763543108,0.338394433259964,0.10042110085487366,0.033981941511126657,0.29675666686000346,1.9479995147744944,0.671358682406944,0.20456790924072266,0.0074037532141701945,0.8839278799653079,0.055037947275500265,ADL,ADL_047
101,18.813807923418597,177.35283267885367,1.5355984173522768,0.16125987470149994,1.0520078840367826,0.29450947395414084,8.910744354968553,3.408978150184624,1.0720569973616867,3.6546188797585253,0.35799163579940796,0.11258137226104736,0.04030318961627444,0.31447957584281,0.7997764901389307,2.456567640923216,0.0839880108833313,0.027091063307776202,0.8954788448698967,0.0,ADL,ADL_047
102,10.19575775398503,174.66325246170115,1.5089130920723066,0.15845753252506256,0.9935869978522107,0.35256436871952285,258.54150508300705,3.0207994818119595,0.7820956281296708,2.3625540681815083,0.317227303981781,0.0821312665939331,0.026054280274202313,0.25890270686139677,11.64536005117994,38.76194434731051,1.2229299545288086,0.42746728026216374,0.8463794496678023,1.4729818560628316,ADL,ADL_047
103,18.778751359299417,175.58440425946628,1.49088742175286,0.15656457841396332,1.0118301953895652,0.4741071696139689,257.4898081594316,3.239138914850516,0.7827412568586212,2.5354076653497626,0.34015607833862305,0.08219906687736511,0.027960512232098722,0.2416503201369126,6.550182991156692,5.18560791504763,0.6878632307052612,0.05718695873689228,0.8281828409280545,0.5458982621924346,ADL,ADL_047
104,19.23069710236866,177.24546932106702,1.529763068813957,0.16064707934856415,1.0303076639228528,0.48737164732436034,13.558372292077259,3.336786641745449,0.9196545621876523,3.0686910581280173,0.35041049122810364,0.09657692909240723,0.03384156916457215,0.2756100513539939,2.9294318068479885,15.998501783347644,0.3076323866844177,0.17643170797420282,0.8931627938757296,0.0,ADL,ADL_047
105,6.399927327306729,170.5346440793805,1.49073743723275,0.15654882788658142,1.0523806459424865,0.0017751242635536575,384.9230932518579,3.286030858485969,0.8726587503698711,2.8675835826432,0.3450804054737091,0.09164169430732727,0.031623753029870194,0.26556543718003733,1.522673497784388,6.033224264544517,0.15990257263183594,0.06653448404105866,0.9536191949226898,0.0,ADL,ADL_047
106,17.637985054134862,178.8969667142146,1.474236727781442,0.15481601655483246,1.0314293551541391,1.2726449039718584,337.141731804844,3.2912725123865023,0.7794276915666544,2.5653089366461943,0.34563085436820984,0.08185109496116638,0.028290263882401412,0.2368158314307699,0.15724961701599316,9.068239379910175,0.016513466835021973,0.10000467442406347,0.8396212191377064,3.4199392735495016,ADL,ADL_047
107,17.40987424011253,178.10021959238563,1.5357963628636804,0.16128066182136536,1.0426242735212907,0.11614080403485477,6.843324420669994,3.3707762273444186,0.9364514094757339,3.1565681491239777,0.3539798855781555,0.09834083914756775,0.03481067898911583,0.277813981359327,2.385111448737489,17.7377763743335,0.25047093629837036,0.1956124532014325,0.9032784764438193,0.0,ADL,ADL_047
108,18.712274461291454,177.319831277583,1.4867657563265257,0.15613174438476562,1.0262150872634273,0.3296197169675943,39.072006635367735,3.2929148215972437,0.6133115346040183,2.0195826425541226,0.34580332040786743,0.06440651416778564,0.022271986455116632,0.18625132876252037,2.335842172415248,34.109565197095655,0.24529695510864258,0.3761607760199759,0.7405587781825671,4.881590947837567,ADL,ADL_047
109,17.77018703067484,177.06107676965803,1.4872354334897842,0.15618106722831726,1.0285270056987654,0.13778710350768533,28.2626229184984,3.3680506808332806,0.7336442427950602,2.4709509914353194,0.3536936640739441,0.07704317569732666,0.02724968310428011,0.21782396943715235,2.254075777081108,13.541050466435905,0.2367103099822998,0.1493308994749043,0.8227904635077619,0.0,ADL,ADL_047
110,5.323771318959722,169.9870100894167,1.4204375500211872,0.14916633069515228,1.0049113257580002,0.8883156017879774,373.3924713514536,3.2247335898916054,0.8728911767122931,2.814841497864141,0.33864331245422363,0.09166610240936279,0.031042112559674706,0.2706854922353193,4.2995127282502565,10.316715192864647,0.45151054859161377,0.11377288366183791,0.950600691074494,0.0,ADL,ADL_047
111,16.217920196918403,176.86945074242905,1.4964052060943906,0.15714402496814728,1.0129172638934087,0.31480573030772196,326.82446633876043,3.3220081291915626,0.6887235242810527,2.2879451464271194,0.3488585352897644,0.07232585549354553,0.025231492011057455,0.20732085030575798,2.9182361789987166,15.806890543110645,0.30645668506622314,0.17431861645851754,0.8001956309631673,4.512151803339801,ADL,ADL_047
112,6.521498089248538,176.57028884285486,1.518605752999151,0.1594754010438919,1.0152179725112553,0.8660052270510836,290.89266323009593,3.350398481901658,0.4088887352403053,1.3699401978158077,0.35183992981910706,0.042939186096191406,0.015107720222573562,0.12204147515829909,0.851710581302858,27.540148458339353,0.08944183588027954,0.3037131536545168,0.6974643350963794,3.081938876003636,ADL,ADL_047
113,16.736797686397935,177.69362234741686,1.4871365316822944,0.15617068111896515,1.0137860956972249,0.9628410226082025,306.4589879144819,3.337960692757171,1.004446473073156,3.3528028450967686,0.35053378343582153,0.10548129677772522,0.03697475804121275,0.30091534923819485,0.373133674334607,59.48587941842883,0.039184391498565674,0.6560111345591757,0.9070177906311225,0.0,ADL,ADL_047
114,17.866268466557962,177.70456073768787,1.512597432720042,0.15884444117546082,1.0181194705880854,0.1998653700194431,33.8841234048008,3.4252689948249175,1.2000827620733383,4.1106062761536535,0.3597024083137512,0.12602591514587402,0.04533182518791534,0.3503606366608235,2.619249062032396,22.734102931706545,0.2750587463378906,0.2507120144010777,0.9007429529635669,0.18824513002666965,ADL,ADL_047
115,18.18905420031406,177.89829158417197,1.5407918264686689,0.16180525720119476,1.0368425618312223,0.14190351876633375,9.683572012682973,3.483385513180127,1.251355048315978,4.358952047148696,0.3658054769039154,0.13141024112701416,0.04807058592552593,0.3592343203959482,1.7434955506562844,7.450373129851275,0.18309205770492554,0.08216282212831771,0.8989496988871442,0.0537976222926817,ADL,ADL_047
116,17.45635942170714,176.4464155816148,1.5267030724315802,0.16032573580741882,1.0476999086058083,0.04774956562177787,21.980843358207593,3.5360191537140966,1.4117473873295152,4.991965801802999,0.3713327646255493,0.14825373888015747,0.05505147072444316,0.39924658892696074,1.5790092160190872,18.99041263962908,0.16581863164901733,0.20942654396751692,0.9030202254349603,0.0,ADL,ADL_047
117,17.033921667782444,173.87377022570823,1.5631478918540729,0.16415296494960785,1.062559160224919,0.01088487468083142,12.673132617740919,3.544206009790035,1.3280991616210094,4.707057030214289,0.37219250202178955,0.1394694745540619,0.051909492689940606,0.37472302390141365,0.2456056822781516,8.5472631476613,0.02579212188720703,0.09425934103507672,0.905367101845653,0.0,ADL,ADL_047
118,17.50186800726795,179.0181929420795,1.6021857265277393,0.16825249791145325,1.0896852157976629,0.31046795662771914,14.03839018456523,3.5596920179137115,1.3645072298697003,4.857225494552722,0.3738187551498413,0.1432928442955017,0.05356555267642449,0.38332068415716675,0.46458024371029527,4.505053930153,0.048787593841552734,0.04968179959451646,0.9027673999596225,0.0779910565809161,ADL,ADL_047
119,17.394535419761468,177.96919280618397,1.608740064246189,0.16894079744815826,1.0994999076491,0.08088521854144615,3.2199776251945167,3.59894681221959,1.4143091853674208,5.090023534170964,0.3779410719871521,0.1485227644443512,0.05613285280859337,0.39297758956404344,1.1776438291763558,6.983941188547256,0.12366950511932373,0.07701900396506645,0.9033636921124363,0.0,ADL,ADL_047
120,17.461433415871753,177.56276723804623,1.5951759012884255,0.16751636564731598,1.1004981489915542,0.3447231723323146,2.0069398833085472,3.5881964553486583,1.4071899579852454,5.049274019244884,0.3768121302127838,0.14777514338493347,0.05568346657137635,0.3921708972866361,0.32251070612795196,1.2224854477823843,0.033868253231048584,0.013481587116510596,0.9029920365784903,0.011149666018380744,ADL,ADL_047
121,17.663981629278396,178.59145206793494,1.588825326834761,0.16684946417808533,1.1143234013693766,0.1642096366105092,6.076446402199309,3.5996963091308682,1.35408493753093,4.874294551879791,0.378019779920578,0.1421983540058136,0.0537537904863461,0.3761654426396597,0.34499561346629903,5.249384020952812,0.036229491233825684,0.05789028255090756,0.9018667687262312,0.03375803556777246,ADL,ADL_047
122,18.626933167480537,178.6150160648104,1.5781628038502515,0.16572974622249603,1.1166875376887266,0.048345530602347454,28.88854614606423,3.620312156773009,1.2847387361847025,4.65115526488667,0.38018473982810974,0.1349160075187683,0.05129300721717023,0.3548686691398967,0.6184754292642225,6.694178609793617,0.06494879722595215,0.0738234980752761,0.8965170379584415,0.16049192303368987,ADL,ADL_047
123,3.8293665764984874,178.02098146314884,1.5865039013390185,0.16660568118095398,1.1428435893073814,0.6997011992231442,443.9269977294615,3.4463133696673727,1.102223893299575,3.7986089398451486,0.3619123697280884,0.11574932932853699,0.04189111407172774,0.3198260661536252,5.21996361316909,25.576389751245646,0.5481711030006409,0.2820567943632746,0.978725741241675,0.0,ADL,ADL_047
124,17.751056073055704,171.85216497213185,1.5530797729894696,0.16309566795825958,1.0978805856590381,1.9443485197863877,417.65068489671654,3.45266834291018,0.9659198912149641,3.335001030185151,0.36257973313331604,0.10143545269966125,0.03677843937010028,0.2797596326288105,0.19064919728421614,13.90823728979993,0.020020902156829834,0.15338024104882386,0.9013830218163572,2.3202815827595336,ADL,ADL_047
125,17.30382098856178,173.9843895690001,1.6426348630339638,0.17250023782253265,1.103723312811403,0.1868094800522511,13.417052534817664,3.5295112161262767,1.1032923733718818,3.8940828064826363,0.3706493377685547,0.11586153507232666,0.04294400124740605,0.31258985428113684,2.3052861964829052,16.77245328892456,0.24208813905715942,0.1849668563191731,0.9038676611746568,0.0,ADL,ADL_047
126,16.399253986967192,171.8806184164381,1.6055622938319376,0.16860708594322205,1.1074828585638294,0.06831887123686486,27.137010047837684,3.5534647514524553,1.1209803302023387,3.9833640904455447,0.3731648027896881,0.11771902441978455,0.04392859653220338,0.3154603758965813,0.7186060597853583,2.678438518887254,0.07546395063400269,0.02953785854391988,0.9088930334057378,0.0,ADL,ADL_047
127,16.040795738907292,169.2341990402149,1.5922697206296053,0.16721117496490479,1.1188960136310087,0.03350174569344672,10.75374744179701,3.5157350599111394,0.9266738944873704,3.2579398999536435,0.3692026436328888,0.09731405973434448,0.03592860811656884,0.26357827560095,1.1318907462394767,21.762725714757035,0.11886477470397949,0.2399996524690362,0.9108844681171817,0.0,ADL,ADL_047
128,15.40014372855586,172.64259816733403,1.559539607689572,0.1637740433216095,1.1061068889408334,0.6527604432178535,19.219560310542985,3.5406418554133814,1.0306013895204194,3.648990415983186,0.3718182146549225,0.10822793841362,0.04024111883673509,0.29107677642228375,0.7472038650672586,11.731515480886276,0.07846713066101074,0.12937532160498755,0.9144436459524674,0.0,ADL,ADL_047
129,14.753858306665188,171.08052332778968,1.5435064469551631,0.16209033131599426,1.0982601585930913,0.3660927737784522,19.38856265672012,3.5289200756241215,0.8666355309662479,3.0582875234759617,0.3705872595310211,0.09100916981697083,0.03372683883466454,0.24558028344487437,0.3516533936777977,17.721086775216733,0.036928653717041016,0.19542840006211648,0.9180341205185267,0.0,ADL,ADL_047
130,15.222739932203801,172.98306035845462,1.5324331338233326,0.16092747449874878,1.105239476101257,0.20401584041983833,14.066448766158377,3.5209494696982753,0.859737378212579,3.0270918658973653,0.3697502315044403,0.09028476476669312,0.033382812673808715,0.24417704952419855,0.2391181777753859,0.9358697273578898,0.025110840797424316,0.010320784825674778,0.9154292225988678,0.07814693758976698,ADL,ADL_047
131,14.733592632610852,174.86309305604675,1.539446364576821,0.1616639643907547,1.127295856239289,0.12618707085017042,14.67441898778846,3.5333427033656433,0.9058006467321928,3.2005041058350745,0.37105169892311096,0.0951220691204071,0.03529520535220865,0.25635730287497027,0.37179701002103993,5.202367198131275,0.03904402256011963,0.05737178035199797,0.9181467075966063,0.0,ADL,ADL_047
132,15.266860504911175,176.9831968997285,1.5462558320655242,0.16237905621528625,1.125301218207892,0.08068940147640187,15.99803616900969,3.6097173183827214,1.1204513403338714,4.044512607608308,0.3790721297264099,0.11766347289085388,0.04460294325974168,0.31039781948083645,2.291238450512343,25.320255053197,0.2406129240989685,0.27923213722599094,0.915184108306049,0.08887797871671932,ADL,ADL_047
133,14.94921807932145,177.2620546920682,1.5451683378724086,0.1622648537158966,1.1446668164586524,0.04078103224183222,9.529272767691737,3.607812500787682,1.1557259399480886,4.169642493629308,0.3788720965385437,0.12136781215667725,0.04598287744409646,0.32033895588131367,0.057144527851180626,3.7538965806299984,0.006000995635986328,0.04139802553064342,0.9169487884482141,0.0,ADL,ADL_047
134,14.660079037416304,178.810047276219,1.587725913342034,0.1667340099811554,1.1405782128990973,0.21378115231574263,8.674171257154395,3.683897363307064,1.164921679598277,4.291451903931329,0.3868620991706848,0.12233349680900574,0.04732619337442223,0.31621908905566604,2.2825458755814587,3.6542823090606458,0.2397000789642334,0.040299477909773174,0.9185551164587983,0.0,ADL,ADL_047
135,4.564421106486097,175.19541225393777,1.4863990959670514,0.15609323978424072,1.1518107338185943,0.1115561305771874,302.8697379279063,3.5328738775809287,0.9457408007657262,3.3411829699877034,0.3710024654865265,0.09931635856628418,0.036846613891235336,0.2676965791574014,4.530704571784057,28.508068018308776,0.47578901052474976,0.3143873844956069,0.9746421049639662,0.0,ADL,ADL_047
136,2.137137019535182,172.60672159011074,1.4793350662937907,0.1553514152765274,1.1620821902587108,0.05207456862362564,72.81852260852745,3.519552641300959,0.7010267956156396,2.467300710131772,0.36960354447364807,0.07361787557601929,0.027209427749516735,0.19918011473819439,0.39963708839909184,26.216467795677946,0.04196763038635254,0.28911558425155803,0.9090180484352157,1.9687216958625142,ADL,ADL_047
137,7.604874812680193,174.93405262838144,1.474761602653615,0.1548711359500885,1.1255180359436803,0.6026355314592341,164.03213379435033,3.5240541634541946,0.6971252115428441,2.456707004186446,0.3700762689113617,0.07320815324783325,0.027092600207849316,0.19781856222400832,0.1350456645970688,0.3178111783597748,0.014181733131408691,0.0035048262500225746,0.8768345719520586,0.9655042944947134,ADL,ADL_047
138,9.835386329299453,171.1338114510343,1.4950167495860875,0.15699821710586548,1.1492211240815957,0.25673319984393544,66.9153454985778,3.5795578010588787,0.7751560416202099,2.7747158558195433,0.37590494751930237,0.08140251040458679,0.030599606401575663,0.2165502060868746,1.6651091281405206,9.540265548992917,0.17486035823822021,0.10521018581179042,0.9186912242273686,0.0,ADL,ADL_047
139,2.2457428018422174,173.63204631439967,1.5290030715673069,0.1605672687292099,1.1674077049457958,1.0882788803399428,227.68930582371706,3.5825271256263544,0.48619447459131143,1.7418048935530264,0.3762167692184448,0.051057398319244385,0.019208649440365377,0.13571235198515763,0.08907973702427352,30.987328867995508,0.009354650974273682,0.34172870883630857,0.7846540559865152,4.021115047225603,ADL,ADL_047
140,3.7859936851170586,174.56208640912718,1.5515396292039692,0.16293393075466156,1.1925506160974826,0.607552242548933,46.20752649824524,3.558436802147493,0.6030388010960862,2.1458754629432146,0.37368693947792053,0.06332772970199585,0.023664745496423834,0.16946688135151225,0.7227097043658492,12.122117081705648,0.07589489221572876,0.13368288168175368,0.8450265558113361,0.0,ADL,ADL_047
141,1.0293279472082544,176.4984846023605,1.5376339215537698,0.16147363185882568,1.194949375144275,0.3426330380076027,82.69997213726413,3.530343296756291,0.9735073767961584,3.436815242015119,0.3707367181777954,0.10223224759101868,0.037901247963834095,0.2757535653331905,0.8428051617360577,38.72819337215712,0.08850663900375366,0.42709507402230784,0.9942815114043986,0.0,ADL,ADL_047
142,1.4446264096338177,178.4358091551601,1.5024078505165417,0.15777438879013062,1.2154352456620823,0.162596274270253,12.4589538727669,3.50548077293832,1.033729638082714,3.6237193707154414,0.3681257963180542,0.10855644941329956,0.03996242938573147,0.2948887462120768,0.7458757145391282,5.607123861009677,0.07832765579223633,0.0618354426569212,0.9919742977242565,0.06921641040426252,ADL,ADL_047
143,0.9767655131346882,172.99255109674786,1.4875440582118649,0.15621347725391388,1.2121624046437878,0.2721303808062222,14.035826894973887,3.4895372907438444,1.0823870570248926,3.7770299985068467,0.3664515018463135,0.11366617679595947,0.04165314119600794,0.3101798356492868,0.478304465834265,4.599318833742161,0.05022883415222168,0.05072135430829405,0.9945735249270296,0.0,ADL,ADL_047
144,1.6127337224744314,168.88477213270974,1.4391729862532072,0.15113382041454315,1.2022469663313495,0.49064094093205624,19.079046280192294,3.4272935730017666,1.027115845762631,3.520227536910539,0.35991501808166504,0.10786190629005432,0.03882111995270776,0.2996863181165236,1.8673115322623346,7.7040738478892345,0.19609451293945312,0.08496063729900527,0.9910403682084754,0.10599470155662427,ADL,ADL_047
145,1.000163727052968,172.60183371220822,1.4048875466103115,0.1475333571434021,1.2066108489533582,0.2966585966493785,18.377099862643902,3.4024140216129224,1.1741145813199867,3.994823914463308,0.35730230808258057,0.12329888343811035,0.044054975636441895,0.34508184125072056,0.746386541665327,14.237891326583073,0.07838129997253418,0.15701567051202403,0.9944435348497057,0.0,ADL,ADL_047
146,2.1051575328402885,172.1249575008184,1.328700234872841,0.13953259587287903,1.209244588478204,0.8225423523966883,33.14981417361962,3.331952798167334,1.0242614572985507,3.4127908287008566,0.349902868270874,0.10756215453147888,0.03763630638795945,0.30740487398159,2.1138367033676575,17.460992572873543,0.2219831943511963,0.19256007745447334,0.9883046803731095,0.18416563429788702,ADL,ADL_047
147,3.698573875942202,169.16662072511747,1.2677567140633725,0.13313265144824982,1.1856842481427774,0.9797451435927866,47.8024902930574,3.3766870647802776,1.0010926091967887,3.380376464121934,0.35460060834884644,0.10512909293174744,0.03727884030876005,0.2964709985983047,1.3420279983883132,0.9724309373676832,0.14093220233917236,0.010723982375981933,0.9794523673558766,0.26556939051698647,ADL,ADL_047
148,3.1172449234079678,174.3758813720328,1.2196753946024108,0.12808342278003693,1.1331469552806666,0.8627699885851345,17.439868576027028,3.39532799799395,1.0660678330998103,3.6196499614845274,0.3565581738948822,0.11195242404937744,0.039917551882151514,0.3139799288473288,0.5592279964101765,7.178204920877809,0.058726966381073,0.07916134720174384,0.9826819726477335,0.0,ADL,ADL_047
149,9.499641456056745,174.7376270533702,1.0063254655190375,0.10567861795425415,0.9923560463744867,4.421374796098578,191.4718959794633,3.393362448729462,1.1775371230655434,3.995810255395538,0.356351763010025,0.12365829944610596,0.04406585301844146,0.34701091806218765,0.05896647793464993,11.28480881733032,0.006192326545715332,0.12444903408869834,0.947224214133018,1.0637327554414633,ADL,ADL_047
150,12.135676400155953,173.7163033565163,0.8599316344169599,0.09030516445636749,0.966802203179055,0.38135373417375157,79.08104832297624,3.3308658715599138,1.1394972459414834,3.795512487243,0.34978872537612915,0.11966356635093689,0.04185696634785607,0.3421014331460496,1.8748973150864412,6.008933044576139,0.19689112901687622,0.06626660011756158,0.9325795755546892,0.43933915734986617,ADL,ADL_047
151,13.549070392782243,169.36359226395044,0.7787206216861358,0.08177684247493744,0.7774026877005332,3.179107078564895,42.40181977878869,3.084226331936892,1.2805749275204563,3.949582911476768,0.32388803362846375,0.13447874784469604,0.04355605720423661,0.4152000650906814,7.399186188690656,4.622112727013041,0.7770207524299622,0.05097272569141609,0.9247273867067654,0.23556566543771473,ADL,ADL_047
152,17.856504986067208,173.06349871085408,0.8075439003856874,0.08480370044708252,0.7329977626875662,1.8947897747593094,129.22303779854894,2.904841156578298,1.2682279520872943,3.6840007511461823,0.3050500154495239,0.13318213820457458,0.04062721331690611,0.43658972256924655,5.381555260757813,7.967464809917577,0.5651405453681946,0.08786531661991503,0.9007971945218489,0.717905765547493,ADL,ADL_047
153,22.568944555637508,176.38893668379498,0.7031657423101886,0.07384249567985535,0.5925186002247937,1.8464527579423986,141.37318708710902,2.7524736279245543,1.1875340099253262,3.268656044582956,0.2890492379665375,0.12470811605453491,0.036046785913805834,0.4314409734856265,4.571025859612314,12.46034119689679,0.4800233244895935,0.1374128220930082,0.8746169746909027,0.7854065949283862,ADL,ADL_047
154,25.65833379583607,177.52223631952035,0.5344080415193899,0.05612051486968994,0.40512961517715074,1.8550687088043472,92.68167720595692,2.7491078447485755,1.42282552493976,3.911500812320404,0.2886957824230194,0.14941710233688354,0.04313608726652696,0.5175572137757559,0.10097349527936395,19.285343032123443,0.010603666305541992,0.21267904058163367,0.857453701134244,0.5148982066997609,ADL,ADL_047
155,25.27170746352581,175.92302532197928,0.6475027550214144,0.06799708306789398,0.4571960957046115,1.3005360650625146,11.598789969307823,2.785879451635414,1.3702080605981202,3.817234480485515,0.29255732893943787,0.14389151334762573,0.042096516802034856,0.4918387176644441,1.1031482066051534,2.8279899550466725,0.11584639549255371,0.031187113934763033,0.8596016252026344,0.0,ADL,ADL_047
156,34.23350879910819,176.7461700698144,0.4244499484686726,0.0445733368396759,0.359513320392964,0.7400224870513942,268.8540400674715,2.586194857660077,1.3650489904163228,3.530282679468774,0.2715875804424286,0.14334973692893982,0.03893200820958942,0.5278194565302319,5.990537819260107,8.608554030502233,0.6290924549102783,0.09493525777336309,0.8098138400049545,1.493633555930397,ADL,ADL_047
157,24.003937672644163,171.1442091088573,0.5950182476290112,0.062485456466674805,0.5357359082546684,3.7866422935429545,306.8871337939209,2.7040753118524994,1.2829170698940948,3.469104375854769,0.28396672010421753,0.1347247064113617,0.03825733299663803,0.4744366942901717,3.5364136257726697,1.83534910842015,0.3713741898536682,0.020240256388541766,0.8666447907075324,0.0,ADL,ADL_047
158,18.709028071381862,150.0212503477322,0.7428622601838082,0.07801119983196259,0.595207537458554,3.740476292012404,158.84728803786902,2.7944908618117967,1.3895678410954988,3.883134633808918,0.2934616506099701,0.14592456817626953,0.04282326464155517,0.4972509035577828,2.7124664987789204,12.420907738624472,0.2848479151725769,0.13697794934751428,0.8960609551589896,0.0,ADL,ADL_047
168,86.99963290799325,101.48620535365134,0.23634367699798695,0.024819478392601013,0.0890486617074338,0.4066235007284451,204.87181450983414,1.9980537621139909,1.2963657291627668,2.5902084222293134,0.2098243236541748,0.1361370086669922,0.02856485576785417,0.6488111458432321,2.3893112990934178,3.8787786347388136,0.25091198086738586,0.042775226621103,0.45852627581164584,1.3126040380420314,ADL,ADL_047
169,85.66603351709857,115.10905707481258,0.2258362468048496,0.023716047406196594,0.10597576991269701,0.9163472403383391,40.007981726840285,2.2756292762926837,1.6377404296828242,3.7268900687543938,0.2389737367630005,0.17198625206947327,0.04110019732890535,0.7196838226462322,8.327265425360785,34.10044939575241,0.8744823932647705,0.3760602468315355,0.5240775915716747,0.0,ADL,ADL_047
170,86.77149796773308,121.98894066007881,0.24040134713712205,0.02524559199810028,0.09368455977414535,0.668851497693232,33.163933519035425,2.3175372499334883,1.6592922261373073,3.8454715425982706,0.24337467551231384,0.17424950003623962,0.04240791552950274,0.7159692507044456,1.257239209224137,3.5574442153163055,0.13202816247940063,0.03923154601792156,0.5179361224014829,0.1842440751057528,ADL,ADL_047
171,88.84218244544633,114.58212914538686,0.24441488748841025,0.02566707134246826,0.06461282043626579,0.6873562103399173,62.120534331397295,2.306700620036798,1.6552371101338033,3.8181364682535617,0.2422366738319397,0.17382365465164185,0.04210646393612549,0.7175748177479515,0.32509889690070626,0.8200522303412683,0.034140050411224365,0.009043547801317331,0.5064323197475205,0.3451140796188734,ADL,ADL_047
172,87.65119690821552,106.444313726858,0.17084599046199928,0.01794128119945526,0.05567391331341797,2.024650544025419,35.72956611692405,2.169794125736116,1.5706702469766765,3.4080310753584877,0.2278595268726349,0.1649429202079773,0.037583815759580474,0.723876673471285,4.107194829020457,12.30316178685222,0.4313144087791443,0.13567944529635056,0.5130489060654693,0.0,ADL,ADL_047
173,82.81380320048453,104.69626732389969,0.1693807679883418,0.01778741180896759,0.08785729933199043,0.4261660438198651,145.12181123192988,2.2154359618766133,1.4501272482853478,3.2126640551485357,0.23265257477760315,0.152284175157547,0.03542930544828682,0.6545533431116096,1.3692550842149132,5.86101060629856,0.14379143714904785,0.06463530933880968,0.5399233155528638,0.0,ADL,ADL_047
174,75.66576167412022,123.55766865908059,0.1595169799742196,0.016751572489738464,0.15065540640242187,0.8485860220475786,214.4412457909293,2.421010108824217,1.3277989087879414,3.2146145806613706,0.25424081087112427,0.1394379436969757,0.035450815871721275,0.5484461553322444,6.167224408428114,0.05851576538504766,0.6476470828056335,0.0006453127030336958,0.5796346573659987,0.0,ADL,ADL_047
175,83.69172698601771,102.70237310020659,0.16284572818354853,0.017101138830184937,0.0867845623669652,1.1192435179732503,240.77895935692482,2.193965046383779,1.3270797777113874,2.911566646061539,0.23039782047271729,0.1393624246120453,0.03210879888640861,0.604874731242593,6.811351873213143,9.091438037994948,0.7152897119522095,0.10026050955938004,0.5317232753919205,1.4373414592223455,ADL,ADL_047
176,87.91934980822472,95.43251396892319,0.19143345881935125,0.02010326087474823,0.11231485075602204,0.06481970542237779,126.82868466621031,2.2639628361087625,1.327168604872777,3.004660398682282,0.23774859309196472,0.13937175273895264,0.03313543813044717,0.586212371286969,2.099933691749505,2.7928125786222946,0.2205231785774231,0.03079917732115689,0.5115591677320849,0.6049232297950702,ADL,ADL_047
177,89.55572173701935,88.53590322327483,0.1845714896537884,0.01938265562057495,0.12804335986822069,0.8151736711012173,49.09115786383893,2.316236343518759,1.3356236451899721,3.093620028252017,0.24323806166648865,0.14025965332984924,0.03411648620596619,0.5766329320993799,1.568205222299901,2.6687888870920506,0.16468405723571777,0.029431442265570595,0.5024682125721147,0.2727286547991048,ADL,ADL_047
178,87.839702252663,92.91084912616533,0.20562806758870297,0.02159389853477478,0.1427682355738554,0.01386895647639764,51.48058453069055,2.3145284781601556,1.3486491693224398,3.1214869094438242,0.2430587112903595,0.14162752032279968,0.03442380257290889,0.5826861209162354,0.05123596075810699,0.8360064357542107,0.005380511283874512,0.009219491008281011,0.5120016541518722,0.0,ADL,ADL_047
179,86.46853339066823,99.9235956596923,0.1986786902259899,0.02086411416530609,0.12874830130238013,0.3218253464002879,41.13506585984325,2.289866595885643,1.3630190201753638,3.1211317238563447,0.2404688596725464,0.14313656091690063,0.034419885581137066,0.5952370127042663,0.7398564682353781,0.010655567624384688,0.07769554853439331,0.0001175097531547209,0.519619258940732,0.0,ADL,ADL_047
180,89.65090073149669,94.74661892729358,0.16575190884236887,0.01740632951259613,0.13090895814979273,0.8837394421157467,95.4710202248539,2.332525769194813,1.4429768036899044,3.365780578957067,0.24494868516921997,0.15153327584266663,0.03711787667704591,0.6186302127230008,1.2797751992751039,7.339465653021673,0.13439476490020752,0.08093973287726541,0.5019394403805739,0.530394556804743,ADL,ADL_047
181,88.46017733864679,96.12778028351707,0.16177299121852332,0.016988486051559448,0.14390042714051365,0.15618965072913008,35.72170178549712,2.4014085368204356,1.4436178917332887,3.4667163291150387,0.25218236446380615,0.15160059928894043,0.03823099758281501,0.6011522592351585,2.0664830287686753,3.0280725047391455,0.21701037883758545,0.033393627173072815,0.5085545703408512,0.0,ADL,ADL_047
182,88.03658505647492,88.2871910878446,0.16674873122058348,0.01751101016998291,0.14577800062215568,0.26181592974965023,12.707768465156022,2.333415175980101,1.4257414964518325,3.326846844845285,0.245042085647583,0.14972332119941711,0.03668851489678815,0.6110081449706635,2.039800825210034,4.19608452809261,0.21420836448669434,0.046274480580805744,0.5109078607973616,0.0,ADL,ADL_047
183,83.46428424175677,97.09649109335919,0.17077759638565773,0.017934098839759827,0.1439864163734244,0.25938524400747004,137.16902444154442,2.2937026238105758,1.382286851790026,3.1705549788096428,0.24087169766426086,0.14515995979309082,0.034964925948237635,0.6026418153684702,1.1913765650857622,4.688755981069268,0.1251116394996643,0.05170766845651542,0.5363095319902402,0.0,ADL,ADL_047
184,86.16230837158456,95.9787043887197,0.1791794255438732,0.01881641149520874,0.11805441920817887,0.3488821565181465,80.94072389483358,2.23837947845715,1.5809815763119217,3.5388367162354424,0.23506197333335876,0.16602575778961182,0.039026342250192414,0.7063033170866916,1.6596943606027725,11.04845212277399,0.174291729927063,0.12184248905864337,0.5213205090467525,0.44967068830463086,ADL,ADL_047
185,86.53474405038645,107.69107791070334,0.13117700049462508,0.013775467872619629,0.09951962451961725,0.5313112939632112,11.17307036405677,2.202438249443239,1.3574274496933818,2.9896501360488914,0.2312876284122467,0.14254936575889587,0.03296990473804495,0.616326737451256,1.078236870417335,16.47559740559653,0.11323034763336182,0.18169312536442384,0.5192514219422975,0.06207261313365242,ADL,ADL_047
186,88.68831340623926,110.8983036847992,0.1274878353684755,0.013388052582740784,0.13321974141373927,0.06789318196502946,64.60708067558429,2.3582742942838975,1.5161263967835577,3.5754419084199323,0.24765264987945557,0.1592150330543518,0.03943002483655533,0.642893949400096,4.675081345219758,17.573753171131226,0.49095064401626587,0.1938036029553114,0.5072871477431152,0.3589282259754667,ADL,ADL_047
187,86.76472031283005,111.04799628831023,0.18206049053565526,0.019118964672088623,0.13732806857622282,1.6124215669654456,57.70779280227629,2.363802011375104,1.6477685337558747,3.894998574372743,0.2482331395149231,0.17303934693336487,0.04295410034888114,0.6970811801773231,0.1658315127362009,9.586699978584319,0.01741468906402588,0.10572226536977425,0.5179737760398331,0.0,ADL,ADL_047
188,86.76694921726141,110.59110133208087,0.18785610807527042,0.019727587699890137,0.13352964320363545,0.2151178166293058,0.06686713294087099,2.398296464450471,1.570389292057265,3.766259086951817,0.2518555521965027,0.16491341590881348,0.04153435942832573,0.6547910485971605,1.0348335922610108,3.8621846226277734,0.1086723804473877,0.04259222761666237,0.5179613932374366,0.0003714840718938017,ADL,ADL_047
189,82.2511804964355,110.26420043185213,0.1586980957116322,0.01666557788848877,0.11930977687082149,0.6789147920794212,135.47306162477753,2.4031274701001073,1.636450307396315,3.932598687157849,0.2523628771305084,0.1718507707118988,0.04336875493395009,0.6809642198634762,0.14493016948908366,4.990188006180953,0.01521974802017212,0.05503186516873093,0.543048997242025,0.0,ADL,ADL_047
190,84.28822163852146,109.519566544357,0.13998820083592228,0.014700770378112793,0.1396635418179358,0.18157350200867556,61.111234262579046,2.3838014609516276,1.72302841046644,4.10735764213106,0.25033336877822876,0.18094271421432495,0.04529599920514826,0.7228041243294968,0.5797802744543912,5.242768649196328,0.06088525056838989,0.05781732813594509,0.5317321020082141,0.3395068570143289,ADL,ADL_047
191,86.93602362516809,122.34209917977732,0.17076184588259982,0.01793244481086731,0.14112592636311438,1.7233263929567246,79.43405959939881,2.493743094017167,1.6718072069364205,4.169057676825827,0.2618788182735443,0.1755637526512146,0.04597642807596891,0.6703981765705634,3.2982489919661884,1.8510010408430144,0.34636348485946655,0.020412866124619455,0.5170220909712884,0.4413003311077712,ADL,ADL_047
192,82.08751426026316,126.99500130289175,0.19071546291418887,0.02002786099910736,0.1452338278363261,0.8676356169622133,145.45528094714783,2.4550601422997875,1.6551182009305372,4.063414725899493,0.2578165531158447,0.1738111674785614,0.04481139609236351,0.6741634360344082,1.1604885515213903,3.1692885277900107,0.12186795473098755,0.03495095950816207,0.543958254109649,0.0,ADL,ADL_047
193,78.87459737536456,138.57807939468154,0.12714487171180008,0.013352036476135254,0.17566748905123108,0.21989830715201747,96.38750654695812,2.460875625338755,1.6059868479323816,3.9521338886914155,0.2584272623062134,0.16865167021751404,0.043584189417682495,0.6526053641055619,0.1744644911690285,3.338425116242334,0.01832127571105957,0.03681620024043042,0.5618077923590858,0.0,ADL,ADL_047
194,73.4909965952757,124.67762271664019,0.11472481962030624,0.012047752737998962,0.18745539257404933,1.1801341114165873,161.50802340266566,2.6639296917970934,1.6199758487834368,4.315501763568395,0.27975085377693176,0.1701207160949707,0.04759141557271107,0.6081129179241164,6.091621993750147,10.901036246309399,0.6397077441215515,0.12021678465085728,0.5917166855818017,0.0,ADL,ADL_047
195,75.7226015180432,139.68503303465275,0.1136916717575617,0.011939257383346558,0.1779596838836408,1.4677808661812102,66.94814768302507,2.70039082930834,1.6363271413003306,4.418722806115745,0.2835797965526581,0.17183783650398254,0.04872973871584829,0.6059572389700726,1.093834125337394,3.096631276420476,0.11486828327178955,0.03414969429411663,0.5793188804553155,0.37193415379458417,ADL,ADL_047
196,72.6345707283568,148.0597530029411,0.06966561019652816,0.007315889000892639,0.21240873010334527,0.6480565767640722,92.64092369059199,2.775273261531211,1.638584145819602,4.5475187666621,0.29144352674484253,0.17207485437393188,0.0501501024228439,0.5904206069533847,2.2464729666861283,3.8638788163906668,0.23591190576553345,0.04261091120986826,0.5964746070646845,0.0,ADL,ADL_047
197,70.45668256199704,173.23226281114722,0.0596322559557915,0.006262242794036865,0.23408681437513953,0.5104397489651211,65.33664499079293,2.688201642698605,2.031027369317514,5.459811110565166,0.2822997570037842,0.21328702569007874,0.0602108755243691,0.7555311857956502,2.6121485649781784,27.36877031709198,0.2743130922317505,0.301823193045756,0.6085739857666831,0.0,ADL,ADL_047
198,66.90457960891436,165.56551129685204,0.0149452408520215,0.0015694648027420044,0.23240363899430233,2.316324319301605,106.56308859248043,2.8956383221069126,1.712962278151772,4.960119216939831,0.30408358573913574,0.1798856258392334,0.05470026612812262,0.5915644339616459,6.223100382249234,14.990756808760048,0.6535148620605469,0.1653182818873944,0.6283078910615869,0.0,ADL,ADL_047
199,66.69628098688061,161.6297099863409,0.23762386653481996,0.024953916668891907,0.25505357187369687,1.719026931311187,6.248958661012551,2.9196781304588497,1.5511628941983948,4.528896378970308,0.306608110666275,0.1628943681716919,0.049944734463299056,0.5312769989701719,0.7211942505581126,12.936685139085693,0.07573574781417847,0.14266594994470694,0.629465105628441,0.0,ADL,ADL_047
200,65.06136407289664,164.83126664955626,0.13939209395892876,0.014638170599937439,0.30233956187844596,0.868474224827729,49.04750741951915,3.122617828399488,1.5285411987073654,4.773049998526743,0.32791969180107117,0.16051876544952393,0.05263726409449632,0.4895048390142473,6.088190938219151,7.32460858669306,0.6393474340438843,0.0807758889359178,0.6385479773727964,0.0,ADL,ADL_047
201,62.091358715849154,161.9230499160986,0.2900005326450248,0.03045421838760376,0.3819540979434634,1.290336550109338,89.10016071142451,2.8585318396595634,1.460322222552958,4.1743775693300496,0.3001868724822998,0.15335479378700256,0.04603509592708832,0.5108627224640627,7.922579662197742,17.960172875900817,0.8319845795631409,0.19806504502223987,0.6550480071341713,0.0,ADL,ADL_047
202,63.55688857419953,155.58441976442947,0.25045087757018847,0.026300936937332153,0.4423454997673614,0.7694503864133759,43.96589575051138,2.74838757850063,1.4312533211435574,3.933638849518726,0.28862014412879944,0.15030214190483093,0.04338022585943957,0.5207592893393751,3.304327834767995,7.2221615943397,0.347001850605011,0.07964610202946254,0.6469061745877804,0.24425497639172677,ADL,ADL_047
203,60.891287195137274,145.32071844799898,0.28985296036412184,0.030438721179962158,0.519836272055192,0.5960841735656872,79.96804137186778,2.8785369650930446,1.1944381223288008,3.4382342876397805,0.3022876977920532,0.12543314695358276,0.03791689721941083,0.41494487842171734,3.904481597772431,14.862136856368373,0.4100266098976135,0.16389985920086225,0.6617150711381263,0.0,ADL,ADL_047
204,50.96717420809067,152.03056163117887,0.4227088793468658,0.04439049959182739,0.5342699762988913,0.04777085008536965,297.72338961139815,2.9986170976494644,1.2278328781185928,3.681800661382563,0.3148978352546692,0.12894007563591003,0.04060295069532138,0.4094650764002728,3.602403976692594,7.3069912122834735,0.378304123878479,0.08058160427731664,0.716849032177274,0.0,ADL,ADL_047
205,52.37312627332131,153.04066975988047,0.44931800624717755,0.047184839844703674,0.6157988370193526,0.5466829335691878,42.178561956919296,2.920693825061449,1.3249516151450582,3.8697780008593647,0.3067147731781006,0.13913893699645996,0.042675967501111245,0.4536412834421339,2.3376981776404637,5.639320184304055,0.2454918622970581,0.06219050417369587,0.7090381873704372,0.2343253442051041,ADL,ADL_047
206,48.59837480538579,151.79048432132464,0.560744585389303,0.05888622999191284,0.6805017616848236,0.008790483463401205,113.2425440380657,3.0076439805551582,1.2367777448912463,3.7197871397067397,0.315845787525177,0.1298794150352478,0.04102186612511716,0.4112101821675004,2.6085046648112797,4.499725834578752,0.2739304304122925,0.049623041279822644,0.7300090288589678,0.0,ADL,ADL_047
207,45.69237057560374,153.315796902889,0.6373429710669426,0.06693015992641449,0.7235758401376091,0.36527970726924647,87.18012689346146,3.008576807646173,1.1241173763429178,3.3819934675373675,0.31594374775886536,0.11804845929145813,0.03729667264570313,0.3736364036079967,0.027984812730448283,10.133810165081165,0.0029388070106506348,0.11175580438242072,0.7461534968022014,0.0,ADL,ADL_047
208,38.47382615246298,154.09201190940456,0.7268628707982983,0.07633103430271149,0.6943223314806559,0.0584301094521283,216.55633269422268,3.1681285522442595,0.9944921551405568,3.1506789916837254,0.3326989710330963,0.10443595051765442,0.03474573327608699,0.31390429699576183,4.786552337942589,6.939434275609262,0.5026566982269287,0.07652818108848436,0.7862565213752056,0.0,ADL,ADL_047
209,36.41208003419159,164.524343403888,0.7500410840640405,0.07876507937908173,0.7604374093572288,1.129157821114297,61.852383548141816,3.2178274909381956,1.0544357318504838,3.3929922853760224,0.33791807293891907,0.11073088645935059,0.037417967767162,0.3276846302172647,1.4909681608180847,7.269398810768908,0.15657305717468262,0.08016703473225029,0.7977106664767134,0.0,ADL,ADL_047
210,34.36145800882285,164.33352143481898,0.8177412868925046,0.08587457239627838,0.7979690134907174,1.3296234130070281,61.518660761062165,3.3231058399272024,1.1831411804328327,3.93170336615471,0.34897381067276,0.12424680590629578,0.04335888132103882,0.3560337368383997,3.1583504696702036,16.161332423360623,0.33167213201522827,0.17822740661630476,0.8091030110620953,0.0,ADL,ADL_047
211,31.106932459042113,163.7192788313326,0.752191524368929,0.07899090647697449,0.8209867419009778,1.5775916707438724,97.63576649342212,3.385042210015015,0.8586601005619875,2.906600684458065,0.3554780185222626,0.09017163515090942,0.03205403419035768,0.2536623273175327,1.8580911026343783,30.753080450899347,0.1951262354850769,0.3391454139204342,0.8230138910402716,0.0,ADL,ADL_047
212,30.438308169938924,165.5443015162463,0.7426208943666774,0.07798585295677185,0.8016227045108807,1.579102867658888,20.058728673095665,3.3426350447547715,0.9507829482941927,3.1781204029234322,0.35102465748786926,0.09984585642814636,0.035048357554273046,0.28444033733231266,1.2722149578073072,8.145591553961019,0.13360083103179932,0.0898297009174609,0.8308982879447837,0.0,ADL,ADL_047
213,28.179372478280655,167.67364297980066,0.8685501394145396,0.09121023118495941,0.8588045511215636,1.0957880390951193,67.76807074974809,3.4521390692488643,1.0447583957374256,3.606651275850933,0.362524151802063,0.10971462726593018,0.03977420218986083,0.3026400422716983,3.285120734822784,12.855926187825025,0.34498482942581177,0.1417753390676335,0.8434479306762186,0.0,ADL,ADL_047
214,24.23209230385129,169.5692952191367,0.9955050118146771,0.1045423150062561,0.8867557343995485,0.25506024100562225,118.41840523288099,3.5968169468961735,1.0336910422554006,3.7179974586389934,0.37771740555763245,0.10855239629745483,0.041002129496538586,0.28738974511235954,4.3403363294192765,3.3403854836418123,0.45579761266708374,0.03683781920033269,0.865377264978604,0.0,ADL,ADL_047
215,25.310913098540517,177.73262756901124,0.9986515650156605,0.10487274825572968,0.8840273499599314,0.13065680820444223,32.364623840676856,3.6624270153999254,1.0582025143205316,3.875589476211641,0.3846074044704437,0.11112645268440247,0.042740056534955606,0.28893402066293716,1.9683020551125585,4.727760527179425,0.20669996738433838,0.052137811152510594,0.8593838161192193,0.1798034657815406,ADL,ADL_047
216,23.693509430863507,173.7962872065075,0.9721491442261556,0.10208961367607117,0.967321827883542,0.42989933873386166,48.5221100303103,3.584737304325724,1.0924744738031524,3.916234000265776,0.3764488697052002,0.1147255003452301,0.04318828493132543,0.30475638213149664,2.330691332226049,1.219335721624053,0.2447560429573059,0.013446851891094624,0.8683693920507582,0.0,ADL,ADL_047
217,23.147992239393826,174.88309151219408,1.0096823092203076,0.106031134724617,0.9783205034963774,0.3321270267787048,16.365515744090438,3.5880903168235476,1.0615844736888398,3.809060970533148,0.3768009841442108,0.11148160696029663,0.04200637921661787,0.29586257942216687,0.10059037493471479,3.2151908919788363,0.010563433170318604,0.03545717144122662,0.8714000431144787,0.0,ADL,ADL_047
218,22.945860865110923,172.37620234180758,0.9272294189871155,0.0973723977804184,0.9069224798599032,0.4189122986277898,6.063941228487089,3.524117733052122,0.9486746512272158,3.3432411612868687,0.37008294463157654,0.09962445497512817,0.03686931165451135,0.26919420963885815,1.9191775131427669,13.974594277388386,0.20154118537902832,0.1541120268631957,0.8725229951938283,0.0,ADL,ADL_047
219,21.7962752074971,164.39933851352532,0.9660370976611428,0.10144776105880737,0.9534053361051228,1.999279463424029,34.48756972841469,3.494946098631785,0.9947597717961173,3.476631783514685,0.36701950430870056,0.10446405410766602,0.038340345356672856,0.2846272970618596,0.8751490326101097,4.001718666834488,0.0919032096862793,0.04413101106484518,0.8789095821805717,0.0,ADL,ADL_047
221,27.424447325699724,151.79931889448366,1.0578145694974654,0.11108571290969849,0.7127271490448838,4.022601856921321,84.42258177303935,4.010512281601196,0.7351841027877128,2.9484648734680787,0.42116135358810425,0.0772048830986023,0.032515713069418695,0.1833138276506748,7.733492744541164,7.922503650699094,0.8121277391910553,0.08736948430881242,0.8476419593016682,0.4690143431835525,ADL,ADL_047
222,16.490685253768458,155.60542968068742,1.2773123030446858,0.1341361254453659,0.9190783208100112,5.255359676122202,328.012862157938,4.033022730295853,0.7301263466526124,2.944616152037855,0.42352527379989624,0.07667374610900879,0.032473269314081676,0.18103657518360924,0.6753134608397104,0.11546164290670902,0.07091760635375977,0.0012733126601105482,0.9083850819235086,0.0,ADL,ADL_047
223,12.867138691198328,160.67251110340518,1.5069232785193238,0.15824857354164124,1.0832546117608932,5.056392510466332,108.70639687710391,4.067503703210945,0.800258937980344,3.255056193762707,0.4271462708711624,0.08403867483139038,0.035896806563182615,0.19674402849395334,1.0344291874527567,9.313201251745555,0.10862991213798523,0.10270611747302816,0.9285158961600093,0.0,ADL,ADL_047
224,9.589591109483516,165.7388615286301,1.5383492214268772,0.16154874861240387,1.1239886762863995,1.2412034943540953,98.32642745144435,4.085727460938219,0.7599018922532599,3.104752028798059,0.42906002700328827,0.07980060577392578,0.03423925006823936,0.18598894038752722,0.5467127318182108,4.509124948939438,0.057412683963775635,0.049726694848297726,0.9467244938362027,0.0,ADL,ADL_047
225,6.0014713346252035,171.7984113207952,1.6190589140919032,0.17002442479133606,1.1947695923751365,2.2261888728831756,107.64359324574937,4.16471197688092,0.7404887587004778,3.083922402105565,0.43735453486442566,0.0777619481086731,0.034009540645220326,0.1778003064092427,2.369535478281035,0.6248888007748166,0.2488352358341217,0.006891282690570932,0.9666584925854156,0.0,ADL,ADL_047
226,4.332830276808809,172.6225198733439,1.6019261979683435,0.1682252436876297,1.1773293867008876,0.5887069784847795,50.05923173449183,4.149521964697593,0.7625962215511302,3.164409771521806,0.43575936555862427,0.08008354902267456,0.03489715651380365,0.18377887332642387,0.45570036549980486,2.414621082487227,0.04785507917404175,0.02662847605749974,0.9759287206843955,0.0,ADL,ADL_047
227,2.7022497664822835,177.7677603725982,1.6795553192695207,0.17637741565704346,1.2425058197330636,1.7404093034354797,48.91741530979577,4.165131848399374,0.775843671690648,3.2314911863378253,0.43739862740039825,0.08147472143173218,0.035636931322069465,0.18627066949270565,0.46829651105341874,2.0124424444805777,0.049177855253219604,0.02219324424797442,0.9849875012973206,0.0,ADL,ADL_047
228,1.0307089585481835,179.2403336705125,1.7053916782450271,0.17909060418605804,1.266619414225452,0.7254894553109332,50.146224238023,4.139853568059243,0.7916458250468742,3.2772977934595056,0.43474404513835907,0.08313417434692383,0.036142087244819265,0.19122512211833514,0.758348410203924,1.3741982136504083,0.07963746786117554,0.015154677682494011,0.9942738391191768,0.0,ADL,ADL_047
229,0.25279196588904085,177.54836262678035,1.7257010296114466,0.18122337758541107,1.2804277809288251,0.4555811725036919,23.33750977977428,4.169740076663415,0.8513359747436353,3.5498497325938496,0.43788255751132965,0.08940249681472778,0.039147793953131504,0.204169568098968,0.8965952581251724,8.176558174030323,0.09415537118911743,0.09017120124936717,0.9985956001895053,0.0,ADL,ADL_047
108,12.157658797165587,178.29272702336246,1.3743701008551557,0.1517522931098938,0.9871689349504277,0.0,0.0,2.961977527424604,1.0079967893614756,2.985663837804843,0.3270493745803833,0.11129885911941528,0.03640022226651496,0.3403110583873065,0.0,0.0,0.0,0.0,0.9235174462157174,0.0,ADL,ADL_048
109,16.13248611559416,174.83521080894943,1.3840357033275765,0.15281952917575836,0.9833730594286982,1.001137033512309,119.24481955285715,3.0370812600159804,1.0293288351526633,3.1261553156362316,0.33534201979637146,0.1136542558670044,0.038113047720894855,0.3389194023958455,2.253111977741291,4.214744334941658,0.24877935647964478,0.05138476363139688,0.9103750771355881,0.39427107240388004,ADL,ADL_048
110,5.948441345733367,176.2940191171936,1.3381854623089835,0.1477569341659546,1.0108913013318264,0.737464915019596,305.52134309582374,2.84666237298925,0.8027193715656475,2.2850710311055056,0.3143167495727539,0.0886329710483551,0.027858827364894978,0.2819852559037223,5.712566610801915,25.23252853592178,0.6307581067085266,0.3076266106799963,0.8427847545742501,2.0277096768401406,ADL,ADL_048
111,11.74369043550196,175.88213348106441,1.2372988724390004,0.13661745190620422,0.9361182081626503,2.681102442227091,173.85747269305782,2.8181151002313136,0.7255243783675684,2.044611206263582,0.3111646771430969,0.08010941743850708,0.024927221013374634,0.2574494017914028,0.8564181827380901,7.213794745257709,0.09456217288970947,0.08794819054561032,0.771039865579402,2.152346669845443,ADL,ADL_048
112,8.362690671377528,171.89797165997047,1.2409537201255463,0.137021005153656,0.9760516229822467,0.6208922511409501,101.42999292373297,2.765831695695626,0.7883504570511392,2.180444681428174,0.30539175868034363,0.08704641461372375,0.026583257645703462,0.28503103672093205,1.5685021360706308,4.07500425493776,0.17318755388259888,0.049681098969864834,0.8121640870228302,0.0,ADL,ADL_048
133,18.43086600016794,178.47983189517961,1.2848379386532744,0.1418665200471878,0.9113404947275338,0.3312272470392832,14.38310761255773,3.2201140672153477,1.0750774551570044,3.4618720366971467,0.35555174946784973,0.1187056303024292,0.0422059945257125,0.33386222010684513,0.6489748164567454,1.8306105075271042,0.0716571296964373,0.022318195542870053,0.897606299999067,0.0,ADL,ADL_048
134,19.492751936954257,179.0368229583438,1.312543902775293,0.14492569863796234,0.9337953650055413,0.6866989429995097,31.85657810358954,3.1902183254342975,1.1263994412258524,3.5934601391576675,0.3522507846355438,0.12437239289283752,0.04381027298350215,0.3530781058256924,0.8968722534315043,3.947643073815623,0.09902894496917725,0.04812835373368962,0.8917069336835874,0.17698098946438812,ADL,ADL_048
135,15.829436172256885,174.84001140384254,1.3263765066515052,0.14645303785800934,0.9472600819164806,1.4017626997778476,109.89947294092113,3.056486690137235,0.9211684479039985,2.815539100392946,0.3374846875667572,0.10171163082122803,0.03432611794960749,0.3013805757351079,4.011949058911877,23.33763116294164,0.44298291206359863,0.28452465101683977,0.8751378193816087,0.49707342905936147,ADL,ADL_048
136,21.083826921793417,173.23438550439633,1.332019779336706,0.14707614481449127,0.9588761870701529,0.04452700855545957,157.63172248609595,3.0758886114319677,1.0060094440017506,3.0943729917979907,0.3396269679069519,0.11107942461967468,0.03772556818042894,0.32706206530702203,0.5820576388419818,8.365016742151337,0.06426841020584106,0.10198350692464331,0.8828676282122587,0.0,ADL,ADL_048
137,22.560956857682612,174.5625533973924,1.3599862063504986,0.15016408264636993,0.9757247622962998,0.23452996468454831,44.313898076675855,3.1258470135326872,1.1979222813973631,3.744521785750211,0.3451431691646576,0.13226965069770813,0.04565196642610925,0.3832301470363429,1.4987520630215867,19.504463818566606,0.16548603773117065,0.23779194737040932,0.8746613507906522,0.24618832264819535,ADL,ADL_048
138,22.79476103150613,177.54749425935137,1.3891414507806854,0.1533832848072052,0.9854699881397813,0.5918432161904661,7.014125214705551,3.1771565837538445,1.2682704744134312,4.029493887763245,0.3508085608482361,0.14003720879554749,0.04912625168276996,0.3991829882200077,1.539287106634717,8.549163060391015,0.16996175050735474,0.10422855769982142,0.8733624387138548,0.03896736230392328,ADL,ADL_048
139,22.670129193056464,174.66257482386817,1.3815190649825981,0.1525416523218155,0.972854002382401,0.5263685133027691,3.7389551534899823,3.1977617626356554,1.2849649311823728,4.109011723262748,0.35308369994163513,0.14188054203987122,0.05009570673316244,0.4018314644144141,0.6181553664543271,2.3855350649851026,0.06825417280197144,0.029083651511774278,0.874054837816353,0.0,ADL,ADL_048
140,23.048329606623565,171.88035529045536,1.3827690169533826,0.1526796668767929,0.9874810855559584,0.23509677512260652,11.346012407013006,3.2276299736239995,1.3130223177759872,4.237950188891032,0.3563816249370575,0.14497852325439453,0.0516676816983761,0.40680581237651503,0.896046329650324,3.8681539688485245,0.0989377498626709,0.04715924895640988,0.8719537244076468,0.06303340226118337,ADL,ADL_048
141,22.741686952555895,173.92368386406662,1.3978024492290813,0.15433959662914276,0.9878868948386348,0.19630264928350727,9.199279622030083,3.313854257100346,1.3458673632030669,4.460008291042901,0.3659021556377411,0.1486051380634308,0.054374940356253454,0.4061324308734738,2.5867285042903942,6.661743064556065,0.2856159210205078,0.08121775973632062,0.8736572947080228,0.0,ADL,ADL_048
142,21.18165503757633,173.3421744048796,1.3598185924066728,0.15014557540416718,0.9658184003425703,0.9478123172289886,46.800957449386935,3.2287106921925637,0.9872202177995854,3.187448472758193,0.3565009534358978,0.10900479555130005,0.03886031354312358,0.305762126969383,2.554306947233469,38.176794548541245,0.28203606605529785,0.4654388043938962,0.8823241386801315,0.0,ADL,ADL_048
143,22.779645223959058,176.35129102368685,1.3749663314540463,0.15181812644004822,0.9554770788550642,0.7383151306766833,47.93970559148182,3.309775381224186,1.1424188537540398,3.781149797201475,0.36545178294181824,0.12614119052886963,0.046098522981179,0.3451641263023352,2.4319406709486735,17.81103973329847,0.2685248851776123,0.21714628314166262,0.8734464154224497,0.26633169773045307,ADL,ADL_048
144,23.331543958120783,174.31505800639215,1.3305126033909358,0.14690972864627838,0.9304193340725736,1.0782880314240055,16.556962024851742,3.2568725338526203,1.1610464040264923,3.7813801438022354,0.3596104681491852,0.12819796800613403,0.046101331290460124,0.35649021057624053,1.5870854211469743,0.0069103980228080175,0.1752394437789917,8.424927843364571e-05,0.8703803113437734,0.09198312236029071,ADL,ADL_048
145,24.168430933747246,167.55368201718926,1.3342261564442806,0.1473197638988495,0.9399008581074918,0.28399227269710053,25.10660926879389,3.207002392234399,1.23630263561668,3.9648255099483847,0.35410401225090027,0.13650745153427124,0.04833783629043076,0.3854999133351697,1.4961042485466436,5.503360984384478,0.16519367694854736,0.06709514999911903,0.8657309392569598,0.1394811626044079,ADL,ADL_048
146,9.53334935417028,167.3332152463718,1.3132630772572957,0.14500510692596436,0.9731226975210139,0.7257521821817213,439.052447387309,3.100769700294597,1.261058216453739,3.9102511078872992,0.3423742353916168,0.13924086093902588,0.04767248329926943,0.4066908074696434,3.1869807581940535,1.637232061832563,0.3518933057785034,0.01996058973483983,0.9470369480323874,0.0,ADL,ADL_048
147,22.533502277364928,176.36914701700942,1.30882103783618,0.14451463520526886,0.9699211632300484,0.24995935453769033,390.00458769583946,3.128825467429817,1.2118992869804142,3.791821353064356,0.3454720377922058,0.13381293416023254,0.046228627047289805,0.3873324963805656,0.8416730140565987,3.5528926446882947,0.09293407201766968,0.04331568755938875,0.8748138762368616,2.1666921538657737,ADL,ADL_048
148,22.99035615304568,162.99288401912557,1.2877582270030703,0.14218896627426147,0.9443080791731269,1.0383440901248455,13.705616270422603,3.2116451095415606,1.2501870621615148,4.015157164203159,0.354616641998291,0.13804051280021667,0.048951463108934945,0.38926577939650825,2.484589263352306,6.700074334164086,0.27433812618255615,0.08168508184935419,0.8722757991497462,0.07614231261346194,ADL,ADL_048
149,23.0703973994802,165.1787612070145,1.2958655056354298,0.14308413863182068,0.9546772013630711,0.22125040585004135,2.401237393035558,3.2194589962947915,1.2620007412393102,4.0629596397135925,0.3554794192314148,0.1393449306488037,0.049534255019878515,0.39199045322969345,0.23441660259692743,1.4340742653130079,0.02588331699371338,0.017483757328307092,0.8718311255584433,0.013340207739085397,ADL,ADL_048
150,5.289003351322855,171.2733867469267,1.2866443095374196,0.14206597208976746,0.971049655821249,0.029846618209751586,533.4418214447204,3.225126021036444,1.1303495701596535,3.645519811589258,0.35610514879226685,0.12480854988098145,0.044444967225913956,0.3504813109918752,0.1700107422495778,12.52319484373003,0.018771886825561523,0.15267863381893676,0.9706166480482064,0.0,ADL,ADL_048
151,19.34935466272172,171.3669710473951,1.2960655087471444,0.14310622215270996,0.9784091495399703,0.12962144989194344,421.8105393419659,3.27244173694715,1.008356309125044,3.2997872716947767,0.3613295555114746,0.1113385558128357,0.04022991088314143,0.30813490338571703,1.4194714773211814,10.371976196834446,0.1567322015762329,0.12645169028317582,0.8925035852071015,2.343391885233146,ADL,ADL_048
152,22.056818620402982,173.89136363457064,1.2980102083691492,0.1433209478855133,0.9906143326846245,0.0669160208587594,81.22391873043789,3.2614083669057483,0.868805959816715,2.8335310265638136,0.3601112961769104,0.09592998027801514,0.03454546954014148,0.2663890716769309,0.3310011012420544,13.987687353928893,0.03654778003692627,0.1705332402899984,0.8435004297099624,1.4700946649141722,ADL,ADL_048
153,21.475090450256715,173.74696059386505,1.3150085834967828,0.14519783854484558,0.9938095240968784,0.08160450849643965,17.451845104388006,3.342361583217886,0.9643739784095853,3.2232865372911923,0.3690498173236847,0.10648220777511597,0.039297239327629185,0.2885299334853478,2.4285964893641276,11.69266532182136,0.26815563440322876,0.1425530936246311,0.8806939419430182,0.0,ADL,ADL_048
154,20.922477994779996,170.1235574397162,1.3392216457717003,0.14787134528160095,1.0302252053739924,0.7649025888676001,16.57837366430158,3.3567663957268046,0.9529829779727418,3.198941236158557,0.3706403374671936,0.10522446036338806,0.03900042949888949,0.2838983397870502,0.4321443752675602,0.7303590339790533,0.047715604305267334,0.008904294862190909,0.8837640111401112,0.0,ADL,ADL_048
155,19.056352950804815,163.7478119257656,1.3432491038438366,0.14831604063510895,1.0224458670665095,0.3653376678504278,55.98375131925543,3.341616092536973,1.0092524094366409,3.3725340928051932,0.3689675033092499,0.11143749952316284,0.04111681597408712,0.30202442355834863,0.45450909569495046,5.207785699399081,0.05018502473831177,0.06349159425592887,0.8941313724955289,0.0,ADL,ADL_048
156,19.79793348919751,165.80593244602443,1.373427171204986,0.15164817869663239,1.0155251116178186,0.42324545139004766,22.247416151780897,3.436401102996126,1.0639782271408948,3.6562559533108328,0.379433274269104,0.11748009920120239,0.044575858701371374,0.309619101826006,2.84355031377459,8.511655815169187,0.3139731287956238,0.10377128181852768,0.8900114806155695,0.12359675639878276,ADL,ADL_048
157,20.447066277320648,163.1053739940296,1.3861634017481543,0.15305446088314056,1.0107491938577133,0.21648919817035228,19.47398364369409,3.4350080988671645,1.0698957281142227,3.6751004910157365,0.3792794644832611,0.11813348531723022,0.04480560504866027,0.31146736090976246,0.04179012386884118,0.5653361311471139,0.004614293575286865,0.006892390418666849,0.8864051873482186,0.10818879802052539,ADL,ADL_048
158,20.36328261161637,159.74648186081936,1.3837450105457725,0.15278743207454681,1.0025906323761962,0.10856039347209429,2.513509971128336,3.435747381624232,1.0954877592120162,3.7638192003140816,0.379361093044281,0.12095925211906433,0.04588723409770701,0.3188490741085862,0.02217848271202083,2.6615612789503507,0.002448856830596924,0.032448871471402185,0.8868706521576868,0.0,ADL,ADL_048
159,19.82721873512326,172.56387476519302,1.3844948197824039,0.15287022292613983,1.0016069463564328,0.025190675325701895,16.081916294793288,3.432972979484803,0.9753830565750704,3.3484636778695136,0.3790547549724579,0.10769778490066528,0.040823357466598154,0.28412122356113706,0.08323206418286766,12.46066567333704,0.009190142154693604,0.15191629893326564,0.8898487848048708,0.0,ADL,ADL_048
160,18.00369853917143,173.5480250008311,1.3785327837032284,0.15221191942691803,0.9910992255188966,0.29217458623506964,54.70560587855488,3.4315770063487854,0.758206938135738,2.6018454949607146,0.3789006173610687,0.08371809124946594,0.03172083645871293,0.22094941645416105,0.04187919408052743,22.39854548726397,0.004624128341674805,0.2730756302365567,0.8279118338950777,1.8581085272937936,ADL,ADL_048
161,19.55831146325285,175.44519300979994,1.3943863367008509,0.1539624035358429,0.998009724397756,0.268890823168835,46.638387722442545,3.4234759356402713,0.8170939541845365,2.797301489307915,0.37800613045692444,0.09022015333175659,0.03410377105016771,0.23867315207176384,0.24303212125542206,5.863679830416015,0.026834607124328613,0.07148803774364332,0.8514222576131003,0.0,ADL,ADL_048
162,19.00346888452071,178.93384111022482,1.4435304211388933,0.1593886911869049,0.9992541432190263,0.006745044212892857,16.645277361964155,3.517037175372683,0.7924331116635528,2.7870167127169676,0.38833677768707275,0.08749720454216003,0.033978382468529134,0.2253121111813807,2.8068371919723445,0.30854329772842526,0.30991941690444946,0.0037616574491572408,0.8528131520897262,0.0,ADL,ADL_048
163,5.939969749195869,161.82434169475175,1.4928620928409597,0.16483569145202637,1.0510043410783407,1.9033980347513475,391.90497405974526,3.4924265360619273,0.8422201210841928,2.941391900079724,0.3856193721294403,0.09299448132514954,0.035860473500107126,0.2411555199006299,0.738319179322664,4.6312556208826905,0.08152216672897339,0.05646273094733978,0.9507786409471548,0.0,ADL,ADL_048
164,15.957404794176103,177.5932585823529,1.5001187509516332,0.16563694179058075,1.0639660812029363,0.13676731005746315,300.523051349407,3.4887101489563923,0.7479522576723351,2.609388632276322,0.38520902395248413,0.08258581161499023,0.031812799884534115,0.21439164736060254,0.11149161316605039,9.960098034102058,0.012310445308685303,0.12143020846719033,0.8405207721399085,3.3077360642173894,ADL,ADL_048
165,15.600364391109993,167.5357327440365,1.5003859615867177,0.16566644608974457,1.0578781322335924,0.274830186830488,10.711212091983295,3.441135589612306,0.7786822904362604,2.6795513426210418,0.37995603680610657,0.08597889542579651,0.032668200354952326,0.22628583523160764,1.427236780322585,2.104881310341593,0.1575896143913269,0.025662014112546316,0.8540441757006892,0.0,ADL,ADL_048
166,15.576770663755472,152.56786664035604,1.5000655787343486,0.16563107073307037,1.0456161330902662,0.9089534130541115,0.7078118206356443,3.453783019853512,0.8026966991481252,2.7723402296102577,0.3813525140285492,0.08863046765327454,0.03379945165910225,0.2324102555578901,0.3794229072361821,2.7836666096764784,0.04189431667327881,0.03393753912449782,0.8694364845956144,0.0,ADL,ADL_048
168,7.831353523437286,178.1138606561001,1.6595731886118414,0.18324324488639832,1.2664253714826856,2.96867979094491,116.18125710477278,3.768081567034656,0.7144661766307849,2.6921668304321873,0.4160560667514801,0.0788884162902832,0.03282200419398862,0.1896096054953081,4.714478207717159,1.2026009876710564,0.5205532908439636,0.014661711976704517,0.8992802496949153,0.0,ADL,ADL_048
169,5.016493206804564,173.8486905947414,1.5859849991679396,0.17511793971061707,1.2327923245918389,1.2735744705649943,84.44580949898166,3.518753801270802,0.6947422530252884,2.444626943736175,0.3885263204574585,0.07671058177947998,0.029804080078932316,0.19743935044042638,7.479832972915625,7.42619660088037,0.8258923888206482,0.09053772345168909,0.8742048254260288,0.7522627280665928,ADL,ADL_048
170,10.102434652328677,165.51524334709404,1.4809861995698441,0.16352440416812897,1.12383138507685,3.1464578605188787,152.57824336572338,3.576791681301443,0.8222403230523727,2.9409823475243377,0.39493462443351746,0.09078839421272278,0.0358554803713238,0.2298815011761642,1.7411364009192276,14.890662113644884,0.1922491192817688,0.18154200877174453,0.9275864757422805,0.0,ADL,ADL_048
171,8.078708812621647,165.7428372346165,1.4258439111484835,0.1574358195066452,1.087506123560093,1.3695678668961406,60.7117751912109,3.5880223553572357,0.8347619753582761,2.9951446289876604,0.39617466926574707,0.09217098355293274,0.03651580892498174,0.2326518024788297,0.3369202216737843,1.6248684438996808,0.03720134496688843,0.01980985660973822,0.9477376101596682,0.0,ADL,ADL_048
172,10.803945607681758,174.57368744877476,1.4053203799607263,0.15516969561576843,1.0560453101956713,1.1356087612956365,81.75710385180332,3.544241107392421,0.8945143220091768,3.1703744312161857,0.3913405239582062,0.09876859188079834,0.03865215249724585,0.2523846457227638,1.3134374389444359,5.256894066855757,0.1450243592262268,0.0640903071679233,0.9399780799573236,0.23278590607033633,ADL,ADL_048
173,13.352789858040902,178.30717686809209,1.3727814121701982,0.15157687664031982,1.022678124391247,0.9848088442502463,76.46532751077432,3.5170347461850913,0.9186388538918644,3.2308847683333366,0.38833650946617126,0.10143232345581055,0.03938987443787312,0.26119630729270693,0.8161908362198966,1.8153101135145278,0.09012043476104736,0.022131658218818018,0.9258178341219949,0.4248073750598613,ADL,ADL_048
174,14.318705314263559,178.21493873092552,1.3902038154874459,0.15350058674812317,1.0478422136083068,0.7768298999427395,28.977463686679705,3.5434845504124795,0.9743155635833941,3.4524721467841846,0.39125698804855347,0.10757991671562195,0.042091394188668474,0.2749590295962769,0.7934941268216456,6.647621353525439,0.08761435747146606,0.08104559252386068,0.9204516371429803,0.1609859093704391,ADL,ADL_048
175,14.801587649376952,176.1585379255324,1.3470026035375777,0.14873048663139343,1.0210359935792728,0.7400358052207886,14.486470053401792,3.471998148054844,1.0296816071729213,3.575052633190518,0.3833637535572052,0.11369320750236511,0.04358585478206489,0.2965666677685328,2.144592070729061,3.677414592190007,0.236797034740448,0.04483381780189255,0.9177689575034613,0.08048038918556877,ADL,ADL_048
176,14.117673167466144,173.30866810072712,1.3380403858278138,0.1477409154176712,1.0140087587411466,0.025737242533829467,20.517434457324235,3.482573211370616,1.0730928088946035,3.737124269570794,0.3845314085483551,0.11848649382591248,0.045561778364834105,0.3081313595210604,0.3172518994731588,4.86214909140827,0.03502964973449707,0.05927770748307637,0.9215684824029658,0.0,ADL,ADL_048
177,10.346206224130858,175.31653107320844,1.3465514494198567,0.1486806720495224,1.0397891868321614,0.7163512262019271,113.14400830005857,3.430235285068982,0.72512113322735,2.4873360971456617,0.3787524700164795,0.08006489276885986,0.03032477589781024,0.2113905194462674,1.5701377890490242,37.493645172753965,0.1733681559562683,0.4571100740107159,0.8516197956123563,2.0984606037182854,ADL,ADL_048
178,1.3944554576089323,174.83890108780145,1.3301518690335716,0.14686989784240723,1.0214531390707104,0.09622416915235567,268.5525229956578,3.268111575110118,0.9447358860989946,3.087502284782038,0.3608514368534088,0.10431385040283203,0.037641802801573476,0.28907619777335203,4.863711298765918,18.004985629091294,0.5370309948921204,0.21951080711289706,0.992253025235506,0.0,ADL,ADL_048
179,12.202405564048753,179.09641583572167,1.340861887215548,0.14805245399475098,1.007403257859909,0.04970117812573393,324.2385031931946,3.300611405989447,0.8878275782984842,2.9303738314839656,0.3644399344921112,0.09803026914596558,0.035726144865799725,0.26898808522314216,0.9749949263798685,4.713853598942177,0.10765492916107178,0.05746973807321254,0.9141751601031443,2.342335953970851,ADL,ADL_048
180,16.910087879059375,172.57149804402687,1.3760913152187257,0.15194234251976013,1.0031655401062267,0.01740917774035972,141.23046945031868,3.34489117723002,1.1368041915004745,3.8024863103880433,0.3693291246891022,0.1255212426185608,0.046358650666201484,0.3398619127649637,1.3283931372171942,26.163374367122334,0.146675705909729,0.3189751740120528,0.906055067338559,0.24360278293755755,ADL,ADL_048
181,17.00000856928227,176.5633692785344,1.4052234823667917,0.15515899658203125,0.9893296973132254,0.20035129526963744,2.6976207066867985,3.3813235929105434,1.1640780301409066,3.936124507304278,0.3733518421649933,0.12853270769119263,0.04798792319496137,0.3442660485610849,1.0929724704157007,4.009145907487044,0.1206815242767334,0.048878175862796525,0.9055555079484319,0.014986781703814067,ADL,ADL_048
182,20.12252931408419,173.40747550982982,1.4081015298434654,0.15547677874565125,0.9835051802427123,0.12808296441721395,93.67562234405764,3.3013120916547796,1.1230128838133209,3.7074160124170197,0.36451730132102966,0.12399846315383911,0.045199585156792565,0.3401707478183221,2.400345037672915,6.8612548466177525,0.2650362253189087,0.08365014114506408,0.88820817047731,0.5204201241336548,ADL,ADL_048
183,19.554571370658632,175.095715406452,1.4466275003634166,0.15973065793514252,0.9849043922955188,0.5145869534831303,17.03873830276674,3.3465281797570787,1.1458637116687718,3.834665201260585,0.36950987577438354,0.12652155756950378,0.04675096502028886,0.34240279749372116,1.3564826430689747,3.8174756653069553,0.14977723360061646,0.046541395904888816,0.8913634923852298,0.0,ADL,ADL_048
184,3.676762346575348,177.50967066442297,1.3606474851949,0.1502370983362198,0.948727851041319,0.3403696680539631,476.3342707224985,3.2416914609532945,0.7690618978440178,2.493061387185487,0.35793423652648926,0.08491665124893188,0.030394576733172585,0.23724026746566923,3.145101564113526,40.24811442225293,0.3472691774368286,0.49069164861348824,0.8896139151309786,0.052487317627535335,ADL,ADL_048
185,2.4573562664650184,172.4888258931395,1.3171370916465577,0.14543285965919495,0.9453653155949717,0.058207383342593406,36.58218240330989,3.1712129015364727,0.8920829751396394,2.828985040003865,0.35015228390693665,0.09850013256072998,0.03449004638127562,0.2813057511889828,2.114356782504654,10.077709584551334,0.23345857858657837,0.12286408944309102,0.9516386412934839,0.0,ADL,ADL_048
186,7.282983570161654,171.12359448073485,1.197668566248899,0.1322416365146637,0.9232144986305225,0.5136679108442788,144.76881911089905,3.0494606698929045,1.0365429824804824,3.1608970577277207,0.3367089033126831,0.11445081233978271,0.03853660750617394,0.33990925486233425,3.6525669493070456,9.957360531715672,0.4033014178276062,0.12139683374694954,0.9595389801657686,0.0,ADL,ADL_048
187,8.935380965626221,172.41942610277357,1.179897304602513,0.13027940690517426,0.9185199586547383,0.2472143725590941,49.57192186393702,3.019875594213857,0.9544391409790867,2.8822874680051824,0.33344224095344543,0.10538524389266968,0.03513989188699718,0.31605152226607386,0.8875522703714234,8.358287691676148,0.09799987077713013,0.1019014685753028,0.9244164059091241,1.0536772276993334,ADL,ADL_048
188,9.347845090320266,166.9799990699533,1.1406549936527492,0.12594643235206604,0.8934311742530208,0.04611812642800873,12.373923740821358,2.976311893493364,0.8876013939427257,2.6417785854730234,0.328632116317749,0.09800529479980469,0.0322076874404047,0.29822099457878515,1.3069110216147894,7.215266475964772,0.14430373907089233,0.08796613339777437,0.8825678091838349,1.2554579017586753,ADL,ADL_048
189,30.662526095422407,170.63792242297572,1.1893232272325551,0.13132017850875854,0.8552095269563603,0.5314414667233901,639.4404301530642,3.0101674809585814,0.7908835598897946,2.3806919732050185,0.3323703110218048,0.08732610940933228,0.029024606144703924,0.26273660365230306,1.0156676239565199,7.832598368040147,0.11214584112167358,0.09549243887102321,0.7212113119375874,4.840694917387427,ADL,ADL_048
190,30.515896465681077,177.24553105663264,1.186296999312789,0.1309860348701477,0.8470662153747243,0.604438553853317,4.398888892239903,2.9977697172198536,0.8802215220392077,2.6387014232143047,0.3310014009475708,0.09719043970108032,0.03217017169976799,0.29362457620503735,0.3719329121618342,7.740283500278586,0.041067302227020264,0.09436696665192201,0.7644614147837974,0.0,ADL,ADL_048
191,25.16141078841661,179.0104113327507,1.148428393946119,0.12680473923683167,0.8478894400585708,0.3480054143838046,160.63457031793402,2.925794238427094,0.8403893233692646,2.458806240349438,0.32305416464805603,0.0927923321723938,0.029976949355697613,0.2872337059631409,2.1592643637827935,5.396855485945995,0.23841708898544312,0.06579667032211134,0.7646207228989175,0.0,ADL,ADL_048
192,26.671780060625874,173.08894841453235,1.1787519426530368,0.13015294075012207,0.8678920454627793,1.2780684676095988,45.311078166277916,2.987464023817026,0.9027913738632213,2.69705675042872,0.3298634886741638,0.0996825098991394,0.032881620475126994,0.3021923041785944,1.8500935616979586,7.147515302378453,0.20427972078323364,0.08714013358288142,0.7954154713981735,0.0,ADL,ADL_048
193,12.805122774562328,166.4419663334419,1.136818901580891,0.12552286684513092,0.8144581506926996,1.1224101753808522,415.9997185819064,2.8548028505186958,0.8181892478786509,2.3357689971077202,0.3152155876159668,0.09034109115600586,0.028476920134608008,0.286600054392029,3.9798351989499015,10.838632599629992,0.43943703174591064,0.13214101021556957,0.8130305079670734,0.0,ADL,ADL_048
194,13.104017542287977,171.83000707603054,1.0405198324777918,0.11488991975784302,0.8325533040179759,0.5018742050866816,8.966843031769471,2.8594212759499404,0.8974617362870796,2.56622118309025,0.31572553515434265,0.09909403324127197,0.031286516675702813,0.3138603259711128,0.13855276293734065,6.913565579475898,0.015298426151275635,0.08428789623284416,0.8492730594765945,0.0,ADL,ADL_048
195,16.50058566230187,169.65970695658777,1.0221960656091653,0.11286668479442596,0.8252450931484123,0.07262866034518907,101.89704360041678,2.790735187066045,0.8599685753581902,2.399944563023159,0.3081414997577667,0.09495419263839722,0.02925932732788361,0.3081502639624248,2.0605826665168614,4.98829860201274,0.22752106189727783,0.06081568043457608,0.8030552829433993,1.3865332959958543,ADL,ADL_048
196,17.484471743337203,157.27748354602673,0.9940438057446092,0.10975822806358337,0.8152090395682605,1.5573157272109548,29.516582431059994,2.823844474121153,0.8917482870714527,2.5181584727537247,0.31179729104042053,0.09846317768096924,0.030700552068157805,0.315791267977812,0.9932786116532322,3.5464172919169767,0.10967373847961426,0.04323674220822582,0.8170322022467809,0.0,ADL,ADL_048
197,18.08675787514586,168.33836366891944,0.9159720107808005,0.10113786160945892,0.7801673337839728,0.5795272351006582,18.06858395425973,2.7684722226077803,0.8142037607699044,2.2541004952342703,0.30568331480026245,0.08990103006362915,0.027481244873808208,0.29409762199402184,1.6611675454011765,7.921739325583634,0.18341928720474243,0.0965792158304879,0.7702558571387881,1.4032903532397834,ADL,ADL_048
198,17.045009508346272,168.46408899709107,0.9117557508508445,0.10067231953144073,0.7599601368025986,2.0710767569129147,31.252451003987645,2.6731706049207973,0.8784401178053104,2.348220301100318,0.2951605021953583,0.09699374437332153,0.02862872229903779,0.3286124499702687,2.8590485306094893,2.823594175981432,0.31568437814712524,0.03442432275688745,0.791523480430363,0.0,ADL,ADL_048
199,16.564539473145324,167.72470410978048,0.930841607848927,0.10277970135211945,0.7631638303714234,1.3451221424318864,14.41410105602845,2.6248899617167303,0.8202087124965326,2.152957615944752,0.2898295521736145,0.0905640721321106,0.026248144469068535,0.3124724824657576,1.44841929612201,5.857880554666983,0.15992850065231323,0.07141733489907764,0.7620773902904487,0.8833827041974285,ADL,ADL_048
200,31.176074670387116,171.00882433225465,0.855959606102724,0.09451153874397278,0.6973431032067784,1.8655796325949054,438.3460559172538,2.5945998818166314,0.75080466372443,1.9480376917667817,0.28648504614830017,0.0829007625579834,0.02374982878715315,0.28937103105911705,0.9087023970029673,6.147597725339107,0.10033518075942993,0.07494947045746159,0.6471984750995714,3.44636745572632,ADL,ADL_048
201,16.86271050821815,161.35011029896881,0.931278186841098,0.10282790660858154,0.7304679100714996,0.6393540768377036,429.400924865069,2.339826687201432,0.7274590913294738,1.7021281957400067,0.2583540380001068,0.08032304048538208,0.02075178185384452,0.3109017772873811,7.643195838455976,7.377284880803248,0.8439302444458008,0.08994140799925887,0.686271782397847,0.0,ADL,ADL_048
202,16.211008714378416,169.35299431494474,0.8596013631672481,0.09491364657878876,0.697017861979226,0.7606069754763161,19.551053815192034,2.3381208576926094,0.8269872255162442,1.933596081024872,0.2581656873226166,0.09131252765655518,0.023573761463620002,0.3536960116873909,0.05117488526468428,6.9440365585459585,0.005650520324707031,0.08465938829326447,0.7279624806554834,0.0,ADL,ADL_048
203,18.025804341433776,158.18912696222048,0.814149373958824,0.08989502489566803,0.6668202261624769,0.5269960534306193,54.44386881166082,2.1131672903139207,0.8688345702483504,1.8359927945427663,0.2333272397518158,0.09593313932418823,0.022383814599239216,0.411151000951404,6.74860702136066,2.928098594463171,0.7451534271240234,0.035698405931423594,0.7018272131307222,0.7840580257428376,ADL,ADL_048
204,15.794475276962926,149.366055296321,0.8542997962032769,0.09432826936244965,0.7113754402849731,3.3544975345161774,66.93987193412552,2.162343763919852,0.8695552292338815,1.8802773273177813,0.23875710368156433,0.09601271152496338,0.022923716920313808,0.4021338335515394,1.475294208177944,1.3285359832504495,0.16289591789245605,0.01619706963223777,0.7215070794538729,0.0,ADL,ADL_048
205,14.993243116002967,159.041315419645,0.7671390609103385,0.08470433950424194,0.594052292395365,1.997225405479914,24.036964828798766,1.7064181819492268,0.8063456088205582,1.375962807826319,0.18841567635536194,0.08903336524963379,0.01677528173170373,0.47253442196227385,13.677767459118762,15.129435584743867,1.5102428197860718,0.1844530556583024,0.6430124319452633,2.3548394252582905,ADL,ADL_048
126,20.017502004607966,178.7532292254322,1.3559340533291584,0.15401826798915863,0.9741261211979034,0.0,0.0,3.135793596324547,1.0207290484683378,3.2007956137694618,0.3561895191669464,0.11594289541244507,0.041297644167782366,0.3255080895572705,0.0,0.0,0.0,0.0,0.8887916555299558,0.0,ADL,ADL_049
127,20.011179812970404,178.91066412541858,1.3520282619473964,0.1535746157169342,0.9687119568168636,0.025364752079524138,0.18966574912685275,3.086262866949583,0.9896860552250685,3.054431322178943,0.3505634069442749,0.11241677403450012,0.03940920730321906,0.3206736673993538,1.4859218812489283,4.390928747715557,0.16878336668014526,0.056653105936899095,0.8795575882815896,0.2770220174509852,ADL,ADL_049
128,20.710799657655713,177.0641914220796,1.3831827630224092,0.15711340308189392,0.9879578150187294,0.5934761651028829,20.988595340559257,3.1339360070333857,1.0337397822761631,3.23967432557812,0.35597851872444153,0.11742076277732849,0.04179926920096744,0.3298525802778619,1.4301942025140857,5.557290101975303,0.16245335340499878,0.07170185693245124,0.8849400019019127,0.0,ADL,ADL_049
129,23.946129684184328,172.5753162310599,1.3752466850443859,0.1562119573354721,0.9692297467132065,1.24394332708142,97.05990079585845,3.132265750899553,0.9634560023712152,3.0178002387259557,0.35578879714012146,0.10943734645843506,0.03893658185865334,0.30758989532050895,0.05010768401497945,6.656222605564928,0.005691647529602051,0.08588062026942289,0.8518115353597362,0.9938539962652948,ADL,ADL_049
130,22.018542449607,176.4992750506149,1.3940462495479091,0.15834736824035645,0.9697596056925144,0.7114291495211015,57.82761703731982,3.220434075159306,0.9636944979454617,3.103514599227105,0.36580368876457214,0.10946443676948547,0.04004249475881405,0.299242847704272,2.6450497277925855,2.5714308150344767,0.3004467487335205,0.03317738700482131,0.8762913873044311,0.0,ADL,ADL_049
131,21.68700404712158,175.56377040383265,1.3862531639658862,0.15746216475963593,0.9907289814160807,0.42350280939108037,9.946152074562633,3.1885819286146324,0.9722645963362099,3.100145321709439,0.36218565702438354,0.11043789982795715,0.039999023309581716,0.30491984639986924,0.955564396340205,0.10107832552997742,0.10854095220565796,0.0013041434769700544,0.8775919527136022,0.0,ADL,ADL_049
132,22.145557418408938,175.8133150689518,1.3559496644256026,0.1540200412273407,0.9549327372697992,1.698139651052517,13.756601138620752,3.170803382292826,0.9996637760094721,3.1697372821264524,0.3601662218570709,0.11355012655258179,0.04089692007183565,0.31527057339394177,0.5333563896541893,2.087758812510403,0.06058305501937866,0.026936902867618073,0.8769691254532836,0.018684817809557774,ADL,ADL_049
133,21.953819628349088,176.06936836899226,1.356056974315445,0.15403223037719727,0.958076471010858,0.027186921235896472,5.752133701795508,3.178943191638729,0.9928408085636172,3.1561845287644013,0.3610908091068268,0.11277511715888977,0.04072205830202069,0.3123170183168734,0.24419428037709245,0.40658260086153586,0.02773761749267578,0.005245853094448805,0.8780343353980606,0.0,ADL,ADL_049
134,21.702249720738916,178.92087431261567,1.3506169663545777,0.1534143090248108,0.959395936624594,0.11188039908715473,7.547097228305155,3.1667775560098343,0.985460301959045,3.120733566582578,0.3597089350223541,0.1119367778301239,0.04026465914310773,0.31118622793437056,0.364969068866845,1.0635288654546926,0.04145622253417969,0.0137219747673889,0.8794319459958949,0.0,ADL,ADL_049
135,22.793520341291146,177.12318548447087,1.32842507123805,0.15089356899261475,0.9480182022162303,0.28908339786646486,32.738118616566894,3.1209811583271163,0.9306842441788692,2.904647990434164,0.3545069992542267,0.10571485757827759,0.03747665693666313,0.29820161406983314,1.3738919304815411,6.4825672844524185,0.15605807304382324,0.08364006619333786,0.8400356628115523,1.1818884955302789,ADL,ADL_049
136,11.30221312656196,171.80685316652003,1.1838016436234338,0.1344660371541977,0.9170097108079593,1.1365337361187553,344.7392164418756,2.9860152272412734,0.8060780465904147,2.406961321463879,0.3391764461994171,0.09156104922294617,0.031055351285728783,0.2699502878181159,4.048977932575286,14.930600069108557,0.4599165916442871,0.1926391695280305,0.8239169612304349,0.4835610474335217,ADL,ADL_049
137,11.607941751419464,169.23817947905255,1.196565223601842,0.1359158307313919,0.9277128884271174,0.7458535849655697,9.171858745725139,3.046123195978368,0.8381458624002485,2.55309555307069,0.34600400924682617,0.09520357847213745,0.03294081984600439,0.27515086755354756,1.8032390621128336,4.3840269482043315,0.20482689142227173,0.05656405680826815,0.8456966755157188,0.0,ADL,ADL_049
138,14.881525018462554,177.95958414430754,1.21685400799472,0.1382203996181488,0.9298697122644044,0.15006723996033128,98.20749801129271,3.09102490729345,0.8419893405819184,2.602610023414298,0.3511043190956116,0.0956401526927948,0.03357967068940404,0.2723973334814403,1.3470513394524675,1.485434110308237,0.153009295463562,0.01916552530198956,0.8354651918247171,0.3069445107300506,ADL,ADL_049
139,17.30927233525624,179.02711050231778,1.1510865576467504,0.13074998557567596,0.9211874501134909,0.32563304139827876,72.83241950381054,3.0397132010670167,0.8707174312381938,2.6467312701339,0.3452759087085724,0.09890332818031311,0.034148936511759764,0.2864464019625231,1.5393511867930032,1.3236374015880648,0.17485231161117554,0.017077974670671736,0.829066311068366,0.19196642269053266,ADL,ADL_049
140,11.348083930595303,169.46052703412087,1.1035435537618767,0.12534965574741364,0.9134928849804553,0.12923626513381126,178.83565213982808,3.0045082108003442,0.8411093470109361,2.5271199392752735,0.34127703309059143,0.09554019570350647,0.03260567453058716,0.2799482721999443,1.0561497080001736,3.588339925758799,0.11996626853942871,0.04629785943517817,0.8429670380160155,0.0,ADL,ADL_049
141,15.815247304480797,170.2350443005781,1.1641136896651263,0.13222971558570862,0.9374365025408303,1.3707867653317012,134.01490121656482,3.062877969219085,0.809283962345881,2.4787380191115265,0.347907155752182,0.09192520380020142,0.03198143619606775,0.2642226181834051,1.7510927525622177,1.4514576049124095,0.19890367984771729,0.01872715003558234,0.8103763313914901,0.9777211987357604,ADL,ADL_049
142,11.379450770719329,156.17638565773612,1.0650286174920056,0.12097480893135071,0.9190451878871726,1.2092906285460885,133.07389601284407,2.8015886199359383,0.7805209762975542,2.186698684816516,0.31822773814201355,0.08865806460380554,0.02821345536691755,0.2785985487088246,7.838680478494395,8.761180028850308,0.8903825283050537,0.11303942487450591,0.7881000444693829,0.6682886076632177,ADL,ADL_049
143,10.475817757154111,148.7574992499224,1.0753992394011995,0.12215279042720795,0.9350604674249041,0.8390282173135502,27.108990406956526,2.831270955260569,0.8184171096940913,2.317160591965184,0.3215993046760559,0.09296262264251709,0.029896714802696067,0.2890626075001926,0.8904700597389148,3.9138572144600303,0.10114699602127075,0.05049778307335551,0.8140804887405525,0.0,ADL,ADL_049
144,10.37636083300583,64.67022330137192,1.077828929462047,0.1224287748336792,0.9280459688798193,0.8195786277438049,2.9837077244484433,2.868246952266696,0.7884881452827813,2.2615787196057573,0.3257993459701538,0.0895630419254303,0.029179580482402656,0.27490161699716265,1.1092799101838091,1.6674561707827973,0.126001238822937,0.021514029608802332,0.8057031367186243,0.25132056065784725,ADL,ADL_049
145,11.506381658815195,159.41607306243802,1.0919993447200043,0.12403836846351624,0.9207731657221429,0.29245224624196103,33.90062477428098,2.910366739958306,0.8425739039916229,2.4521990661340425,0.3305836617946625,0.09570655226707458,0.03163902250619177,0.2895069352204889,1.2635936307483053,5.718610395848556,0.14352947473526,0.07378326071367347,0.8300506746513592,0.0,ADL,ADL_049
146,13.14948823794758,160.97943373197316,1.0030285576287516,0.11393232643604279,0.9175933559178729,0.06898661585756068,49.29319737397153,2.8117145805437187,0.7905317558744277,2.222749664374956,0.31937792897224426,0.08979517221450806,0.028678596133575596,0.28115559314907634,2.959564782437618,6.8834820527726,0.3361719846725464,0.08881279117848528,0.7840585226816231,1.3797645590920815,ADL,ADL_049
147,22.952373283275033,178.16951114244753,1.0765427850121496,0.12228268384933472,0.8603617644970221,1.715959914421964,294.0865513598236,2.8356528194910333,0.8294747510325092,2.3521024164619573,0.3220970332622528,0.09421864151954651,0.030347544911445645,0.29251542012004006,0.7181471684194385,3.8805825626100443,0.08157312870025635,0.05006846333610149,0.7503801120850986,1.0103523178957363,ADL,ADL_049
148,19.16801851640723,177.380370464132,1.0639406946112429,0.12085123360157013,0.861812678166531,0.38017217783242085,113.53064300603411,2.773357198280817,0.8055693085062958,2.2341314404600356,0.31502097845077515,0.09150326251983643,0.028825447290437012,0.2904662810189753,1.868868636306491,3.539129280057649,0.21228164434432983,0.045662928630259,0.752450861388237,0.0,ADL,ADL_049
149,20.334315451852678,168.08811282685312,1.0388814739906957,0.11800479888916016,0.830016547909098,0.41630858645836194,34.988908063363446,2.76256350253942,0.7635151136568877,2.109258986625755,0.31379494071006775,0.08672639727592468,0.027214304691196567,0.27637832751971664,0.32381087224190974,3.746173615028421,0.036781132221221924,0.04833427797721335,0.7259091854238466,0.7962502789317116,ADL,ADL_049
150,16.718568569101933,169.0438253669728,1.007255229194566,0.11441242694854736,0.7834074549114967,0.16049256629992156,108.47240648252236,2.6932966740599724,0.822972139027969,2.21650812488805,0.305927038192749,0.09348002076148987,0.028598065881759283,0.305562122758402,2.078004854383426,3.2174741478688462,0.23603707551956177,0.04151283571688147,0.7632275208840822,0.0,ADL,ADL_049
151,18.314882089144618,165.42238279661623,0.9946314931557325,0.11297851800918579,0.8570300416702122,0.502706166350029,47.889405601280544,2.7258000263420277,0.7126785619793657,1.9426192430167533,0.3096190392971039,0.08095195889472961,0.025064267742204827,0.2614558123515064,0.9751005684616576,8.216666456138897,0.11076003313064575,0.10601394418663368,0.7103555980280116,1.586157685682117,ADL,ADL_049
108,16.459934316080425,179.05758655654876,1.3047325187906536,0.1406753808259964,0.9296472716031241,0.0,0.0,3.061160173535934,1.0045582073040127,3.075113576197699,0.3300522267818451,0.10831078886985779,0.035748217050994846,0.32816158146954844,0.0,0.0,0.0,0.0,0.9085559204662199,0.0,ADL,ADL_050
109,19.917492430097088,174.0428750357426,1.2830035268498299,0.1383325755596161,0.9444273202291363,2.451480230858407,103.7267434204999,3.0268928167512428,0.9645418023091082,2.9195646528657373,0.32635754346847534,0.10399624705314636,0.033939959718205515,0.31865642599055144,1.0280207035407418,4.666467699958847,0.11084049940109253,0.05424771998367994,0.8827339107428261,0.774660291701813,ADL,ADL_050
110,20.46923547609961,178.08297700842124,1.2764428011517903,0.13762520253658295,0.9523758997212755,0.6976598119053686,16.55229138007563,3.044314652399185,0.8033633563237053,2.4456908368568433,0.3282359540462494,0.0866180956363678,0.028431173258872455,0.26388892100236555,0.5226550694382626,14.21621448026682,0.056352317333221436,0.16526359377999178,0.79958720715846,2.494401107530985,ADL,ADL_050
111,21.921540617644908,173.9520619699049,1.295401890111002,0.13966935873031616,0.9478460953042853,0.5026250305636407,43.56915424635897,3.0388160315017485,0.8603051648983973,2.614309127077005,0.32764309644699097,0.09275752305984497,0.030391362074080774,0.2831045151300386,0.1649586269230907,5.0585487066048485,0.017785727977752686,0.05880566445624957,0.8200141939297769,0.0,ADL,ADL_050
112,23.2557687097935,175.3039425755401,1.3423471987074993,0.14473097026348114,0.9509559823860254,1.127026561186548,40.02684276445777,3.0988265420923926,0.9878323716269021,3.0611211723355205,0.33411338925361633,0.10650742053985596,0.035585555257231505,0.3187753175724777,1.8003153177193232,13.404361357755468,0.194108784198761,0.1558257954945219,0.8708012849455917,0.0,ADL,ADL_050
113,22.589768105078818,174.9158196553156,1.3497793064182653,0.1455322951078415,0.9722236463080576,0.8522240468891756,19.980018141440468,3.1279957958341886,0.9961777374407761,3.1160397746183617,0.33725839853286743,0.10740721225738525,0.03622398439680552,0.3184706274298771,0.8750776122538806,1.6475580684852353,0.09435027837753296,0.019152874187220448,0.8745012883051176,0.0,ADL,ADL_050
114,6.876804002663367,178.9954162160448,1.3438270969774875,0.14489053189754486,1.034984987601526,0.3779876886862239,471.38892307246357,3.028997954073662,0.8877098182375776,2.6888712232527245,0.32658451795578003,0.09571227431297302,0.03125814696895368,0.29306956080622215,2.969935252815805,12.815056540969115,0.32021641731262207,0.14897512283555514,0.9161965531131457,0.0,ADL,ADL_050
115,21.07943194917691,178.69360242295042,1.332323195950473,0.14365018904209137,1.0408839881485847,1.4846442268980289,426.07883839540636,3.073041097581302,0.8472309795845314,2.60357561940733,0.3313332200050354,0.09134787321090698,0.030266584971581523,0.27569706868647237,1.321294305229208,2.5588681153618342,0.14246106147766113,0.02974685992116477,0.8228786853439369,2.799536033076264,ADL,ADL_050
116,9.720109060818425,175.64970271371573,1.3481229204670317,0.14535370469093323,1.0889473745377791,2.675405368415891,340.77968665075457,3.090151142932541,0.9701241753873077,2.997830329359578,0.33317801356315613,0.10459813475608826,0.034849798760444806,0.3139397455964346,0.5133013605371683,11.827641298567434,0.055343806743621826,0.1374964136658985,0.9459993941065643,0.0,ADL,ADL_050
117,9.640670941987647,178.22285017739955,1.36118466733821,0.14676201343536377,1.0896227819757165,0.3804670849286209,2.3831435649233335,3.097390040166893,1.1137588889864303,3.449745689893913,0.3339585065841675,0.1200847327709198,0.04010331801973521,0.35957872257981366,0.21716691703055346,13.55746081603006,0.023414790630340576,0.1576055777787122,0.9464407169889575,0.0,ADL,ADL_050
118,6.140053009496199,177.70111501426257,1.3776814974649498,0.1485406905412674,1.083529327107975,0.23730475574179002,105.01853797474344,3.0641926658631733,1.0747165522588844,3.2931385773134294,0.3303791880607605,0.11587521433830261,0.03828275922945501,0.3507329389769338,0.9959212291115849,4.698213377414513,0.10737955570220947,0.05461676370840607,0.9658885943916877,0.0,ADL,ADL_050
119,8.065266565422869,175.8034947371989,1.377729178161919,0.14854583144187927,1.0636025273076672,0.8832164999191376,57.756406677800086,3.0733451484025545,1.091271843066256,3.353855024475992,0.33136600255966187,0.11766019463539124,0.038988588356721365,0.35507516960505686,0.27457447618143505,1.8214934148768824,0.029604434967041016,0.021174873817990658,0.9551929635254285,0.3208689259877773,ADL,ADL_050
120,7.247498687662535,176.35767369923704,1.3777801757769383,0.1485513299703598,1.0580808261887995,0.1372250458772783,24.53303633281001,3.0893086457478334,1.0775176895521341,3.3287847142796383,0.33308717608451843,0.11617723107337952,0.03869714582355055,0.34878821709930796,0.4789049203583673,0.7521093058906159,0.05163520574569702,0.008743275995124478,0.9597361184018748,0.0,ADL,ADL_050
121,7.751075744468789,176.7720121303929,1.403636243001511,0.1513391137123108,1.0530903847776116,0.20994018182904756,15.107311704187616,3.0836864696530335,0.971916693183511,2.997086356399912,0.3324809968471527,0.10479140281677246,0.034841150069532034,0.31517917905475873,0.16866528284399607,9.950950736391784,0.01818537712097168,0.11567987262055546,0.9569384680862845,0.0839295094677095,ADL,ADL_050
135,21.613216823516883,177.12649050987085,1.3998034059897835,0.15092585980892181,0.9469045051928332,0.2828658828463142,29.704588026531628,3.1210098136011517,1.1687321066984298,3.647624374476548,0.3365051746368408,0.1260119080543518,0.04240365912615118,0.37447131004459133,0.07997859417453901,1.3940100387356482,0.008623238120760237,0.016205376549898176,0.879926573202684,0.16502548903628678,ADL,ADL_050
136,21.52075662897813,176.89364756560477,1.3889543198678123,0.14975611865520477,0.937112133879634,0.09489702541134078,2.773805836162566,3.2230722112300687,1.2018554031656983,3.873666751860073,0.3475094735622406,0.1295832395553589,0.04503140336037248,0.37289016997684815,3.06187192886751,6.7812713215057485,0.3301289677619934,0.0788323270266389,0.8804402409501215,0.0,ADL,ADL_050
137,21.991924936126452,168.9403832345518,1.3074167347226398,0.1409647911787033,0.9127018283101177,0.5969125722832886,14.135049214449644,3.1612655895153337,1.1595481134375736,3.6656395503976236,0.34084552526474,0.12502169609069824,0.04261308567352273,0.36679762539340033,1.8541986514420516,6.2408160438734805,0.1999184489250183,0.07254953060549241,0.8778226392437419,0.07852805119138773,ADL,ADL_050
138,23.009753041161584,169.75991658029807,1.2509952676670462,0.13488146662712097,0.8529696624258385,1.9354589975202106,30.53484315105397,3.18824788862281,1.2423643704910323,3.96096558111824,0.34375473856925964,0.13395088911056519,0.046046252867322224,0.38966880863743564,0.8094689732242921,8.859780921618494,0.0872763991355896,0.10299501581398474,0.8721680386602134,0.1696380175058554,ADL,ADL_050
139,13.870610404317137,169.2693788410471,1.2701862644799224,0.13695062696933746,0.9177497629675062,1.1197542183618585,274.1742791053334,3.1274001326343708,1.1176863963675026,3.4954525842433597,0.33719417452812195,0.12050819396972656,0.04063466098949675,0.3573840999900674,1.8254326796531783,13.965389906246411,0.19681692123413086,0.16234775633476417,0.9229410533093492,0.0,ADL,ADL_050
140,20.86195226746929,164.7139967161681,1.2680946712395413,0.13672511279582977,0.922805298895426,0.20209152449316553,209.74025589456463,3.1911269734902357,1.0827733462024058,3.4552672312427783,0.3440651595592499,0.11674389243125916,0.040167505976929085,0.33930652343377377,1.9118052256759466,1.2055605900174404,0.2061295509338379,0.01401465037702998,0.8841002651807262,1.1652236438586905,ADL,ADL_050
141,21.929669259020546,169.62326895359595,1.2801088248265855,0.13802047073841095,0.9374253062255242,0.5266934171641664,32.03150974653763,3.189893909205137,1.1315997619480258,3.6096831882959908,0.34393221139907837,0.1220083236694336,0.04196259256872281,0.3547442341294073,0.03699192855295852,4.632478711596373,0.003988444805145264,0.05385259775381179,0.8781685041165526,0.17795283192520772,ADL,ADL_050
142,21.78461293871867,168.94298164088815,1.292014349347491,0.13930411636829376,0.949302360533167,0.2450621978312962,4.3516896090562796,3.209531722520336,1.1752169578960747,3.7718961072112984,0.34604954719543457,0.12671110033988953,0.043848318897254046,0.36616356011229917,0.5891343994559728,4.866387567459229,0.06352007389068604,0.05657178985593703,0.8789743725626741,0.0,ADL,ADL_050
143,22.633697657333972,163.66657123026962,1.2774753300997808,0.13773652911186218,0.9279235798564588,0.7937675124049702,25.472541558459056,3.217504211463419,1.1897450589552034,3.8280097377561617,0.34690913558006287,0.1282775104045868,0.044500640248817724,0.3697715841887872,0.23917466829249,1.6834089163458987,0.025787651538848877,0.01956964054691035,0.8742572352370335,0.14151411976921824,ADL,ADL_050
144,21.857177597493315,163.78898137583028,1.3180405468270464,0.14211024343967438,0.9175406589254356,0.2987506626185844,23.295601795219696,3.2520703672824505,1.1972360419613575,3.893495854705059,0.3506360352039337,0.12908518314361572,0.045261916821051074,0.36814474851048923,1.03698467457094,1.964583508466915,0.11180698871612549,0.022838297167000476,0.8785712355694816,0.0,ADL,ADL_050
145,21.652559937825067,164.29018117098067,1.4008832010199868,0.15104228258132935,0.9756667454489069,1.7836685352557407,6.138529790047436,3.2382103488005654,1.234665803696914,3.9981075828415142,0.3491416573524475,0.1331208348274231,0.046478028899787915,0.3812792050014164,0.4158005544565535,3.138351844093661,0.04483133554458618,0.036483362362105254,0.8797080003454163,0.0,ADL,ADL_050
146,21.488685819056705,162.06898660279722,1.4017276330735566,0.15113332867622375,0.9763081544768313,0.025498807509600915,4.916223563050863,3.1889864557086165,1.2633485761247056,4.028801498100453,0.34383437037467957,0.13621339201927185,0.04683484588154574,0.3961587543214047,1.4767167927584657,0.9208174577681616,0.15921860933303833,0.010704509452734712,0.8806184121163516,0.0,ADL,ADL_050
147,19.133373213169854,162.6110361656751,1.4182921836104847,0.15291930735111237,0.9662222359162044,0.3487780791081526,70.65937817660554,3.214382715168504,1.1104179232805382,3.569308179206268,0.3465725779533386,0.11972451210021973,0.041493232802778834,0.3454519320464153,0.7618877837966265,13.78479956682555,0.08214622735977173,0.16024839236300714,0.8937034821490564,0.0,ADL,ADL_050
148,18.696592450840328,169.84683239224367,1.3977462257741713,0.1507040560245514,0.9545451641259947,0.35338030290256844,13.10342286988579,3.197910070902546,0.9812900271830567,3.1380772604049296,0.3447965085506439,0.1058020293712616,0.03648017032478368,0.30685265046142696,0.4941793279787454,12.93692756404015,0.053282082080841064,0.15039187433985468,0.896130041939776,0.0,ADL,ADL_050
149,20.70542240702895,171.30646200620916,1.3960302735029562,0.15051904320716858,0.9781547103962663,0.7408834002448141,60.264898685658714,3.2515963244111337,0.9545653420441323,3.103861157600958,0.3505849242210388,0.10292059183120728,0.03608240788792827,0.2935673816907649,1.610587605257634,1.0264830841191541,0.17365247011184692,0.011932873105662267,0.8849698755165059,0.3348049926981034,ADL,ADL_050
150,20.335694297816573,163.46457782436173,1.3674204732722652,0.14743435382843018,0.9748270123625744,0.08525308618088033,11.091843276371343,3.2899915857090867,1.009640831396008,3.3217098398811924,0.3547246754169464,0.10885879397392273,0.03861490035867998,0.30688163140705715,1.1518578389385903,6.535460468407037,0.12419253587722778,0.07597477412255138,0.8870239205676858,0.0,ADL,ADL_050
151,20.016111954395868,173.41216812135633,1.3770467222731255,0.14847224950790405,1.0020168952580153,0.8301997110369805,9.58747030262117,3.3397334708365145,0.8780683666956546,2.932514313936228,0.3600878119468689,0.09467273950576782,0.03409049961964783,0.2629149708759538,1.492256553822835,11.675865778348934,0.16089409589767456,0.13573202217096458,0.8843744294844873,0.07948473249595356,ADL,ADL_050
152,19.120315318872148,176.78554870563406,1.3754356675352424,0.14829854667186737,1.0042044027120096,0.28676829616285326,26.87389906571159,3.380535156179764,0.8418368416056711,2.8458590388153064,0.36448702216148376,0.09076628088951111,0.033083131434090696,0.24902404296099961,1.2240505602974805,2.599658253627646,0.13197630643844604,0.03022104556671401,0.8747069230482762,0.2900251930863318,ADL,ADL_050
153,19.857712555015024,175.39527405488695,1.361871822194241,0.14683610200881958,0.9972510368397981,0.2984023862233313,22.121917084286267,3.3476274593857474,0.7700181027569223,2.577733745013189,0.3609389364719391,0.0830228328704834,0.029966172999159824,0.23001841714165075,0.9872309038204952,8.043758814063517,0.10644257068634033,0.09350875304792616,0.825298913615983,1.4822402829687986,ADL,ADL_050
154,20.023133435330987,174.09969519012307,1.3404372067303574,0.14452503621578217,0.9768184070368607,0.6765890899925571,4.962626409478901,3.3074432736194788,0.783933956025983,2.5928170898200458,0.35660630464553833,0.08452323079109192,0.03014151698911327,0.23702046954732628,1.2055255729880576,0.4525003442056974,0.1299789547920227,0.005260319698603411,0.8269288918089757,0.0,ADL,ADL_050
155,19.763756055843725,175.12766292648917,1.3409815959053184,0.14458373188972473,0.9780079367725526,0.009291516687644823,7.781321384617854,3.3457326699496677,0.8049142919219314,2.6930280429926103,0.36073464155197144,0.08678531646728516,0.031306470027800515,0.24057871324805574,1.1486818899056672,3.006328595176937,0.12385010719299316,0.034948591160617326,0.8453048494137674,0.0,ADL,ADL_050
156,19.310215524874508,178.67906168095843,1.3371971306151538,0.1441756933927536,0.9761539177875049,0.13562463291813914,13.60621592907652,3.3275990789701573,0.7403842040782848,2.4637017955749534,0.3587794899940491,0.07982772588729858,0.028640550781229734,0.22249739914403555,0.5440077293853118,6.879787422529708,0.0586545467376709,0.07997757739712341,0.809069936887725,1.0870473757812715,ADL,ADL_050
157,19.051998230665586,172.45412498989913,1.3474699022259322,0.1452832967042923,0.9885732881963274,0.42498012516001527,7.746518826267668,3.350767475139775,0.8919082072594022,2.9885770116950305,0.3612774908542633,0.09616494178771973,0.03474222887721368,0.2661795380077356,0.695051885088529,15.746256483602314,0.074940025806427,0.18305034287951827,0.8941555653851911,0.0,ADL,ADL_050
158,18.506658691134543,170.73394321272448,1.3658949673790892,0.14726987481117249,1.0099797098567858,0.5041425205715292,16.36018618593127,3.3589876272972603,1.04178314934998,3.499336708993357,0.362163782119751,0.11232435703277588,0.04067981396715936,0.31014710037608095,0.24660456472456183,15.322790918949792,0.026588737964630127,0.17812755269837055,0.8971852294936971,0.0,ADL,ADL_050
159,18.53744397155104,175.32181018104578,1.441085215220774,0.1553768366575241,1.0342272100320131,0.6843340936393757,0.9235584124948559,3.3987981069632256,1.0861010442360977,3.6914381731204315,0.36645612120628357,0.11710268259048462,0.042912994844959584,0.31955357343039864,1.1943143899789588,5.763043923812239,0.12877017259597778,0.06699542633400668,0.8970142001580498,0.005130880069418309,ADL,ADL_050
160,18.112526672327746,174.5095360762124,1.4555902360584714,0.156940758228302,1.044419269970241,0.2846620532010846,12.747518976698764,3.4519923509610595,1.1548358785278316,3.98648461929347,0.37219148874282837,0.12451362609863281,0.046342911866418035,0.3345409428309749,1.595827319935017,8.85139338519116,0.172061026096344,0.10289751064375352,0.8993748518204014,0.0,ADL,ADL_050
161,17.745071215286348,177.26409571038937,1.465457376232715,0.15800462663173676,1.0598519222225964,0.38421105617759155,11.023663711241944,3.4554466447003276,1.057077182068828,3.6526738019690095,0.3725639283657074,0.11397334933280945,0.042462358756428564,0.30591540065986544,0.10362881217804265,10.014324519733822,0.01117318868637085,0.11641659329968412,0.9014162710261869,0.0,ADL,ADL_050
162,17.168733656295302,178.71785836716933,1.4510750813628688,0.156453937292099,1.063313817232396,0.05751121283994704,17.29012676973138,3.4596859423781026,0.9503813263338577,3.288020914615904,0.3730210065841675,0.10246947407722473,0.038223266364436626,0.2747008816331158,0.12717893033324934,10.93958662059317,0.01371234655380249,0.12717277175975816,0.904618146353915,0.0,ADL,ADL_050
163,15.870851601585171,173.43835945041417,1.3957316126735348,0.15048684179782867,1.0491251474537202,1.2835519239674347,38.936461641303936,3.4374158781803676,0.9208867382133215,3.165470695940199,0.37061986327171326,0.09928938746452332,0.03679861920643379,0.2679001570176887,0.6681019259320475,3.676506560271151,0.07203429937362671,0.042739414740085024,0.9118286022134157,0.0,ADL,ADL_050
164,13.988560689280776,175.21401421854685,1.3661064209047786,0.14729267358779907,1.0502527613858115,0.08328366608867539,56.46872736913185,3.3103414307656918,0.9916631355648485,3.282743563023333,0.3569187819957733,0.10692045092582703,0.038161917114885036,0.29956437361909294,3.8122334224402765,3.51818601249402,0.41103243827819824,0.040898937253537326,0.9222857739484401,0.0,ADL,ADL_050
165,15.019208328212123,173.57239023066504,1.3469250984362149,0.14522455632686615,1.0383146205040805,0.5972898717114794,30.91942916794041,3.291701180554039,1.0106024612206788,3.3266013146709263,0.3549090027809143,0.10896247625350952,0.03867176378767212,0.3070143850546021,0.5592075063495816,1.315732549427806,0.060293376445770264,0.015295400183612529,0.9165599537321549,0.17177460648855614,ADL,ADL_050
166,14.359104431458565,174.26484045166347,1.3341201363040764,0.14384393393993378,1.0322240679396328,0.407002429328856,19.80311690260674,3.234139108303992,0.7929896951222383,2.5646389854768903,0.34870269894599915,0.08549961447715759,0.029813946327027274,0.24519273737442693,1.726862167501415,22.85886987582108,0.18618911504745483,0.26573452381934537,0.8536338108791759,1.8877842855893712,ADL,ADL_050
167,12.962343491016078,170.28374391071526,1.34143739572736,0.14463287591934204,1.0597941525665584,0.05222902084527525,41.90282821327461,3.265999211813874,0.8804203380029629,2.8754521299825817,0.35213783383369446,0.09492632746696472,0.03342715132800489,0.26957074411110205,0.95580310529646,9.324394335170743,0.10305404663085938,0.10839615002932845,0.9139189095633964,0.0,ADL,ADL_050
168,13.114508045388563,168.24771903105608,1.3468714749277395,0.14521877467632294,1.0548068898685017,0.06921164126142572,4.564936631174543,3.2956126561645362,0.8604900830796863,2.835842008301488,0.3553307354450226,0.09277746081352234,0.032966683383590656,0.26110097004796523,0.8884033305198713,1.1883036504328137,0.09578704833984375,0.013814038332427003,0.9063797087199966,0.22617602530199288,ADL,ADL_050
169,11.676581346801555,167.83255173528198,1.332494293639887,0.14366863667964935,1.0627159427538782,0.38109729935812653,43.13780095761024,3.2964175616113436,0.9458158650478299,3.117804027594291,0.35541751980781555,0.10197722911834717,0.0362444938501163,0.2869215401985497,0.024147163404220073,8.458860578784089,0.0026035308837890625,0.0983343139957693,0.9351301036288803,0.0,ADL,ADL_050
170,11.972704230181941,168.4636395800131,1.3429736816041986,0.14479851722717285,1.0682088972496455,0.3276576034245905,8.883686501411585,3.3692579112195014,0.9337870617393983,3.1461694451598805,0.3632711172103882,0.10068029165267944,0.03657424202973658,0.2771484154242719,2.185210488244733,0.850962526967689,0.23560792207717896,0.00989244538860845,0.9334849764989892,0.04935381389673199,ADL,ADL_050
171,11.063063813608201,170.4911281269658,1.3363862823568402,0.1440882682800293,1.0605386624638713,0.3810226687020008,27.289212497212212,3.3427206319504035,0.8874215227770624,2.966402233423732,0.3604098856449127,0.09568119049072266,0.03448444692313046,0.2654780815499301,0.7961183780729364,5.393016352084459,0.08583694696426392,0.06269385319818355,0.9385385343688433,0.0,ADL,ADL_050
172,10.424575421059068,169.88909660487195,1.388372338954951,0.14969336986541748,1.113477365566934,1.5479227309974646,19.154651776474,3.3557815495920695,0.9201937787507029,3.0879693047810153,0.3618181049823761,0.09921467304229736,0.03589766498661007,0.27421070826851457,0.39182752924998177,3.647012140718502,0.04224658012390137,0.04239654190438813,0.9420856921052274,0.0,ADL,ADL_050
173,8.338577185629068,167.92425570118593,1.3891465629097952,0.14977684617042542,1.128454770816923,0.08837928144303303,62.579947062899976,3.3961943262939522,0.9345156780710547,3.173796843697662,0.3661753833293915,0.10075885057449341,0.036895410732944,0.27516479806360555,1.212383301056481,2.5748261674993955,0.13071835041046143,0.029932372390018003,0.9536745711909496,0.0,ADL,ADL_050
174,8.426495598801315,162.09217029988199,1.3670851881393749,0.1473982036113739,1.1122331066834168,0.3980218737084014,2.637552395167404,3.325781960698416,0.968512429624831,3.221061167158457,0.35858356952667236,0.1044243574142456,0.037444858827129224,0.29121263514513357,2.1123709678660862,1.417929703823857,0.2277544140815735,0.016483442825556693,0.9531861355622149,0.014653068862040541,ADL,ADL_050
175,10.63386948553697,158.5127476566711,1.3527715811141479,0.1458549201488495,1.0885212887732691,0.39526883172687705,66.22121660206963,3.330062996261654,0.9709163659815897,3.2332126628201294,0.359045147895813,0.10468354821205139,0.03758612005005446,0.2915601485367507,0.12843106689713668,0.36454486985017187,0.01384735107421875,0.004237836687757124,0.9409229473025724,0.36789564778927364,ADL,ADL_050
176,10.055212000227543,165.79212103721466,1.3485754033710233,0.14540249109268188,1.0821181166826062,0.010456584152717644,17.359724559282785,3.324791584250645,0.9746921243618731,3.240648172313739,0.35847678780555725,0.10509064793586731,0.03767255790045443,0.2931580463581464,0.15814236033026674,0.22306528480828813,0.01705080270767212,0.002593135511999023,0.944137711109847,0.0,ADL,ADL_050
177,11.829627501168106,164.5801943662302,1.3421837022886167,0.14471334218978882,1.0589090882668757,0.07099033856575397,53.23246502821689,3.3179360674609093,0.9831682320288858,3.262089337430416,0.35773763060569763,0.10600453615188599,0.03792181159643171,0.29631839304691987,0.20566550369207182,0.6432349535003112,0.022174715995788574,0.007477610879318419,0.9342798472157328,0.2957359168234275,ADL,ADL_050
178,10.760433570882286,166.4685271507472,1.3354462124994944,0.14398691058158875,1.05644061021306,0.0009950754150088164,32.07581790857461,3.2468061419272165,0.9950654642546661,3.2307846609617075,0.35006844997406006,0.10728728771209717,0.037557894511294876,0.3064742945151229,2.133897766010784,0.9391402940612581,0.2300754189491272,0.010917512554105002,0.9402198134950984,0.0,ADL,ADL_050
179,10.624996023318126,165.0889600949426,1.3187368232077152,0.14218531548976898,1.0518896604435009,0.04672293688222646,4.063126426924821,3.206487897389759,1.0360951877138547,3.322226679948246,0.34572136402130127,0.11171108484268188,0.038620908628111295,0.3231236867158497,1.2095473361237241,2.743260569596151,0.13041257858276367,0.03189042350449256,0.9409722443148993,0.0,ADL,ADL_050
180,12.045949802372487,163.783022652604,1.3125930617495483,0.14152289927005768,1.030579152996656,0.20623767205570223,42.62861337163084,3.216313714293296,1.0758224680187316,3.460182558033508,0.34678077697753906,0.11599445343017578,0.04022464668560133,0.33448831839191107,0.2947745071061103,4.138676342557863,0.03178238868713379,0.04811214172470102,0.9330780566534862,0.2368256298423943,ADL,ADL_050
181,11.407046564048454,162.63093734325273,1.314292567635432,0.14170613884925842,1.0251135630748012,0.016978474268587927,19.167097149721002,3.2303470417432956,1.0333883061751932,3.3382028578251504,0.34829384088516235,0.11141923069953918,0.0388066318088125,0.3198991705314282,0.42099982349998566,3.6593910062507273,0.04539191722869873,0.042540446303664936,0.9366275190886197,0.0,ADL,ADL_050
182,13.807087794958951,165.80962397594251,1.3133884310569615,0.14160865545272827,1.0152842910482953,0.0200341850221775,72.00123692731493,3.217490943791219,1.1547056894943681,3.715255098692325,0.34690770506858826,0.12449958920478821,0.04318986677301506,0.35888286279865206,0.38568293856229285,11.311567226015239,0.0415840744972229,0.13149704892607694,0.9232939566946725,0.4000068718184169,ADL,ADL_050
183,13.283981497037836,163.40082221250546,1.3097783803742609,0.14121942222118378,1.0150175555551055,0.10014190207794975,15.693188937633469,3.1834894932702054,1.1514064616739388,3.665490373222408,0.34324169158935547,0.12414386868476868,0.042611351487806814,0.3616795687911993,1.0200435156304133,1.4929417640975151,0.10998040437698364,0.017355458556247427,0.9262001027942343,0.0,ADL,ADL_050
184,12.405909248726559,168.66154973568985,1.345581746625953,0.14507971704006195,1.0338043029806343,1.08466537154011,26.342167449338305,3.2318974245218466,1.3256021525466821,4.284210182756238,0.34846100211143494,0.14292553067207336,0.049803973645299315,0.4101610213051784,1.4522379375492367,18.56159428601492,0.15657931566238403,0.21577866472477503,0.9310782819515191,0.0,ADL,ADL_050
185,13.706742809772237,164.24413151567313,1.354234203769292,0.14601261913776398,1.028895264266591,0.4677600757102693,39.02500683137035,3.259362058795765,1.2629256690733268,4.116332008856858,0.3514222204685211,0.13616779446601868,0.047852388687549485,0.38747523366406567,0.8239390282175529,5.036345216981406,0.08883655071258545,0.0585475487324949,0.9238514288345987,0.21680559350761186,ADL,ADL_050
186,13.64103637631992,163.31820638268823,1.3480645979913186,0.14534741640090942,1.0283598584113487,0.11452074182482715,1.9711930035694891,3.2451717305580643,1.2863837427526472,4.174536156630368,0.3498922288417816,0.13869702816009521,0.048529012316667064,0.39639814871299694,0.42570984713102167,1.7461244332052939,0.04589974880218506,0.02029870887352736,0.9242164645760005,0.0,ADL,ADL_050
187,14.5442192068699,162.2524602342185,1.3290308783759814,0.14329521358013153,1.0153235412452206,0.1294717499353346,27.0954849164994,3.1669259101677087,1.290243806133369,4.086106540077168,0.3414558172225952,0.13911321759223938,0.04750101739942281,0.4074108659589352,2.3473746117106664,2.6528884965960042,0.25309234857559204,0.030839847517327712,0.9191987821840562,0.15053047175833,ADL,ADL_050
188,14.817355916941109,163.68658072214984,1.3172856715608272,0.14202885329723358,1.0017190636581064,0.36616287583786916,8.194101302136243,3.17976376507051,1.3641776330586866,4.337762606719665,0.3428399860858917,0.14708471298217773,0.05042652095225719,0.42901729650645887,0.38513564708403614,7.549681999274922,0.041525065898895264,0.08776510658503156,0.9176813560169939,0.045522785011868905,ADL,ADL_050
189,15.498373628337509,166.21537953420597,1.296952963914147,0.13983659446239471,0.9917116454913302,0.3650600005862344,20.430531341892006,3.171251171304947,1.2033568614030117,3.8161468562221454,0.34192216396331787,0.12974512577056885,0.04436273416716574,0.3794569641514201,0.25537781296689044,15.648472514925595,0.027534663677215576,0.18191360355274355,0.9138979242870138,0.1135029518994024,ADL,ADL_050
190,18.15134670822318,165.94325111410413,1.291032679809601,0.13919827342033386,0.9875572056336684,0.17077567195332555,79.58919239657013,3.1332594683697477,1.1997154382037543,3.759019756101275,0.3378259241580963,0.12935250997543335,0.043698631224620144,0.3828957987815647,1.139751088055978,1.713813003626119,0.12288719415664673,0.019923088276367906,0.8991591849543157,0.44216217998094276,ADL,ADL_050
191,20.16013045626895,168.1980317372862,1.2554923175182924,0.13536633551120758,0.9693377893996132,0.6075391484860703,60.26351244137306,3.1738309043183572,1.2287650064859117,3.8998923517299335,0.34220030903816223,0.13248461484909058,0.04533627614416069,0.3871540270300834,1.217143078458287,4.226177868859762,0.13123154640197754,0.049129347586216454,0.8879992752429503,0.33479729134096137,ADL,ADL_050
192,10.625902421311773,173.69806009474294,1.1694489756119923,0.1260892003774643,0.9400535491654163,0.7195639094782502,286.02684104871526,3.0861349079936304,0.8496611748758529,2.62216901175125,0.3327449858188629,0.0916098952293396,0.030482733288954122,0.27531480208211834,2.630879889741804,38.331700199360505,0.2836596965789795,0.4456062856561971,0.8840960067246793,0.11709805554813157,ADL,ADL_050
193,21.768598083722075,166.32014740797985,1.2380906597884882,0.13349010050296783,0.9113105193930491,0.01687482057952451,334.2808698723091,3.112031745669235,0.9912913643334077,3.0849301950133325,0.3355371654033661,0.10688036680221558,0.035862335314087446,0.3185341574295422,0.7769051302681307,13.882835497862471,0.08376538753509521,0.1613880607539997,0.8790633439793218,0.15097988236072224,ADL,ADL_050
194,21.16729054498174,168.14518216960738,1.2745507758140862,0.13742120563983917,0.896928224523203,0.051105414855827785,18.039226162210085,3.139382499090102,0.8671324878847078,2.7222605568577114,0.33848610520362854,0.09349364042282104,0.03164629820802922,0.2762103459349707,0.8205226026260171,10.880089144668634,0.08846819400787354,0.1264811131817467,0.8424475323799638,1.0984743479807402,ADL,ADL_050
195,22.99621264228493,171.95721589866005,1.2661517864917367,0.13651563227176666,0.8989274968778581,0.05902455670027296,54.86766291909575,3.0936784088689095,0.9159901379419656,2.8337789124879134,0.3335583209991455,0.09876143932342529,0.032942699880180726,0.29608358425600195,1.3711227066357745,3.345550668906059,0.14783352613449097,0.03889205016454511,0.8511327006332017,0.0,ADL,ADL_050
196,22.753247312289623,171.22917419140788,1.2091755648922757,0.13037249445915222,0.906522409982913,0.4985452213621046,7.288959899859222,3.0138780595524404,0.9348097781381574,2.8174026801856766,0.3249543011188507,0.10079056024551392,0.03275232606395839,0.3101674596428581,2.3940104794940753,0.4912869690671018,0.258120596408844,0.005711214486670002,0.8497150357109406,0.042529947667830914,ADL,ADL_050
197,24.09739343381187,176.0540698400119,1.2196914389551377,0.1315063089132309,0.9007169741658491,0.12792109074694588,40.3243836456674,3.0490586744402393,0.9553492403432893,2.9129158883885995,0.3287474513053894,0.10300511121749878,0.0338626677841809,0.31332500825019144,1.0554184466339667,2.865396246087686,0.11379450559616089,0.03331025160667522,0.8583886423482953,0.0,ADL,ADL_050
198,23.401317709228177,173.70071400428617,1.2197041538076627,0.13150767982006073,0.9033904101141726,0.08121473845496956,20.88227173751079,3.0363250260461765,0.9707386344560757,2.947478009548874,0.32737451791763306,0.1046643853187561,0.03426445268687317,0.319707429512458,0.38200945182188306,1.0368636348082338,0.04118800163269043,0.012053547080768112,0.8680964940269613,0.0,ADL,ADL_050
199,22.256497256745266,176.1713035560935,1.186480382364462,0.12792551517486572,0.9355390854944076,1.1164953463777048,34.344613574487326,2.9470797525822485,0.8033647383728927,2.3675799543972875,0.3177521526813507,0.08661824464797974,0.027523133698375446,0.27259601963679736,2.677358203917839,17.396941654547593,0.28867095708847046,0.20223956965493173,0.7764577651044616,2.749161867674991,ADL,ADL_050
200,21.83715914641414,177.67997974475713,1.2068063179701234,0.1301170438528061,0.944390281310911,0.6298785915530182,12.58014330993376,2.9478581226846554,0.9295679419797609,2.7402344083522965,0.31783607602119446,0.10022538900375366,0.031855244358650836,0.31533573822919986,0.02335110307220667,11.17963361865027,0.0025177001953125,0.1299633198082617,0.841763499280644,0.0,ADL,ADL_050
201,9.314753777872156,171.91483929100343,1.2016996462222658,0.12956644594669342,0.95753826805139,1.233752545593806,375.67216105625954,2.9171550707545584,0.933305555802469,2.7225970346725736,0.31452569365501404,0.10062837600708008,0.03165020976500443,0.3199358847343287,0.9210915579029111,0.5291212103916854,0.0993114709854126,0.006151037809392079,0.9083518213350014,0.0,ADL,ADL_050
202,8.531818435734477,171.720430008256,1.179861195985791,0.12721183896064758,0.9478715250093356,0.33008724589623706,23.48806026413035,2.8805705703020843,1.0251344320175326,2.952972075473047,0.31058117747306824,0.11052930355072021,0.034328321242060866,0.355877804869549,1.0975350135742223,6.911251224014197,0.11833548545837402,0.08034334431169299,0.9516332832433791,0.0,ADL,ADL_050
203,8.692902312701259,171.62330988207833,1.136619088187233,0.12254950404167175,0.9292565662978144,0.20311147679354954,4.832516309003445,2.907340310244521,1.029695194336323,2.993674345759058,0.31346747279167175,0.11102104187011719,0.03480148542172401,0.3541697220182674,0.8030921982731076,1.221068108580341,0.08658885955810547,0.014194925389894308,0.9517060982627707,0.0,ADL,ADL_050
97,16.43222424442952,175.39574954236085,1.3421903447377432,0.14585979282855988,0.9830832266028,0.0,0.0,3.135232283574673,1.0960500700964508,3.4363715641806754,0.3407149612903595,0.11911100149154663,0.04058290026244826,0.3495903186937573,0.0,0.0,0.0,0.0,0.845597329354999,0.0,ADL,ADL_051
122,20.699487644128997,173.97139120324266,1.3624708397017844,0.14806373417377472,1.014946738466941,0.21347568432302638,5.120716079639372,3.2535204533919155,1.2957363780675204,4.215704808246637,0.3535696864128113,0.1408115029335022,0.04978667893551503,0.39825559172373753,0.1419458037806912,0.9351998928791543,0.015425670146942138,0.011044534407680117,0.8850028464215056,0.0,ADL,ADL_051
123,21.93343282423777,170.88558119837165,1.3760545645071496,0.14953991770744324,1.010087915588244,0.07974996400392083,37.01835540326318,3.30016981508407,1.3626988691203612,4.497137674920213,0.3586392104625702,0.1480885148048401,0.053110348028182486,0.4129166515205787,1.3994808507646317,8.442986000207284,0.15208572149276733,0.09971007278002375,0.8781475954209013,0.2056575300181307,ADL,ADL_051
124,21.60255132952678,167.5456461897691,1.324977620177684,0.14398923516273499,0.97554084163693,1.0576835376638016,9.926444841329705,3.1994137207083453,1.234013215988717,3.9481188147697317,0.34768974781036377,0.13410386443138123,0.04662653880454215,0.3856986856162295,3.022682831271739,16.470565804514454,0.3284838795661926,0.19451427670921007,0.8799858259470734,0.0,ADL,ADL_051
125,22.39457939618379,171.025812083299,1.308776561913632,0.1422286182641983,0.9604567573017581,0.37890591295018056,23.760841999710323,3.1859760279720026,1.2373240989357754,3.942084918041439,0.3462294340133667,0.13446366786956787,0.046555279621841805,0.38836466890249377,0.40313078209027964,0.18101690184878727,0.04380941390991211,0.002137775481010351,0.8755856700212011,0.13200467777616853,ADL,ADL_051
126,22.667563800094577,170.89956627279292,1.2788874310465377,0.13898047804832458,0.9513580681261178,0.7721970130939296,8.189532117323601,3.127332017200213,1.2545802903182575,3.9234891100606246,0.33985641598701477,0.1363389492034912,0.046335666635734185,0.4011651439399529,1.7593203231536947,0.5578742394244252,0.19119054079055786,0.006588389583228604,0.8728868620282257,0.08096423978926182,ADL,ADL_051
127,23.814106692430038,161.78378973528504,1.276344279136528,0.1387041062116623,0.9521828407976392,0.04867598514769666,34.396286770063824,3.1189737723182076,1.3143190616901188,4.099326681869356,0.3389481008052826,0.14283093810081482,0.04841227520550806,0.42139347105944225,0.2507473464601562,5.275127154261945,0.027249455451965332,0.062298257093216236,0.8676994072642776,0.15562364291844322,ADL,ADL_051
128,23.38926930420696,156.98690664118573,1.2351702287571789,0.1342296004295349,0.9293085968968567,0.7034179653740371,12.745121646692361,3.1029875800186235,1.2528852213630874,3.8876872810785437,0.33721083402633667,0.13615474104881287,0.045912853785710084,0.4037662006790041,0.4795857689875227,6.3491820237243735,0.052118003368377686,0.07498264259393927,0.8643256759985605,0.10121193797151484,ADL,ADL_051
129,23.32218608439758,167.53365720554365,1.2279349910538537,0.13344332575798035,0.9165181073208768,0.2559386836744182,2.0124965942813944,3.1104337072263206,1.19833888416,3.727353657971241,0.3380200266838074,0.13022702932357788,0.04401934392690876,0.3852631021246949,0.2233838162309132,4.810008693219081,0.024275779724121094,0.0568052957640397,0.8443141417069784,0.6003460287474627,ADL,ADL_051
130,23.865232155455022,168.36463116121473,1.2581643149380792,0.136728435754776,0.9454700276792679,0.877344216369538,16.29138213172329,3.1573693740453477,1.2341656926654803,3.8967169605194503,0.34312066435813904,0.13412043452262878,0.046019492597406675,0.39088302621031334,1.4080700045708117,5.080899076446279,0.15301913022994995,0.06000446011493743,0.8628294377022225,0.0,ADL,ADL_051
131,22.811865989213583,163.53002127321994,1.238318762436892,0.13457176089286804,0.9412592306768154,0.42450494069988204,31.600984987243166,3.1632320474191746,1.2106299851957172,3.829503566737693,0.3437577784061432,0.131562739610672,0.0452257150895905,0.382718196232457,0.17588020121480863,2.016401813452715,0.01911342144012451,0.023813325234485205,0.8601362117592793,0.08079677828829568,ADL,ADL_051
132,22.808688307893078,165.92921456412398,1.2414139567036009,0.13490812480449677,0.9516663123431718,0.07880384073983139,0.09533043961514664,3.3338287672409628,1.23846877096601,4.128842815976043,0.36229702830314636,0.1345880627632141,0.04876085518418982,0.3714843919895694,5.117901594653644,8.980177477150493,0.5561774969100952,0.10605420283797962,0.8732850649561495,0.0,ADL,ADL_051
133,23.721619626124507,164.1574319990498,1.2427800764253578,0.13505658507347107,0.9553581127435115,0.03446768186871886,27.387939546942874,3.3153812832616096,1.12089115343203,3.7161815506620695,0.3602922856807709,0.12181055545806885,0.043887403446031925,0.3380872203263764,0.5534245193805942,12.379837959419202,0.06014227867126465,0.1462035521447369,0.8406746864204457,0.9783113560711143,ADL,ADL_051
134,18.91092863954399,170.8308300680191,1.2523929630271338,0.13610124588012695,1.0134820299586798,0.2808258390993793,144.32072959741555,3.2030887925524216,1.0696068847003466,3.4260458248205903,0.3480891287326813,0.1162373423576355,0.04046095522747173,0.3339288671610132,3.3687747212756403,8.704071775244376,0.366094708442688,0.10279344655680589,0.8305139733917755,0.3048213908601083,ADL,ADL_051
135,22.465802584655115,173.22634000791152,1.3048912861617517,0.14180639386177063,1.0035598021853407,0.20550620011904247,106.64621835333378,3.295090092991105,0.9855532939186415,3.2474868949060665,0.3580871820449829,0.10710299015045166,0.038352207931566795,0.29909669048222715,2.7600390131605046,5.356767897435715,0.2999415993690491,0.06326241887714801,0.7880633573180315,1.2735184822123202,ADL,ADL_051
136,22.264292511753162,172.5946419132987,1.3581702295489002,0.14759637415409088,1.0240023721780998,0.7887418294772673,6.04530218705861,3.353098418624878,1.0720942290497064,3.5948374640434277,0.36439111828804016,0.1165076494216919,0.042454352661881245,0.3197315297846162,1.7402497690131868,10.42051707412084,0.18911808729171753,0.1230643419094335,0.8333437135708975,0.0,ADL,ADL_051
137,22.012327210314147,172.7982719826009,1.3550957402985504,0.14726226031780243,1.023930658777068,0.03170747008522318,7.558959043170432,3.378474815760893,1.0656408456727346,3.600240759751474,0.36714884638786316,0.11580634117126465,0.04251816456542912,0.3154198273827546,0.7612919140804442,0.16209887124138955,0.08273184299468994,0.0019143571064361709,0.8354304756647812,0.0,ADL,ADL_051
138,22.599127265034625,172.43740800507234,1.339120654663371,0.1455262005329132,1.0058684800690325,1.0410852447481458,17.604001641614317,3.4305466978301022,1.0808364080098927,3.7078597703928864,0.37280765175819397,0.11745768785476685,0.04378912479008257,0.31506159339604234,1.562156462076283,3.22857031924237,0.16976416110992432,0.038128806739603505,0.8458527549874597,0.0,ADL,ADL_051
139,22.902242479795756,171.2891374991564,1.323352893430409,0.14381267130374908,0.9897865784885305,0.45116504885015857,9.093456442833947,3.436349312944557,1.1143571438986404,3.829320405810951,0.3734382390975952,0.12110048532485962,0.04522355199357975,0.3242843082518466,0.17407845343363704,3.643819062541942,0.018917620182037354,0.04303281610491538,0.8596108337478425,0.0,ADL,ADL_051
140,22.829142265752246,170.2133056163852,1.3208289382243086,0.14353838562965393,0.9809275738731261,0.2994397859254866,2.1930064213053058,3.4413059018938763,1.1444581241053025,3.938430496953971,0.3739768862724304,0.12437164783477783,0.046512121597821476,0.3325641766534218,0.14869766847958488,3.273302734290602,0.016159415245056152,0.03865708812725188,0.8731714318569319,0.0,ADL,ADL_051
141,20.81585838986393,173.0648141260926,1.3206628867354953,0.14352034032344818,0.9807408173679537,0.04087663858807248,60.39851627664948,3.432756238450035,1.2427276968475487,4.265981254048067,0.37304776906967163,0.13505089282989502,0.05038043428105965,0.3620194034326717,0.25648990331523347,9.826522712822877,0.027873516082763672,0.1160493804971452,0.8843563422785337,0.0,ADL,ADL_051
142,21.66798009166535,166.83812657991035,1.3316657518196007,0.1447160542011261,0.9820003953830153,0.019313255325651636,25.563651054042573,3.345214058090799,1.1723673892028041,3.9218198716084283,0.3635343015193939,0.12740463018417358,0.046315953244340236,0.3504601331746507,2.62626541077708,10.324841473189164,0.2854040265083313,0.12193443110158242,0.8782278841017734,0.18385374530280663,ADL,ADL_051
143,21.09014277592313,162.29392541949142,1.3276226517377252,0.1442766785621643,0.987323230019057,0.013541903414706109,17.335119472266562,3.3415540693712233,1.2027820983990658,4.019161415472257,0.36313655972480774,0.13070988655090332,0.04746553852411495,0.3599459297186379,0.10979966158727539,2.920246315914863,0.01193225383758545,0.03448755839324136,0.8828325401337604,0.0,ADL,ADL_051
144,19.846027199689214,168.99135549329856,1.3299769903528578,0.14453253149986267,1.0065372109616362,0.008367020518077833,37.32346728701749,3.4297862341166763,1.0825322996809446,3.712854379432372,0.3727250099182129,0.11764198541641235,0.04384811018113055,0.31562590827033105,2.6469649423635877,9.189211081196555,0.28765350580215454,0.1085228502895319,0.8617827513153931,0.6314936645510216,ADL,ADL_051
145,17.790426531984096,172.49035457588084,1.410405557839964,0.15327294170856476,1.0926127631422198,2.7767853949348877,61.66802003115354,3.4220239097717338,1.1079437993612504,3.7914101720975353,0.3718814551830292,0.12040352821350098,0.04477583928120765,0.3237677027657625,0.23286973034827518,2.356673779954903,0.025306642055511475,0.027831873002313046,0.8831900455150348,0.0,ADL,ADL_051
146,18.555999479594092,177.5582949591233,1.3999306021133577,0.15213459730148315,1.077048898328635,0.36636772291129105,22.96718842829989,3.3697183763920884,0.9956716023104804,3.355132895157381,0.36619725823402405,0.10820257663726807,0.03962348689842443,0.29547539947096013,1.5691660013893616,13.088318308204633,0.1705259084701538,0.15457057148349662,0.8234701966645026,1.791595465515965,ADL,ADL_051
148,15.436665804015728,171.55818341743966,1.4475999943796514,0.1573149710893631,1.0944896523072714,0.2211727672985407,46.790005133675464,3.513659375881636,1.007150408532217,3.5387834758622443,0.3818397521972656,0.10945001244544983,0.0417923656301582,0.2866378505060823,2.1591149923432162,2.754758710572951,0.23463740944862366,0.03253318097600655,0.8641484780653463,0.0,ADL,ADL_051
149,12.5511155454411,170.61742429034146,1.3813003380889277,0.15010999143123627,1.1329041764996932,0.7953852602229388,86.56650775723887,3.523480135362884,0.9958704253152527,3.50892966099368,0.3829070031642914,0.10822418332099915,0.04143979770534667,0.2826375589610339,0.2946227844374416,0.8956144460569293,0.032017529010772705,0.01057703774434593,0.8763838101584907,0.0,ADL,ADL_051
150,14.421020921985486,170.05650404719253,1.3347143255196732,0.1450473517179489,1.1171852297423859,0.661973652827511,56.097161296331585,3.45310474459364,0.9795847644346872,3.3826087978010615,0.3752591013908386,0.10645437240600586,0.039947972128203446,0.2836815638311949,2.111261723077331,3.7896258957785545,0.22943705320358276,0.04475476731429673,0.8499354835476625,0.7934497983248456,ADL,ADL_051
151,14.326390122952025,172.0695228179661,1.292672721242948,0.14047856628894806,1.1035772348185071,0.7414150983757504,2.8389239710038083,3.421696468850771,0.9425899736156542,3.225256784294825,0.37184587121009827,0.10243403911590576,0.03808967451662326,0.2754737152488483,0.9422482722860659,4.720560405187095,0.1023969054222107,0.055748928347405524,0.8304560620870609,0.5843826438180466,ADL,ADL_051
152,14.776133092909157,172.17618627113188,1.1985004107114634,0.13024458289146423,1.0306176934644757,2.222250209113845,13.492289098713961,3.3399489506857987,0.9143162453825074,3.0537695843602846,0.36296212673187256,0.09936144948005676,0.036064443018442915,0.27375080872459223,2.4524255449491683,5.144615998036213,0.26651233434677124,0.060756944945410396,0.8061552470273086,0.7290244517925704,ADL,ADL_051
153,14.917977763849816,171.88558250854058,1.1880494508647432,0.12910884618759155,1.014932066700382,0.7785607204397832,4.255340128219753,3.311422648676934,0.8776743996767739,2.9063508852536004,0.3598620891571045,0.09537947177886963,0.034323455977045114,0.2650437754043457,0.8557890602659457,4.422560973200524,0.09300112724304199,0.05222961124193404,0.7866249575002487,0.5859086858117946,ADL,ADL_051
154,15.177467284056961,171.55910623276193,1.1635944955163633,0.1264512538909912,0.9715841267226453,0.06476419421662606,7.784685606214357,3.276707329327788,0.9313253477618173,3.051680592999898,0.3560894727706909,0.10120987892150879,0.03603977242434553,0.28422518056719875,1.0414595804743687,4.359891232388922,0.11317849159240723,0.05148949341901243,0.8036600260617874,0.0,ADL,ADL_051
155,15.25679012099227,171.4349395299351,1.09709875860714,0.11922496557235718,0.9655314059801183,0.3100322529038791,2.379685108059242,3.150533702021958,0.9957763614660984,3.137226986475742,0.34237781167030334,0.10821396112442017,0.037050059201954255,0.3160650058819228,3.785208819174901,2.5663918042753275,0.4113498330116272,0.030308603328261796,0.8140953930387871,0.0,ADL,ADL_051
156,15.430810779124375,170.58148516769785,1.0528772314822272,0.11441928148269653,0.958713833706129,0.1818777999932612,5.220619743963173,3.055136778900389,1.071031280130399,3.272147055279147,0.33201074600219727,0.11639213562011719,0.038643439776024024,0.35056631887760653,2.86190769364707,4.047602064102147,0.3110119700431824,0.04780141722209308,0.8302818459414505,0.0,ADL,ADL_051
157,17.042833106855433,167.09302577685182,1.0711157456275988,0.1164013147354126,0.950739934260246,0.7924810731601251,48.36066983193174,3.011188119209612,1.186312971876855,3.572211526579833,0.3272347152233124,0.12892013788223267,0.04218714460644257,0.39396719821445814,1.3184597907233098,9.001934139020578,0.14328092336654663,0.10631114491255644,0.8594752440746476,0.0,ADL,ADL_051
158,18.208163317176886,168.445792888281,1.0213146965115176,0.1109892874956131,0.8870130476512774,1.8385437489932632,34.95990630964361,3.030248800759546,1.1614164923385668,3.5193809330913,0.32930609583854675,0.12621456384658813,0.04156322525828493,0.38327313757146864,0.571820446498017,1.5849178046559809,0.06214141845703125,0.018717580444729265,0.8462845027365973,0.3957222401415095,ADL,ADL_051
159,30.4786315593498,171.32646887625853,1.0872519464563009,0.11815488338470459,0.8708823315951209,1.3358067550914126,368.1140472651874,2.9885423160853475,1.11460149051554,3.3310337199774924,0.32477372884750366,0.12112703919410706,0.03933888018332787,0.372957094364881,1.2511945402259572,5.650416393414233,0.13597100973129272,0.06673035224871171,0.7541694725272138,2.763450906281505,ADL,ADL_051
160,23.282060431596978,177.11847348318423,1.0189554216010939,0.11073289811611176,0.8224996446592918,0.17219032048486727,215.89713383258467,2.913498012686792,1.064623968842809,3.101779817482249,0.3166184425354004,0.11569583415985107,0.03663143481952602,0.36540975889980426,2.2513291019566584,6.877617074857301,0.24465858936309814,0.08122336091405558,0.7650039371212284,0.0,ADL,ADL_051
161,21.33627197163103,178.21117630739323,1.0285330685392653,0.11177372932434082,0.7936265679062415,0.10077035478434251,58.373653798978395,2.9564119700368705,1.0220884607983662,3.021714559940851,0.3212820291519165,0.11107337474822998,0.03568587922386257,0.3457181508821921,1.287418720502349,2.401957726241948,0.1399075984954834,0.028366667869903495,0.7656346747852409,0.0,ADL,ADL_051
162,20.90447359513806,174.2427684591738,0.99994903929936,0.10866741836071014,0.7873141431836878,0.13906777908291904,12.953951294789121,2.8968934122827092,1.1419735221422154,3.308175573295066,0.3148139715194702,0.12410163879394531,0.03906892978079668,0.39420500935823527,1.7855567326248378,8.593830400626455,0.19404172897338867,0.10149151670802325,0.8044531394798071,0.0,ADL,ADL_051
163,22.321037200260267,173.539803219868,0.9345195421729714,0.10155700147151947,0.7638956727270835,0.34114736755419417,42.4969081536662,2.813927177658139,1.1695032409795723,3.2908969541516937,0.3057977855205536,0.1270933747291565,0.03886487254650994,0.41561111667859846,2.4889870387371094,0.5183585743011676,0.2704855799674988,0.006121717028602092,0.7943866024796931,0.30199611000342186,ADL,ADL_051
164,22.433991337777524,174.4927350418588,0.9288610394571484,0.10094207525253296,0.7415753908533911,0.138969053177101,3.388624125517694,2.7695956808436897,1.1861278608034462,3.28509460020959,0.3009801506996155,0.12890002131462097,0.03879634784045827,0.42826609246127006,1.3299449044334777,0.17407061826311132,0.1445290446281433,0.0020557411815502746,0.7930213898543073,0.0409563787615741,ADL,ADL_051
165,24.058401506872674,172.78111703409343,0.9132180567995956,0.09924210608005524,0.7547210194516887,0.5671597610275227,48.73230507285449,2.83645368697954,1.2407564695947155,3.519348262825648,0.30824580788612366,0.13483667373657227,0.04156283942860739,0.43743088423606746,2.0057401840755107,7.027609878481735,0.21796971559524536,0.08299474764447368,0.8137790258847848,0.0,ADL,ADL_051
166,25.34528807476658,170.35536587928834,0.8883509207944253,0.09653972089290619,0.765176778474386,0.5487761746483243,38.606597036817156,2.8213217480039092,1.2890304209148309,3.636769560365645,0.3066013753414154,0.14008274674415588,0.042949562813361375,0.4568873499044732,0.4539581692689243,3.522638926199919,0.04933297634124756,0.04160170154261955,0.8215581618865622,0.0,ADL,ADL_051
167,26.53153793840986,173.3658501328634,0.8568968472008017,0.09312151372432709,0.7364428778246763,0.01689858421251905,35.58749590929839,2.797650018175019,1.2039525488602638,3.3682378702007774,0.3040288984775543,0.130837082862854,0.03977825418281,0.4303428166704248,0.7101518948667129,8.055950704946033,0.07717430591583252,0.09513925891654118,0.7808277673205171,1.221911836981353,ADL,ADL_051
168,32.31639097077516,173.18394199747038,0.9183507069476239,0.09979988634586334,0.7072370124974311,0.9896202527610898,173.54559097095904,2.7646179755200704,1.1508972470736558,3.181791217236393,0.3004392087459564,0.12507140636444092,0.03757635436487661,0.4162938339261963,0.9909612796484524,5.5933995889315336,0.10769069194793701,0.06605699453800185,0.7249855628500607,1.675266134113692,ADL,ADL_051
169,27.896295923662088,175.029053537126,0.878155551348323,0.09543175995349884,0.7099393599305723,0.13168390404361238,132.6028514133922,2.7237750682831523,1.175218373971927,3.2010305068130007,0.2960006892681122,0.12771445512771606,0.03780356674730534,0.4314652914431004,1.2252872171075424,0.5771786872982343,0.13315558433532715,0.0068163714728619595,0.7519876579651884,0.0,ADL,ADL_051
170,31.90571576109844,173.21162004218397,0.895989152160527,0.09736979007720947,0.7261345220641379,0.2956964286632197,120.28259512309053,2.727692567073737,1.2677226280530278,3.457957589651428,0.2964264154434204,0.13776716589927673,0.040837827153321626,0.46475851666146784,0.1175249637175435,7.707812485152821,0.012771785259246826,0.09102781218048861,0.7623778543647508,0.0,ADL,ADL_051
171,29.848282948041785,164.3270717285679,0.8315087949231278,0.09036251902580261,0.7041050702546678,0.0715927360357063,61.722984391699605,2.7401438234677813,1.3260814306524549,3.633653841617643,0.29777953028678894,0.14410918951034546,0.04291276676240052,0.4839442974043857,0.37353769182132623,5.270887558986446,0.04059344530105591,0.06224818827236689,0.7961454028407648,0.0,ADL,ADL_051
172,27.79433083657556,168.74199548036285,0.830218365062498,0.09022228419780731,0.7138020109957026,0.4140441082625802,61.61856334398671,2.732448139109266,1.3167109709971876,3.59784444244602,0.29694321751594543,0.1430908739566803,0.04248986450986525,0.4818779606273914,0.23087053075545594,1.0742819751486854,0.025089383125305176,0.012687067576058197,0.8030035744519834,0.0,ADL,ADL_051
173,28.198331920371036,171.70011700125013,0.7662317744735025,0.0832686722278595,0.7037994313045728,0.07652491774719859,12.120032513864238,2.7506556642897557,1.3940037569007486,3.8344243299602443,0.2989218831062317,0.15149050951004028,0.04528382837546374,0.5067879311742198,0.5462257554146888,7.097396625426726,0.059359967708587646,0.08381891596795477,0.8308370085137876,0.0,ADL,ADL_051
174,44.10897991230792,168.81834127332215,0.8430216067346462,0.09161365032196045,0.68875113511026,1.0234009668684916,477.3194397581066,2.69226258186192,1.4761508407456567,3.9741856737235453,0.2925761342048645,0.16041767597198486,0.04693438349401191,0.5482919108082429,1.7517924728350742,4.192840312899029,0.19037246704101562,0.04951665355644508,0.7549501115982893,2.27660690746495,ADL,ADL_051
175,41.4922315760663,168.3260550862476,0.7175980220744058,0.07798349857330322,0.561074543007664,1.3138854904204014,78.50245008724862,2.6569241923516116,1.408630548324944,3.7426245819300594,0.2887358069419861,0.1530800461769104,0.044199690659606716,0.5301715697357134,1.0601516853092496,6.946832753804575,0.11520981788635254,0.08204078503215584,0.7453109328472506,0.28917536253116105,ADL,ADL_051
176,35.12590746546766,173.2498214486972,0.6683916594215645,0.07263609766960144,0.5958744649733233,0.11419296439618518,190.9897233179592,2.580701759810294,1.3750497541768238,3.5485933204308413,0.2804524898529053,0.14943072199821472,0.04190821804491662,0.532818194120492,2.2866729762395233,5.820937844976544,0.24849951267242432,0.0687441784407028,0.7560109892190978,0.0,ADL,ADL_051
177,34.79087034416231,175.68324771122292,0.7116473181012242,0.07733681797981262,0.6165811267641454,0.2919818664568164,10.051113639160647,2.5950770744132807,1.2965796618463827,3.364724155608072,0.2820146977901459,0.14090314507484436,0.03973675787596331,0.4996287305244034,0.4312594380895973,5.516074944683078,0.04686623811721802,0.06514380506859929,0.7344958667203321,0.6454536749629725,ADL,ADL_051
178,32.534512735287514,177.24578762237087,0.6556745286783798,0.07125408947467804,0.6241577915584245,0.6874984130608801,67.69072826624381,2.5074465892160633,1.1990181732397533,3.0064740288980945,0.2724916338920593,0.1303008496761322,0.03550589142577287,0.4781811816892908,2.6289145559165217,10.747503801299327,0.28569191694259644,0.1269259935057132,0.7014846018240426,0.9903379468886842,ADL,ADL_051
179,31.248009277285284,177.05250594078427,0.6633263348565316,0.07208563387393951,0.6346800534482354,0.21105953232130653,38.59510374006689,2.5081714019079437,1.1749841741842364,2.947061703383324,0.27257040143013,0.12768900394439697,0.034804243063337736,0.4684607529419345,0.021744380756412163,1.782369765443108,0.0023630261421203613,0.0210494508730541,0.7010783817813944,0.01218660127944693,ADL,ADL_051
180,30.60150316007338,174.85402735523516,0.6610214963136215,0.07183516025543213,0.6275761760473738,0.7047836737378531,19.395183516357086,2.5229997587231843,1.1412991693577528,2.879497528920581,0.2741818428039551,0.12402835488319397,0.03400632290181704,0.4523563677975144,0.44485070445721586,2.0269252338822996,0.0483432412147522,0.023937604845620797,0.6960802252852565,0.14994469488413653,ADL,ADL_051
181,30.29078984322807,176.83581190956173,0.6629046929671004,0.07203981280326843,0.6350458877770166,0.536493026532798,9.321399505359373,2.501114693550973,1.1380458765224215,2.8463832637053246,0.27180352807044983,0.12367480993270874,0.03361524967315255,0.45501379543115306,0.6565519551663401,0.9934279564576887,0.07134944200515747,0.011732196859934874,0.6935963862055393,0.07451517239151495,ADL,ADL_051
182,30.1536255010606,170.8803446155725,0.6916324232476964,0.07516174018383026,0.6208596607075343,0.6421996766080418,4.114930265024093,2.5585638466237377,1.2592999370936138,3.2219992911032675,0.27804669737815857,0.13685184717178345,0.03805120413621488,0.49218838516637026,1.723474592182943,11.26848082193829,0.1872950792312622,0.1330786338918699,0.7421128311182114,0.0,ADL,ADL_051
183,29.287540457321764,171.70273257340045,0.6977157215971641,0.07582283020019531,0.6333801623549647,1.536450704348917,25.982551312165043,2.5007579090968917,1.2410699243456877,3.1036154290497597,0.27176475524902344,0.1348707377910614,0.03665311304604302,0.4962756903182196,1.7341781258053812,3.5515158616052345,0.18845826387405396,0.041942732705155805,0.731873532008954,0.3071789732777208,ADL,ADL_051
184,28.698377690803852,169.64837440014622,0.7358346165493864,0.07996532320976257,0.6405052932494399,0.7887294887390401,17.674882995537367,2.491819101040951,1.2601407527248307,3.140042797639855,0.2707933485507965,0.13694322109222412,0.037083313400895435,0.505709302373184,0.26816424167821484,1.092821057702853,0.02914220094680786,0.012906010645572508,0.7397778982691177,0.0,ADL,ADL_051
185,29.873478107558796,169.99922108307726,0.6928882990412899,0.07529821991920471,0.5771916842517707,0.0570142106099109,35.25301250264832,2.4309608875925646,1.1171044664666543,2.715637265335396,0.26417970657348633,0.12139904499053955,0.032071164083902204,0.4595303213664862,1.825746403451598,12.732165969133767,0.19840925931930542,0.15036447950979692,0.6792922261472003,1.8145701636575207,ADL,ADL_051
186,29.53414661562489,174.7016051068016,0.6663502270801496,0.07241424918174744,0.5743049113417888,0.9607017895152258,10.179944758017143,2.4323627954551803,1.0530420488972179,2.5613803017874877,0.2643320560455322,0.11443719267845154,0.030249418428773822,0.43292804309249683,0.0420572358784721,4.627708906437249,0.004570484161376953,0.05465236965385145,0.6615657460885943,0.5317944017581799,ADL,ADL_051
187,27.640706869655634,174.32522532088586,0.6223347902836319,0.06763096153736115,0.5293316961395228,0.20114169236600382,56.80319237907771,2.3609699793787557,1.1138720157669957,2.6298183900959766,0.2565735876560211,0.12104776501655579,0.031057659348040723,0.47178392109057776,2.1417844822927368,2.053142649254669,0.23275405168533325,0.024247227578007013,0.6807858190826532,0.0,ADL,ADL_051
188,27.207361632074054,178.81988090714628,0.6638301112148307,0.07214038074016571,0.5624642472513665,0.40883220315127017,13.000357127447408,2.2680425750957736,1.1544412328538958,2.6183218665586896,0.24647489190101624,0.1254565417766571,0.030921887572676887,0.5090012690857407,2.7878221284894655,0.34489570611861087,0.3029608726501465,0.004073153260915063,0.6817316675007883,0.0,ADL,ADL_051
189,26.75870317650238,178.53263446820452,0.7540680572801534,0.08194680511951447,0.6082298749671358,2.6773313855614522,13.459753667150238,2.278673435481984,1.171234235194915,2.6688603384657115,0.24763017892837524,0.12728148698806763,0.03151873739712485,0.5139962081466425,0.31892581158631916,1.5161541572106563,0.034658610820770264,0.017905494733438942,0.6906494873012736,0.0,ADL,ADL_051
190,26.97613820345624,172.42464593177377,0.717537689576406,0.07797694206237793,0.5872588471396232,0.4001813456539655,6.523050808615842,2.274494313040982,1.2373762042749572,2.814405139715626,0.24717602133750916,0.13446933031082153,0.03323759405814819,0.5440203526330616,0.12537367323007143,4.366344037497436,0.013624727725982666,0.05156569983070014,0.707945538122258,0.0,ADL,ADL_051
191,24.930481648797308,169.0092678138121,0.6968925943574064,0.07573337852954865,0.5523885829660685,0.1383602434245565,61.369696639767994,2.2245003370506145,1.2495636431095654,2.779654745263422,0.2417430281639099,0.1357937753200531,0.03282719845167925,0.5617254595756993,1.499819279711021,1.042511833566122,0.1629897952079773,0.012311868194068154,0.7148922612170301,0.0,ADL,ADL_051
192,22.85100645031442,165.72154523812972,0.7095221058591775,0.07710586488246918,0.5873829401184638,1.2331523809377092,62.384255954486676,2.2148290376212296,1.2508884899179178,2.770504150296375,0.24069201946258545,0.13593775033950806,0.032719131650416955,0.5647764552666593,0.2901389828815448,0.27451784901140197,0.03153026103973389,0.0032420040378688952,0.7252815286934351,0.0,ADL,ADL_051
193,22.658678183458907,150.69973780246096,0.7063663048558415,0.07676291465759277,0.5536764075597392,0.5614583399665316,5.769848005665352,2.0730794790022147,1.216945700781798,2.522825159350715,0.22528767585754395,0.13224908709526062,0.029794089465973173,0.5870205707937369,4.252486758570448,7.430369728369808,0.4621303081512451,0.08775126553331347,0.6948610359235368,0.91261478309695,ADL,ADL_051
194,22.189162387630965,148.4008371596857,0.7541112498639487,0.08195149898529053,0.5791557813002949,0.8015638564953838,14.08547387483825,1.9686005952612688,1.1608172809379769,2.2851855902440685,0.21393364667892456,0.12614944577217102,0.02698761096056579,0.5896634684025607,3.134366512228375,7.129187073199392,0.34062087535858154,0.08419435516222151,0.6672568485187658,0.8281256221431299,ADL,ADL_051
65,3.430979351817985,171.96237592596907,1.4419710785178923,0.14922598004341125,1.1323867525664373,0.0,0.0,2.775984241709815,0.9904842111832093,2.7495685619069654,0.2872796654701233,0.1025027334690094,0.02944695098075023,0.3568034531710228,0.0,0.0,0.0,0.0,0.9809390036010113,0.0,ADL,ADL_052
66,6.290518217864343,177.8738383206434,1.3498211013775574,0.1396896094083786,1.0268687471785793,2.8026595344401,85.78616598139074,2.8752186690634884,0.968014289338288,2.783252756625671,0.29754918813705444,0.10017737746238708,0.029807697333632532,0.33667388378946156,2.9770328206102015,1.0105258415611695,0.30808568000793457,0.010822390586469055,0.9650526765674203,0.47658981100772824,ADL,ADL_052
67,6.480845656733641,176.35571929666025,1.3643263623598818,0.14119072258472443,1.0081812976950775,0.10339631326994266,5.7098231660789445,2.84076503848388,0.9672952034586226,2.747858395878407,0.29398366808891296,0.10010296106338501,0.029428635679975557,0.34050401918616313,1.0336089173882579,1.0618308224179263,0.10696560144424438,0.011371849609709272,0.9639953019070353,0.03172123981155073,ADL,ADL_052
68,13.319057565787698,177.69833880330208,1.3368586928583117,0.13834816217422485,0.9637405232200766,0.8290582145861358,205.14635727162172,2.8204731088327546,0.8551489080630285,2.4119244992394653,0.2918837070465088,0.08849722146987915,0.025830897065944214,0.3031923884103255,0.6087578895337575,10.078016899168247,0.06299883127212524,0.10793215842094028,0.8660368241113039,2.9387543338719424,ADL,ADL_052
69,9.19822255677746,178.5785440684262,1.2988633411369073,0.1344161182641983,0.9452811538393763,0.7699733728036209,123.62505027030718,2.845946661324416,0.9225889114902092,2.625638832430488,0.29451990127563477,0.0954764187335968,0.028119705419570096,0.32417535842131223,0.7642065747498483,6.411429995730682,0.0790858268737793,0.06866425060877646,0.9279204022165046,0.0,ADL,ADL_052
70,9.426721250107194,175.87977658902093,1.295954167906479,0.1341150552034378,0.9486944359333824,0.0838539953708275,6.854960799892051,2.8235225282880116,0.9952557506065874,2.8101270332458945,0.2921992838382721,0.10299652814865112,0.03009551176286429,0.3524860646804093,0.6727239910921368,5.534646024462195,0.06961852312088013,0.05927419029882586,0.9476293263882933,0.0,ADL,ADL_052
71,9.263671596707203,177.4013117215243,1.2831766425008675,0.13279274106025696,0.9401852050273546,1.468866099933073,4.89148960199973,2.8663281527330806,0.9763481404682982,2.7985341618928756,0.2966291308403015,0.1010398268699646,0.029971356024692142,0.34062563564846354,1.284168733352069,0.3477861405905669,0.13289541006088257,0.003724672145164476,0.9485351577960711,0.0,ADL,ADL_052
72,8.306433892048348,178.83467289201866,1.2544067277658786,0.12981541454792023,0.9632983300409713,0.5019101368293745,28.717131139765648,2.7667979699935774,0.987926373464672,2.7333926846051715,0.2863290011882782,0.10223802924156189,0.029273712796194395,0.3570636287405126,2.985905482185096,1.9542443186311242,0.30900388956069946,0.02092929685493239,0.9525334001737238,0.0,ADL,ADL_052
73,8.411364860575047,178.24477864130725,1.230561845755774,0.12734776735305786,0.9509350637614706,0.5051239928233935,3.147929055800951,2.6644876290312913,0.9460854817776643,2.5208330622026955,0.2757411599159241,0.09790802001953125,0.026997271005257062,0.35507091135205504,3.0693102288685825,6.376788672074278,0.3176352381706238,0.06829325372812001,0.9131710655470762,1.1808700387994286,ADL,ADL_052
74,9.587336115358058,177.46029998289833,1.2269487055918888,0.12697385251522064,0.9586673248223496,0.30624505469888813,35.27913764349034,2.670690716675661,0.8659501712142532,2.312685083365605,0.27638310194015503,0.08961501717567444,0.024768076427433172,0.3242408537488116,0.1860926293310916,6.244439365112711,0.01925826072692871,0.06687583733471669,0.8686633675112734,1.3352309410740837,ADL,ADL_052
75,21.89171683521021,175.26638846271993,1.2542276042507996,0.12979687750339508,0.9204600198740994,0.4474516925866369,369.1314215955646,2.9940691371777888,0.9260368951655128,2.7726184877030056,0.30984872579574585,0.09583324193954468,0.02969380790384335,0.30928941987419517,9.701352615063833,13.798002130122011,1.0039687156677246,0.14777194429230534,0.8783793509154989,0.0,ADL,ADL_052
77,7.59744182181857,174.58820910217256,1.3209385864908068,0.13670063018798828,1.0382818236863716,0.1287551057603838,214.41412520087462,3.0579021920095317,1.066455619970857,3.261116977989768,0.3164546489715576,0.11036482453346252,0.03492546180654443,0.348752897577069,0.9574958224761443,7.32747735430144,0.09908884763717651,0.07847480854051625,0.9577919898787857,0.0,ADL,ADL_052
78,8.724538804895499,171.06524029689567,1.3342927917017966,0.1380826234817505,1.0330967450867021,0.16899526101882925,33.812909492307845,3.1083438922196014,1.092855315910257,3.3969701462893704,0.32167473435401917,0.11309686303138733,0.03638040337189441,0.3515865542624952,1.5132510063020899,4.075595048988068,0.15660256147384644,0.04364824696049929,0.9515303399728028,0.1878494971794864,ADL,ADL_052
79,21.44229098030052,177.2223628347931,1.349668903985726,0.1396738588809967,1.0242356027089277,0.43436300486905977,381.5325652621506,3.2159285855591686,1.072872676701567,3.45028190966995,0.33280840516090393,0.11102890968322754,0.036951354358429,0.3336110938017158,3.2275408001870165,1.5993529014173857,0.33401012420654297,0.017128529596037723,0.8808761612205527,2.1196253625675032,ADL,ADL_052
80,23.062424032471437,176.43043264140522,1.3237780685787124,0.13699448108673096,0.9503611197654062,3.5642699701410048,48.60399156512752,3.2807266611289005,1.0748652098218732,3.5263389509825296,0.33951419591903687,0.111235111951828,0.03776589959228893,0.3276292586867125,1.9439422670919582,2.2817112393773886,0.20117372274398804,0.024436357015797938,0.8718754220418253,0.2700221753618204,ADL,ADL_052
81,23.78526248221004,176.50036828995005,1.3665681421076812,0.14142271876335144,0.9723977758089832,0.612127254688774,21.685153492158094,3.3009491876174306,1.1273728780338326,3.721400585887705,0.3416069746017456,0.11666899919509888,0.03985494384485122,0.341528909947475,0.606675794655902,5.851849047155264,0.06278336048126221,0.06267132757686866,0.8678596528766109,0.120473074956432,ADL,ADL_052
82,21.60946353552084,178.77425521872658,1.3448538795932532,0.13917556405067444,0.9665811572276934,0.3209017931232244,65.27396840067595,3.287859923939998,1.1672244043797397,3.837670341404881,0.3402523994445801,0.12079313397407532,0.04110015367110975,0.3550093376620324,0.3926779103229805,3.4880926655152766,0.04063725471496582,0.03735629478775593,0.879947424802662,0.0,ADL,ADL_052
98,14.12519434048078,178.17097166044667,1.267906218850433,0.13121244311332703,0.9486891083047185,0.43809414480835257,14.033004740700116,3.5974202035674834,1.4078348018186966,5.064573359348003,0.3722880184650421,0.14569330215454102,0.054239870762742726,0.3913446138036478,0.5804255243015353,2.300443158643354,0.06006678566336632,0.024636969546811827,0.9215266981084401,0.0,ADL,ADL_052
99,16.862947895419072,172.69916229311167,1.3333250351544936,0.13798247277736664,0.9790815019528171,1.1877746520260832,82.13260664814877,3.509623762985355,1.2590738744654366,4.4188755891779365,0.36320218443870544,0.1302984058856964,0.04732466564656601,0.35874797212216,2.6338932174638563,19.370933105101997,0.2725750207901001,0.20745615348530144,0.9063169561365607,0.4562922591563823,ADL,ADL_052
100,17.640488064642362,172.10913245699678,1.3476023600239806,0.1394599974155426,0.9909670095321316,0.44958130415256614,23.32620507669869,3.4596834358295494,1.2661089361211613,4.380336114254155,0.3580339848995209,0.13102644681930542,0.04691192088194107,0.36595989874027746,1.498209814674163,1.1561842477134388,0.1550459861755371,0.012382342938748181,0.9019972885297647,0.12959002820388088,ADL,ADL_052
101,17.751410481295647,175.15210450133455,1.3436255012113099,0.13904844224452972,0.9867800693621458,0.10704645885454751,3.327672499598542,3.4285577012953605,1.4573509345408828,4.996611770110135,0.3548128604888916,0.1508176028728485,0.053512025087393056,0.4250611931141576,0.9337720360256663,18.488269675679405,0.09663373231887817,0.19800312616355953,0.9013810528816908,0.018487069442216786,ADL,ADL_052
102,17.624710465483975,179.07899615757506,1.3416346959705703,0.1388424187898636,0.9840288531221045,0.0623591735613675,3.801000474350147,3.4303768704991433,1.5232249031207987,5.2252354762338875,0.3550011217594147,0.15763473510742188,0.05596050779138295,0.44403885341916666,0.054575076113483334,6.858711183712565,0.005647838115692139,0.07345448111969688,0.9020849418584224,0.0,ADL,ADL_052
103,17.757390346369874,179.0745659311717,1.4304441059486632,0.14803308248519897,1.0069154819225228,1.1669105062584602,3.9803964265769665,3.4405874868184925,1.6494145396945592,5.6749550258495844,0.3560577929019928,0.1706937849521637,0.060776852332154796,0.4793977521547913,0.3063184895804749,13.491586488470908,0.03170013427734375,0.14449033622315532,0.9013478314090563,0.022113313480982555,ADL,ADL_052
104,16.76151440983136,176.00064237229913,1.4850396286370238,0.15368303656578064,1.0393071762192303,1.6086299583826467,29.876278096155424,3.4545974223250364,1.5607489756903923,5.39175938831647,0.3575076460838318,0.16151800751686096,0.05774392266750361,0.4517876960071808,0.4202980651963184,8.495869125993432,0.04349559545516968,0.09098788993953555,0.9068804755009369,0.0,ADL,ADL_052
105,18.391885145961062,177.46727941854562,1.424185294188268,0.147385373711586,1.0096047824780914,0.2103736569418231,48.911122083891065,3.408741802464855,1.4644280412660635,4.991857080965358,0.3527621626853943,0.15154999494552612,0.05346110397194437,0.4296083349289035,1.3756685958054415,11.99706922053335,0.142364501953125,0.1284845608667773,0.8978228603002163,0.2717284560216171,ADL,ADL_052
106,18.18151384321239,174.24480392939302,1.4597035865608772,0.1510610729455948,1.0381879422299154,1.044675986012823,6.31113908246018,3.376739457030505,1.3458540338824314,4.544598419614476,0.34945032000541687,0.1392790675163269,0.0486711147136365,0.3985650061764481,0.9600703630304963,13.417759840526466,0.09935528039932251,0.1436996777492361,0.8989915897599312,0.0,ADL,ADL_052
107,0.9028985925552978,167.8290739274159,1.453029651734588,0.15037040412425995,1.0418370798847731,1.069315548633635,518.3584575197127,3.3776817273541995,1.3179456111013945,4.451600808263845,0.3495478332042694,0.13639089465141296,0.04767514169419318,0.39019124567270075,0.028268109710829492,2.78992834051893,0.002925395965576172,0.029879190583299575,0.9949838967080261,0.0,ADL,ADL_052
108,1.1648788742952025,177.87264029246498,1.4348926758830365,0.1484934538602829,1.0526416548051674,0.03549064629954249,7.859408452197142,3.344336531516614,1.5089863115515982,5.046558047280521,0.34609702229499817,0.15616121888160706,0.054046932852881646,0.451205175476277,1.0003558751275632,17.848717170500272,0.10352432727813721,0.191153734760654,0.9935284506983599,0.04366338028998551,ADL,ADL_052
109,17.635151643899174,176.78228709866463,1.475152557766535,0.1526598483324051,1.0123410237618882,0.3713645158680219,494.1081830881192,3.2103743166920857,1.414868999534638,4.542259097589829,0.33223360776901245,0.14642125368118286,0.04864606136456118,0.44071644030227847,4.018866444735849,15.128968490720753,0.41590243577957153,0.16202614464961407,0.9020269353116712,2.7450454616006614,ADL,ADL_052
110,4.106112289028094,176.91101991901218,1.4258299475558165,0.14755557477474213,1.0265498094085634,0.4226738996004909,405.8711806461324,3.402616181421058,1.3797541670408477,4.694773855156321,0.3521282374858856,0.14278730750083923,0.050279442925625695,0.4054968809755895,5.767255941869163,4.575442726994767,0.5968388915061951,0.049001446831935525,0.977188265060955,0.0,ADL,ADL_052
111,3.5708644545646013,161.81134816876315,1.4014436632814866,0.1450318992137909,1.0120086949252305,0.7774723701229984,16.05743503390479,3.2751101885974174,1.2847896180763603,4.207827568366072,0.33893296122550964,0.13295966386795044,0.04506441259831284,0.39228781732936396,3.8251797847092117,14.60838860370747,0.3958582878112793,0.1564509098193856,0.9801618641413078,0.0,ADL,ADL_052
112,17.596078049176132,172.6687963637985,1.3460167425416267,0.13929590582847595,0.996754110170824,1.2999874707849943,420.7564078383459,3.1743779776393626,1.0389834867804062,3.2981262995666794,0.3285084366798401,0.10752180218696594,0.03532181914543919,0.3273020199165692,3.0219663287416454,27.29103806398179,0.31273573637008667,0.2922778035862095,0.9022440108379104,2.337535599101922,ADL,ADL_052
113,19.763778141660932,174.492321862848,1.3398942892770351,0.13866230845451355,0.9952630940947458,0.09250203260204513,65.031002774544,3.2481071747093195,0.9101850400408916,2.9563785588699094,0.3361384868621826,0.09419277310371399,0.03166181622443531,0.28021930414361906,2.2118759120987086,10.2524322209031,0.22890150547027588,0.1098000876301164,0.8902012325463282,0.36128334874746537,ADL,ADL_052
114,6.392406088969514,165.80675762135343,1.3270044516995896,0.1373283714056015,0.9841450530229636,0.2478340859473772,401.14116158074256,3.26953835295474,0.9873878509997244,3.2283024480851594,0.3383563458919525,0.1021822988986969,0.03457402927020237,0.3019952134608797,0.642935347362612,8.1577166764575,0.06653577089309692,0.08736639137301161,0.9644866328390582,0.0,ADL,ADL_052
115,5.284626595785303,175.15248972892377,1.3358258528473306,0.13824127614498138,1.005951469114281,0.5087050232253312,33.23338479552632,3.0378089685085743,1.089917344687051,3.3109606846233746,0.31437525153160095,0.11279281973838806,0.03545927107621427,0.35878288893921173,6.951881533384969,2.479747096146454,0.7194328308105469,0.026557254180357148,0.9706409633567483,0.0,ADL,ADL_052
116,16.693651733878728,172.18820184568605,1.3561475884209808,0.14034432172775269,1.0394321595078866,0.5511460650818314,342.27075414280273,3.1452234657108242,0.942296241887942,2.963732251637078,0.3254913091659546,0.09751588106155396,0.031740571791196714,0.2995950390085401,3.222434916067498,10.416852989588895,0.33348172903060913,0.11156097855052671,0.9072574903673404,1.9015041896822382,ADL,ADL_052
117,14.806011084173937,173.66138379164994,1.3581432893204926,0.14055085182189941,1.029488644571553,0.3542671475557544,56.62921949114372,3.144633682818732,0.938476476125875,2.951164737358456,0.3254302740097046,0.09712058305740356,0.031605977956353115,0.2984365388758161,0.017693486762766497,0.3770254283586638,0.0018310546875,0.00403781504530798,0.9177443828657004,0.0,ADL,ADL_052
118,12.14638111838056,178.95091627745649,1.3486539187302673,0.13956882059574127,1.0023322813719124,0.06695101350981121,79.7888989738013,3.1055513508599235,0.8608658855893065,2.6734632139010954,0.3213857412338257,0.08908885717391968,0.028631888398514604,0.27720140797315246,1.172469958764255,8.331045703720816,0.12133598327636719,0.08922268673515532,0.920266825336715,0.0,ADL,ADL_052
119,3.2839829212504124,178.7401607264174,1.2805532893487603,0.13252125680446625,0.9840649946030409,0.5019490141196247,265.8719459139044,2.9908860950360423,1.0317946438432473,3.085980253203434,0.30951932072639465,0.1067778468132019,0.03304980661424928,0.34497847043648505,3.439957674716436,12.375511179070156,0.3559926152229309,0.1325375464720402,0.9817556504374977,0.0,ADL,ADL_052
120,2.4997970863533263,176.1148676473807,1.2968415780539313,0.1342068910598755,0.9839986152296878,0.9538456768915379,23.525575046912582,3.013087907568201,1.0729167376305173,3.2327924479820362,0.311816930770874,0.11103346943855286,0.03462211565317119,0.3560842994630127,0.6660543759647641,4.404365843358069,0.0689283013343811,0.047169271167657456,0.9861122384091482,0.0,ADL,ADL_052
121,2.6506985739773867,174.46417345857483,1.2555968048174273,0.12993857264518738,0.967388796935151,0.7033592958093117,4.5270446287218125,2.9717210308423185,1.1197560969239932,3.3276027426429406,0.30753597617149353,0.11588075757026672,0.035637501898864166,0.3768026824379242,1.2410063017764772,2.844308839827132,0.1284286379814148,0.03046158737078919,0.9852738968112367,0.02515024793734555,ADL,ADL_052
122,15.648958700070688,172.7593471374079,1.270868236397609,0.13151897490024567,0.961319043997343,0.6845642858227842,389.94780378279904,3.0224239288468837,0.9201353225055281,2.7810390165179526,0.3127830922603607,0.09522250294685364,0.02978398892448819,0.3044352487964467,1.5210869401369553,16.39691178374964,0.15741348266601562,0.17560538923127922,0.9130613405551629,2.1663766876822144,ADL,ADL_052
123,0.6586384982288693,173.1273944209586,1.2131813931744995,0.1255491077899933,0.9593306865859896,0.8885750262603198,449.70960605525454,2.87503177009036,0.809390049458581,2.327022106588428,0.29752984642982483,0.08376175165176392,0.024921621105642444,0.28152291655419953,4.421764762695717,13.620507297885744,0.45759737491607666,0.14587103456537243,0.9208828901704955,0.0,ADL,ADL_052
124,6.835342563193316,166.14345130043853,1.2079947306852272,0.1250123530626297,0.9394567598000364,1.8627535259527275,185.3011219489334,2.9428421157046647,0.65008675290917,1.9131026753227975,0.30454736948013306,0.06727585196495056,0.020488683745460534,0.22090366820807836,2.0343103684291464,12.417582937968907,0.21052569150924683,0.1329881208054573,0.8110523923506074,3.294914934596642,ADL,ADL_052
125,3.0628323936788453,157.58126634996185,1.1312755820151001,0.11707288026809692,0.8893866976867663,0.07762930923187415,113.17530508543412,2.7503724588528193,0.8459738675639743,2.3267432262571575,0.2846291661262512,0.08754771947860718,0.024918634391450922,0.30758412107230515,5.774089705555361,12.409216528030798,0.5975461006164551,0.13289851937971164,0.9074753784807937,0.0,ADL,ADL_052
126,7.273800566109337,156.45497379153232,1.1058309715061807,0.11443968117237091,0.9111454531000361,3.171622297710441,126.32904517291475,2.6874249422989984,0.8528004317519868,2.2918371510936444,0.2781148850917816,0.0882541835308075,0.024544802111539532,0.31732881241818517,1.8884254966146274,1.0471822549053922,0.19542843103408813,0.011214968397341707,0.8777128453061365,0.8928759952397181,ADL,ADL_052
127,4.05565181816723,133.56179661171782,1.0860247200032556,0.11238998174667358,0.942554847863088,1.8025110048605393,96.5444624382632,1.7029082511792355,0.9731003028428012,1.6571005349360193,0.17622971534729004,0.10070371627807617,0.017746987254099622,0.5714311269725248,29.535500733592887,19.042098484728754,3.0565550923347473,0.2039344457231973,0.7797900794393122,2.9376829760047274,ADL,ADL_052
128,3.380592826146604,169.54990993169923,1.082853773018476,0.11206182837486267,0.9331547510504742,1.5109097294892373,20.25176976061878,2.0497460925581352,0.9587064900925276,1.965104881977283,0.2121230959892273,0.09921413660049438,0.02104560982159498,0.46771742803577093,10.405135241366992,9.24013041123791,1.0768014192581177,0.09895867702486072,0.8397327308109327,0.0,ADL,ADL_052
129,4.14616200621786,174.0989190224324,0.9958605084549244,0.10305911302566528,0.8925068162142931,0.07049748632041546,22.967075402137688,2.3335880367553465,0.9422737794535752,2.1988788190811093,0.2414971888065338,0.09751355648040771,0.02354924976054562,0.4037858708684835,8.51525832591634,7.01321811311479,0.8812227845191956,0.07510919816851924,0.87812929380265,0.0,ADL,ADL_052
130,4.716035081706627,153.1893781260308,0.9270147310102881,0.0959344357252121,0.8473255013550073,0.8528943132084429,17.096192264663,2.419220884140068,0.9344499407756625,2.2606408119079324,0.25035911798477173,0.09670388698577881,0.024210699851458628,0.38625915247276277,2.568985421541643,1.8528597848046946,0.26585787534713745,0.019843502727390216,0.8862311923618016,0.0,ADL,ADL_052
131,3.7825873787512276,126.81129535148679,0.9271562731447917,0.09594908356666565,0.8452349110692922,2.2670341475659432,28.00343108866198,2.437122868370551,0.9051237928101674,2.2058978941639475,0.2522117495536804,0.09366899728775024,0.023624421684882435,0.37138882730356954,0.5370595269144918,1.6422875323195463,0.05557894706726074,0.017588344997285787,0.8814297131429853,0.1440443765644872,ADL,ADL_052
132,6.131809944433574,129.40492243801305,0.8037087814433475,0.08317381143569946,0.7752866024711522,1.5066245881638787,70.47667697047038,2.2931942442054307,0.8044578172355019,1.8447780361905175,0.23731693625450134,0.08325132727622986,0.01975694992831567,0.35080082268602986,4.317858724953609,10.833595739202902,0.4468443989753723,0.11602415269700295,0.8024957573925742,2.3680186725123353,ADL,ADL_052
133,5.781367439989462,135.10927934419402,0.8421857795939631,0.08715569972991943,0.7171186887786872,1.8206321418160627,10.513275133323345,2.2948728792044575,0.61710009208167,1.4161662650727977,0.23749065399169922,0.063862144947052,0.01516666256878807,0.26890269141535433,0.05035904997080287,12.858353133531592,0.005211532115936279,0.13770862078582802,0.7262467139717544,2.287471302624592,ADL,ADL_052
134,8.815958303643244,117.83538797544519,0.8486687837281347,0.08782660961151123,0.8080669256803982,1.6992226840635136,91.03772590961346,2.15435595324374,0.7778792857609508,1.6758288701840933,0.22294890880584717,0.0805007815361023,0.017947561401491896,0.3610711570472329,4.215507778821519,7.789878153338868,0.4362523555755615,0.08342696498111479,0.7567607304227837,0.0,ADL,ADL_052
135,6.116347270738198,122.61017797547237,0.9355212261070021,0.09681475162506104,0.860084452055277,3.731736057743325,80.98833098715137,2.236247077426823,0.7071105223485671,1.5812738390197374,0.23142361640930176,0.07317709922790527,0.016934908941664162,0.31620274611791055,2.4567337254924793,2.836650934930678,0.2542412281036377,0.030379573794832027,0.7545079463657953,0.06758352170965098,ADL,ADL_052
49,13.658626525037826,178.91518933305264,1.2972554008207549,0.13861212134361267,0.9584601302388677,0.0,0.0,3.022793678959881,0.94710543484477,2.8629043217573202,0.3229863941669464,0.10119849443435669,0.03268573681247666,0.31332026036300664,0.0,0.0,0.0,0.0,0.9153077795667484,0.0,ADL,ADL_053
50,14.486237027004465,178.36173978544508,1.303675921838304,0.13929815590381622,0.9746289264067831,0.19228929808700027,24.828315058999166,3.0419340527433385,0.9549962647979613,2.9050356581316126,0.3250315487384796,0.10204163193702698,0.03316674966429378,0.31394281075256075,0.5742112135037303,1.2639400912287702,0.061354637145996094,0.014430385554513592,0.9179384248255671,0.0,ADL,ADL_053
51,18.29612271967232,178.41002293828157,1.3270480185035902,0.14179547131061554,0.9667238717062301,0.019195041439985145,114.2965707800356,3.0671704280628656,0.9531523470566108,2.9234806923307497,0.3277280628681183,0.10184460878372192,0.03337733635025053,0.31075855126313684,0.7570912595858115,0.5533510259741137,0.08089542388916016,0.006317600578702454,0.8983548737795982,0.5875065313790662,ADL,ADL_053
52,5.701054822003781,171.0443891912546,1.3288830109132628,0.1419915407896042,0.9956570078401361,0.5853483539381695,377.85203693005616,2.9922963784494065,0.8740660987243686,2.6154648217383296,0.31972774863243103,0.0933942198753357,0.029860723656023325,0.29210454259996577,2.24622148840377,9.240476117772603,0.24000942707061768,0.10549838082681617,0.9170632692527807,0.0,ADL,ADL_053
53,11.609044244120875,173.3448520277148,1.268502444820098,0.13553985953330994,0.9652778285160876,0.20448074332590976,177.23968266351284,2.9645199095176453,0.8761119520949338,2.5972513249518006,0.3167598247528076,0.09361281991004944,0.0296527804293234,0.2955315575500935,0.8332940679528367,0.5464049035958718,0.08903771638870239,0.006238296800997745,0.8811162126948682,1.0784116967373758,ADL,ADL_053
54,14.155032051909757,175.0501437349322,1.2700440169508567,0.13570457696914673,0.9718668151690589,0.008576685909322047,76.37963423366644,2.9021178952577227,0.7557658478316314,2.1933215916168023,0.31009215116500854,0.08075380325317383,0.025041120565532538,0.2604178871728859,1.8720604277976793,12.117892000049949,0.20003020763397217,0.13834979591372587,0.7976695349459437,2.5034003324677334,ADL,ADL_053
78,13.733622406692863,176.22635247575812,1.4638278897189985,0.15641044080257416,1.0071466988758635,0.2561920580581699,0.5267620565211173,3.457177020480161,1.2386142981966468,4.2821088889636085,0.36940038204193115,0.13234630227088928,0.0488887746207034,0.35827235279771236,0.6938239065280477,2.6109841216835075,0.07413528859615326,0.02980956756896358,0.9237020977405952,0.0,ADL,ADL_053
79,14.240822263821649,175.2267289666728,1.3421821734883956,0.14341256022453308,0.9434466066900226,2.2983886574785704,15.21599571386357,3.19891836462819,1.0606995256936702,3.3930911920938924,0.3418053686618805,0.11333605647087097,0.03873887256470976,0.33157970963081895,7.747759675559132,26.670530906091482,0.8278504014015198,0.3044970616798093,0.9208843207565465,0.08453330952146176,ADL,ADL_053
80,16.783654547226256,173.9466171654081,1.4068499668697616,0.1503223329782486,1.0029474697796747,1.8697719169721188,76.28496850213821,3.243078953354598,1.1567140601363022,3.751315023477386,0.3465239405632019,0.1235952377319336,0.042828708813715366,0.3566705401667657,1.324817661792248,10.746714941504814,0.14155715703964233,0.12269508747016822,0.9067574747376319,0.4238053805674369,ADL,ADL_053
81,19.230135631002497,175.67542019825822,1.3902376932840959,0.14854730665683746,0.9860537693295374,0.17830302443096924,73.39443251328724,3.2231662594643793,1.2633625694400337,4.07202760728934,0.3443962633609772,0.1349906623363495,0.04649027969726216,0.39196206444550097,0.5973808167065631,9.621377514358613,0.06383031606674194,0.10984712650640382,0.8931659131610972,0.40774684729604216,ADL,ADL_053
82,20.13563696427339,173.1932928842133,1.3819590297778344,0.14766272902488708,0.9667111810002504,0.8234162360348293,27.165039998126836,3.220107380948362,1.269162082614425,4.086838189846504,0.3440694212913513,0.13561034202575684,0.046659371901924374,0.3941354258723826,0.09176635548052481,0.4443174767149216,0.009805262088775635,0.005072766139866403,0.8881353501984812,0.15091688887847843,ADL,ADL_053
83,19.120661714571863,176.96217027526924,1.2943156196993157,0.13829800486564636,0.8691278800569037,2.967499854631636,30.449257491045856,3.2590201535647245,1.5589837793625458,5.080759556023039,0.34822726249694824,0.16657787561416626,0.05800695761767827,0.47835828838167926,1.1673831784908817,29.81764098529604,0.12473523616790771,0.3404275714726168,0.8937741015857119,0.0,ADL,ADL_053
84,20.945209975826085,159.99984576447292,1.316744141456269,0.1406944990158081,0.9142607721029832,0.4489413942369324,54.736447837626656,3.2940649105651367,1.4032607284104408,4.622431925830908,0.3519718050956726,0.14993882179260254,0.05277423776026069,0.4259954735759953,1.0513427100123662,13.749828905763932,0.11233627796173096,0.15698159572252735,0.8836377223565217,0.30409137687570587,ADL,ADL_053
85,18.700060845755758,179.11336919583678,1.2900515424901542,0.13784238696098328,0.8739493721210173,0.6063842450367408,67.35447390210983,3.2948266318405306,1.5460794232558566,5.094063658684044,0.3520531952381134,0.16519904136657715,0.05815885036337676,0.4692432119857116,0.02285163826181602,14.148951985594103,0.002441704273223877,0.16153837809348204,0.8961107730791347,0.0,ADL,ADL_053
86,17.497971572387616,173.88790790476034,1.3246917309405999,0.1415437012910843,0.8548308932918325,0.09478283867106875,36.06267820104424,3.3283635656205917,1.5777308807189416,5.2512619797394136,0.3556366264820099,0.1685810089111328,0.05995358129808892,0.4740246710640461,1.0061080134018319,4.715949631661074,0.10750293731689453,0.053841928041364895,0.9027890468200688,0.0,ADL,ADL_053
87,17.41257564808824,175.6502900967946,1.3430253384153512,0.14350265264511108,0.8870114555734536,1.5245707684949665,2.561877728981301,3.29778844737455,1.5098283518958406,4.979094496400659,0.35236966609954834,0.161325603723526,0.05684624911736691,0.4578292668605674,0.9172535473812493,8.165024500162632,0.09800881147384644,0.09321996542166033,0.903263468621732,0.0,ADL,ADL_053
88,16.962334940947734,174.09414623493112,1.3426980297677222,0.14346767961978912,0.9102436755563488,0.6235083306108166,13.507221214215157,3.274784520640981,1.5387946791069242,5.039220995584061,0.3499116897583008,0.16442066431045532,0.05753271248005376,0.46989054447847406,0.6901178020070731,1.8037949755020488,0.07373929023742676,0.02059390088060553,0.9057648058836236,0.0,ADL,ADL_053
89,18.452459317428453,163.79461754583667,1.3754244318647757,0.14696450531482697,0.9488796234323863,1.1022003655800363,44.70373129442155,3.1668016742513894,1.1898407075757906,3.7679895448434717,0.33837369084358215,0.12713482975959778,0.04301908158052559,0.37572204186620867,3.2394853916877464,38.13694352221767,0.34613996744155884,0.4354089269858452,0.8974863371253975,0.24835406274678395,ADL,ADL_053
90,0.44268297359474773,172.6867583564094,1.3708093380957156,0.14647138118743896,0.99925433488129,1.8400087249921593,540.2932903150111,3.2190352254805426,1.4200704749594821,4.571256881559458,0.343954861164093,0.15173494815826416,0.0521899730275166,0.4411465693438935,1.5670065368745956,24.098020101479598,0.16743510961532593,0.2751267434097304,0.9975406501466959,0.0,ADL,ADL_053
91,16.969381189548038,178.31814317672755,1.3701499792180039,0.14640092849731445,0.9924215751068635,0.2774997185334208,495.8009464785987,3.044190767074796,1.0297821767611002,3.1348533945943267,0.32527267932891846,0.11003252863883972,0.03579057540369135,0.33827676701616627,5.245333752172394,43.09210460895395,0.5604654550552368,0.49198192871475754,0.9057256600580664,2.7544497026588846,ADL,ADL_053
92,2.5565263288050426,174.33268858016126,1.3733833200766645,0.1467464119195938,0.9918797795823477,0.15010873841003203,432.3856458222899,3.1313683864063693,1.3608347221123278,4.26127482794664,0.33458763360977173,0.1454055905342102,0.048650912450472816,0.4345801857208207,2.615328579947196,33.79264300056941,0.27944862842559814,0.385810111403444,0.9857970759510831,0.0,ADL,ADL_053
93,10.856749717963615,177.07600777958413,1.3764905906253735,0.14707842469215393,0.9901410134048286,0.01753409299803351,249.00670167475712,3.113549519544485,0.9029543292832698,2.8113930181105373,0.3326836824417114,0.09648093581199646,0.032097633011357374,0.29000714762063196,0.5345660058565249,43.49645429508309,0.05711853504180908,0.4965983831734633,0.9220359576815804,1.912833548085081,ADL,ADL_053
94,5.005811292821829,178.86154250424877,1.3339608273465038,0.14253410696983337,0.956161160040247,1.1882600871189408,175.52815275425357,3.1378147072108002,1.2105901513108213,3.7986075811876434,0.33527642488479614,0.1293519139289856,0.043368647254116155,0.38580561746270836,0.7279556299894541,29.61643689231318,0.0777822732925415,0.33813042728276343,0.972189937262101,0.0,ADL,ADL_053
95,18.365726825964366,174.91593903000864,1.368952590190078,0.14627298712730408,0.9578967186766943,0.002150447101166601,400.79746599427614,3.076704913627882,1.0455077744278802,3.2167189068184108,0.32874682545661926,0.11171281337738037,0.036725232760641546,0.33981308689179973,1.8332938074875438,17.45666023107698,0.1958879828453064,0.19930243480423826,0.897968184300198,2.226652588857091,ADL,ADL_053
96,7.530122258794915,167.67958074032032,1.3505069976944295,0.14430207014083862,0.9727257388847584,0.3404233068632762,325.06813701508355,3.0883641859654913,1.1093562502528678,3.4260961127579277,0.3299926221370697,0.11853504180908203,0.039115689261706166,0.35920403867637796,0.3497781701282765,6.281316178185508,0.037373900413513184,0.07171369503193858,0.9581659874511393,0.0,ADL,ADL_053
97,18.369516456563428,177.63961466300512,1.3908543779197222,0.14861319959163666,0.9776399707233387,0.12739098012338876,325.1818259330554,3.128256234816899,0.8311360901030639,2.6000066558462493,0.3342550992965698,0.0888071358203888,0.02968423800188802,0.2656859097179686,1.1967614655422354,24.78268370735035,0.12787431478500366,0.2829435377945444,0.8440307663815458,3.4240566320878054,ADL,ADL_053
98,18.16623046855559,161.94509638268568,1.401398541630812,0.1497398465871811,0.984732122949657,0.34880754030829153,6.098579640235151,3.2281460367074697,0.9524701170164741,3.074712633329031,0.3449283540248871,0.10177171230316162,0.03510394921102389,0.29505088829238546,2.996694056717115,14.241179324483447,0.3201976418495178,0.16259133627407607,0.8990764973969134,0.0,ADL,ADL_053
99,14.796991377917474,159.13948518519933,1.3837980664784233,0.14785923063755035,0.9904920299647272,0.4941175183583273,101.07717271914348,3.2138713632715934,0.8377422301278539,2.6923957632111906,0.3434031009674072,0.08951300382614136,0.03073904309080433,0.260663759034832,0.42824020307628885,11.46950610353521,0.04575759172439575,0.13094718360658675,0.8797293446213154,0.5804145832679419,ADL,ADL_053
100,12.631280211806118,161.28875753378838,1.3601773156509207,0.1453353464603424,0.9986619159911632,0.9404524368286707,64.97133498334067,3.1420790633365767,0.8434271085735059,2.650114659299319,0.3357320725917816,0.09012043476104736,0.030256320345198873,0.2684288267025303,2.1537689980505004,1.268433117356147,0.2301308512687683,0.014481682368163717,0.8845068962962208,0.0,ADL,ADL_053
101,11.09986961782146,168.21523704351566,1.4188675075992576,0.15160641074180603,1.046872373966461,2.9857744712423275,45.942317819539745,3.079402316210941,0.8037132874390432,2.4749565589092994,0.32903504371643066,0.08587700128555298,0.028256542872227897,0.260995726533727,1.8803024137690727,5.254743011700587,0.20091086626052856,0.05999332418912928,0.8629628243897756,0.6463221571933575,ADL,ADL_053
102,2.703302657726776,165.8746029335563,1.3528683057564885,0.14455437660217285,1.0452029185677538,0.9375865686101899,251.89700880284053,2.9531175193823933,0.7332932572495179,2.1655011648285316,0.31554147601127625,0.07835260033607483,0.02472349515936667,0.24831078632112535,3.7885439048564296,9.283661822423035,0.40480703115463257,0.10599143138583678,0.8565170978964245,0.19337179480053202,ADL,ADL_053
103,1.5236081039138025,165.39121331266247,1.313952046682439,0.14039616286754608,1.0303521428637246,1.0656887861016688,35.39083661438921,2.930030196580958,0.7447263282124129,2.1820706298512316,0.31307458877563477,0.07957422733306885,0.024912668499439405,0.25416937693630154,0.6926196840430565,0.49708395068099875,0.07400661706924438,0.00567520020218204,0.8659137827885668,0.0,ADL,ADL_053
104,2.94660970934596,166.72185649378116,1.2307733943175294,0.1315084993839264,1.0110241976567218,1.0611954394350287,42.69004816296472,2.8823396391759037,0.7888659981927008,2.2737797365888883,0.3079788386821747,0.08429056406021118,0.02595971003112929,0.2736885778656321,1.4307167221516304,2.7512732021297026,0.1528725028038025,0.031411245950696554,0.873742767168951,0.0,ADL,ADL_053
105,1.7946770736963387,173.99843943892662,1.2260747650222956,0.13100644946098328,1.0243126219421796,1.7243322426961372,34.55797906948863,2.864475866739014,0.7489527516785578,2.1453570825110067,0.30607008934020996,0.0800258219242096,0.024493510465866564,0.2614615516176955,0.5359131731066924,3.85267962233645,0.05726248025894165,0.043985986957881806,0.8581088937799015,0.46901620167148605,ADL,ADL_053
106,4.2098542389913245,168.3289598376953,1.2054293571846364,0.12880048155784607,1.0100478500461338,1.5104422473653176,72.45531495884957,2.828678313794886,0.6960746241522843,1.9689711941224928,0.3022451102733612,0.07437577843666077,0.022479715355255614,0.24607687546216195,1.073926588323837,5.291576651655417,0.11474937200546265,0.06041385331832849,0.8144286825018914,1.3104063383403042,ADL,ADL_053
107,4.700355725671282,168.72751716945498,1.1264482604162256,0.120361328125,0.9736309627585374,0.5363231805306399,14.715044600398732,2.6786800263643693,0.7755304369993185,2.0773978914277054,0.28621774911880493,0.0828656554222107,0.023717621374199638,0.2895186135685837,4.499948622915504,3.252800919156378,0.48082083463668823,0.037137180568320716,0.8303064632852677,0.0,ADL,ADL_053
108,4.086647484280177,162.65476586422872,1.0634319323119035,0.11362801492214203,0.9275125188535769,0.5290894781222409,18.411247241733157,2.5927982536257947,0.7325108961446188,1.8992529722856335,0.2770412564277649,0.07826900482177734,0.021683743435175984,0.28251648622485487,2.5764531821572367,5.344347574262156,0.27529478073120117,0.061016338170709616,0.8031515959151534,0.814646021103429,ADL,ADL_053
109,5.801433930361869,157.80705867117405,0.9987319240615125,0.10671480000019073,0.9002883048193916,1.1163498054558056,51.44359338245075,2.5224005367654643,0.8577174013398187,2.163506833532638,0.26951923966407776,0.09164735674858093,0.02470072590810002,0.340038866330809,2.111931505809914,7.9276158374101335,0.225660502910614,0.09050947418772104,0.8389630896938132,0.0,ADL,ADL_053
110,7.140656260741965,142.43134084833082,0.9592500220923701,0.10249614715576172,0.8769881686407592,1.391929183095383,40.17666991140288,2.445263357738404,0.7341464631746112,1.7951814456141233,0.26127710938453674,0.07844376564025879,0.02049556033572486,0.3002309141972892,2.314115370811809,11.04976163755544,0.24726390838623047,0.12615496717125474,0.7683293089001597,2.1190134238096037,ADL,ADL_053
111,1.4924352273028103,135.4486823240139,0.9981432705456873,0.1066519021987915,0.8633954463284047,1.6923600311258744,169.44663100317464,2.388552079173047,0.6666112675333824,1.592235729067041,0.2552174925804138,0.07122761011123657,0.018178532055085128,0.2790848319456879,1.7013383569607088,6.088371496412468,0.18178850412368774,0.06951084841919197,0.7648888795219295,0.10321288134690576,ADL,ADL_053
112,2.7802791005752834,125.87458525204381,0.8918113315999097,0.09529030323028564,0.841894043399503,0.04446488675330473,38.635316198174195,2.308256727315052,0.8586500985001689,1.9819848662727468,0.24663791060447693,0.09174701571464539,0.02262829226005625,0.37198921893462183,2.4088605557398557,11.692474116171175,0.2573874592781067,0.1334928061491336,0.8246035248058169,0.0,ADL,ADL_053
113,1.8505506673843717,103.14787361830645,1.0037207660945886,0.10724785923957825,0.8582445537420501,3.0701272230978156,27.89185299572735,2.273825029034272,0.7654941804440295,1.7405998270737113,0.24295887351036072,0.08179327845573425,0.01987240279432445,0.3366534451716624,1.032950948423399,7.2415511759710665,0.11037111282348633,0.08267668397195393,0.7883542057628872,1.0874795712878915,ADL,ADL_053
114,2.0210951335818597,163.4562038667788,0.9827894687266187,0.10501134395599365,0.8596413681496561,1.082704094195919,5.11633398592464,2.5045822277368095,0.4750535677273627,1.1898107229529173,0.26761534810066223,0.05075961351394653,0.01358405163998988,0.18967306696395703,6.922715961076129,16.52367312362382,0.7396942377090454,0.18865053463003711,0.6929077453385905,2.863393812728902,ADL,ADL_053
1,5.6815329509685855,173.45137575347195,1.4165666942083002,0.14329063892364502,1.1063933542149123,0.0,0.0,3.091392658343483,0.8072295541312038,2.4954635172390867,0.3127050995826721,0.08165407180786133,0.025533644656007937,0.26112081573347734,0.0,0.0,0.0,0.0,0.9583143386678556,0.0,ADL,ADL_054
2,16.4088811830434,176.47074816097367,1.4465432955278874,0.14632287621498108,1.0671770242208585,1.0395954279838493,321.82044696224443,3.1987533499514735,0.7400763103789711,2.3673215770444607,0.3235650062561035,0.07486128807067871,0.024222493142929125,0.23136326629882675,3.22082074823971,3.8442582058387798,0.3257972002029419,0.03933454539236436,0.8735627250872826,2.542548407417191,ADL,ADL_054
3,2.2246878842201214,172.8605673813702,1.4046383668278346,0.1420840471982956,1.0802492324271464,0.5162843131296113,425.5257989646983,3.1651460870950907,0.6381096097971638,2.0197101345872683,0.3201655149459839,0.06454700231552124,0.020665724234568472,0.201604475491171,1.0082178856914847,10.42834327371577,0.10198473930358887,0.10670306725081957,0.884125037005344,0.0,ADL,ADL_054
4,0.5082265645473407,166.38388594082073,1.3910773760613304,0.14071230590343475,1.0691694245002208,0.7412524526215167,51.49383959018342,3.1081361863103822,0.8360577079404098,2.5985812158933044,0.31439876556396484,0.08457013964653015,0.0265887475084412,0.2689891943616106,1.710297023541254,17.366132439181083,0.1730024814605713,0.17769069821618189,0.9971765190858481,0.0,ADL,ADL_054
5,14.773756683989056,173.0101600805688,1.4328765344545011,0.14494043588638306,0.9977492769334427,1.2872703016022535,427.9659035832515,3.133002520296064,0.8720661630003864,2.7321854865451285,0.31691408157348633,0.0882125198841095,0.027955789722355462,0.2783474975256259,0.7459900195704483,4.008128119554724,0.07545948028564453,0.041011266417427805,0.9179235739778386,2.3775883532402853,ADL,ADL_054
6,5.615533481676907,176.50937104730937,1.3238845052721182,0.133915513753891,0.9927817553201064,1.5839471736625834,274.7466960693645,2.908832519415144,0.4412748988118787,1.2835947756656199,0.29423850774765015,0.04463648796081543,0.013133773608686283,0.15170120526131797,6.725100026427593,43.45772132638526,0.6802672147750854,0.44466048341007536,0.7207819792595382,5.914247841549012,ADL,ADL_054
7,11.245454293598234,174.5582568432206,1.427944809755611,0.14444157481193542,0.9653209552553026,2.8291936654538454,168.8976243576398,3.005895779279846,0.8930437441154874,2.6843964211490143,0.3040567934513092,0.09033447504043579,0.027466810818902232,0.2970963974153212,2.911897795941063,42.024049364501835,0.29454857110977173,0.42999111630647846,0.9375252539244543,0.0,ADL,ADL_054
8,11.427891851113461,176.65496433312543,1.340336354676863,0.1355796754360199,0.9080043500431169,0.16585019818980895,5.473126725456812,2.9416546071521927,0.9004046503749454,2.6486794880767177,0.29755857586860657,0.09107905626296997,0.027101354273066036,0.3060867928619033,1.9272351638296037,1.0715079921688986,0.1949465274810791,0.010963696375085874,0.9365117119382586,0.030406259585872286,ADL,ADL_054
9,10.974600825633418,177.26383967652765,1.2489069104338935,0.12633126974105835,0.8824673026768854,0.358640889029508,13.598730764401292,2.8278681484324992,0.9201244781750597,2.601990704424326,0.28604868054389954,0.0930737853050232,0.02662363347972807,0.3253762952227431,3.413593761590805,1.400663509571758,0.34529685974121094,0.01433162380013897,0.9390299954131477,0.0,ADL,ADL_054
10,11.890190642175172,178.5604143917318,1.260391385537707,0.1274929642677307,0.8723406060111407,1.8003638280367824,27.46769449625262,2.844483809231747,0.8593212829582939,2.4443254763031197,0.287729412317276,0.08692333102226257,0.025010398951695656,0.3020999077650976,0.4984698239774277,4.729956843636183,0.050421953201293945,0.048397035840972435,0.9137830107422106,0.7574095401281133,ADL,ADL_054
11,2.3475936024630246,166.04553922672952,1.1422600947411554,0.11554357409477234,0.8722656239969303,0.9596755019535651,286.2779111913644,2.2719285143415515,0.7572494013192248,1.7204165073252158,0.22981345653533936,0.0765984058380127,0.017603344410730415,0.33330542818238196,17.17665884670586,21.717269069337117,1.7374786734580994,0.22221163622895723,0.8246886189943183,2.6728317524367675,ADL,ADL_054
30,3.0857135576701364,78.96798837361875,1.3210543393447904,0.1336292326450348,1.0357202278545405,1.437911114225309,1.1654525608533346,1.5693328991994109,0.5368980326040449,0.8425717460809656,0.1587434709072113,0.05430909991264343,0.008621215021979545,0.34211648193018307,1.1093614975928536,1.3860706756488161,0.11221576678125482,0.014182309561185585,0.6482603695697287,0.27857092014408896,ADL,ADL_054
63,2.0779891832084783,176.04544438609267,1.5396453248186854,0.15574046969413757,1.1710446440784432,1.075144589748709,0.9161130676924165,3.2169976967018212,0.5060864645721895,1.6280789908607016,0.32541048526763916,0.051192402839660645,0.01665854465007044,0.15731590665141015,1.4978770886385548,0.7140974952543054,0.15151546760038895,0.007306663298264449,0.8080598666800403,0.0,ADL,ADL_054
64,12.424246311905879,176.5319816256776,1.537515040128123,0.15552498400211334,1.1372875645060447,0.8043920225836196,310.387713860922,3.2770478309035704,0.8942920694365457,2.9306378863412976,0.33148476481437683,0.09046074748039246,0.029986359603470625,0.2728948180657111,1.8015040260524762,39.076766864417884,0.18222838640213013,0.39983444860200557,0.9309764093783006,0.0,ADL,ADL_054
65,14.528625284172696,178.8033863960916,1.4850765378993607,0.15022064745426178,1.0634014072774165,2.2931061457028172,63.13136916800451,3.307578326866441,0.9470234287267035,3.13235416789119,0.33457303047180176,0.09579470753669739,0.03205032560371279,0.2863184192796191,0.9159148788861149,6.0514884464967755,0.0926479697227478,0.061918980007265034,0.9192854150879295,0.3507298287111338,ADL,ADL_054
66,13.581541153405258,178.88307734815754,1.553999150949591,0.1571924090385437,1.0759496252586627,0.2861410888455436,28.41252392302314,3.358291506206339,0.9541972482316486,3.204472513981807,0.339702844619751,0.09652036428451538,0.03278824231118449,0.2841309152463549,1.5213953801969415,2.163550382718502,0.15389442443847656,0.022137501224150924,0.9245469935921931,0.0,ADL,ADL_054
67,13.754843521885391,178.59002153107434,1.5655362165820355,0.15835942327976227,1.091044285474959,0.4110148684248242,5.199071054403994,3.2728827199609687,0.9193092513250789,3.008791362962106,0.331063449382782,0.09299132227897644,0.030786027916343883,0.2808858590898064,2.562263587361109,5.870434530591022,0.2591818571090698,0.060066431845218204,0.9235842026561922,0.028883728080024706,ADL,ADL_054
68,12.627235386313123,178.76162300540867,1.5105891314063407,0.15280133485794067,1.044847851788704,2.593972582565,33.82824406716806,3.2583144069681964,0.8910008156811661,2.9031607943543576,0.3295898139476776,0.09012782573699951,0.02970521331616638,0.2734536944688855,0.43704938978316843,3.1689170582324566,0.044209063053131104,0.03242443800532513,0.9298486922982605,0.0,ADL,ADL_054
69,12.768381163763507,178.76283230166865,1.5234411075669616,0.15410135686397552,1.0413365133000625,0.3733087852081473,4.234373323511544,3.2713760086813153,0.8643257799853175,2.8275346203287324,0.3309110403060913,0.08742955327033997,0.028931404426185026,0.26420783356649175,0.39184805139356627,2.2687852207687564,0.03963679075241089,0.0232142666994406,0.9290645490902028,0.02352429624173258,ADL,ADL_054
4,14.021002977289225,176.22232095367303,1.4376521439220582,0.13825024664402008,1.120633211442872,0.0,0.0,3.4006502218742973,0.8805410326693365,2.994412058116402,0.3270198106765747,0.08467626571655273,0.02769081638342641,0.2589323460527349,0.0,0.0,0.0,0.0,0.9221055390150599,0.0,ADL,ADL_055
5,13.83178339755785,178.96083673585295,1.4456646017079708,0.13902075588703156,1.1004722139645415,0.208539600995612,5.676587391941261,3.4636819283508813,0.9055044222668942,3.136379303447647,0.3330811858177185,0.08707684278488159,0.029003658052051406,0.26142749895527284,1.8909511942975188,4.259017359937345,0.18184125423431396,0.03938525005874993,0.9231567589024564,0.0,ADL,ADL_055
6,10.54889921247357,172.5835422062642,1.3829311852684771,0.1329880654811859,1.0940858630093973,0.8904957072474017,98.48652555252839,3.41034364086663,0.8485110358762046,2.893714215405571,0.32795196771621704,0.08159613609313965,0.026759613389785386,0.24880438393759588,1.6001486245275354,7.2799526412622795,0.15387654304504395,0.06732133986798061,0.9413950043751469,0.0,ADL,ADL_055
7,10.790385754317583,176.1145539735081,1.3603548907469616,0.13081704080104828,1.0175869424426596,2.2828857083309884,7.244596255320399,3.4402786343862735,0.8968017910652925,3.0852480410812686,0.3308306336402893,0.08623996376991272,0.028530821859115818,0.2606762927141386,0.8980498055893005,5.746014770270933,0.08635997772216797,0.05313625407991296,0.9400534124760134,0.04024775697400562,ADL,ADL_055
8,11.120358948952681,174.47977314469662,1.3195767057283814,0.12689565122127533,0.9899169387786801,1.2192175263557992,9.899195839052943,3.2848851756042676,0.9252978644371835,3.0394972379079914,0.3158873915672302,0.08898025751113892,0.028107741446174117,0.28168258121065315,4.661803763460175,1.3725240951983153,0.44829726219177246,0.012692412388251029,0.9382202280613741,0.05499553243917932,ADL,ADL_055
9,11.042998839519415,173.04672159382866,1.2714398217116731,0.12226662039756775,0.9948247008850355,0.1301954660072248,2.3208032829979963,3.1887431200547613,0.8601128912824636,2.7426790645473647,0.30664199590682983,0.08271181583404541,0.025362916292429816,0.26973326290869043,2.8842616664851883,8.904545200818804,0.2773618698120117,0.08234475461232904,0.9155582024051162,0.6798607696877357,ADL,ADL_055
10,12.769020516572127,176.0089147425315,1.233036645211788,0.1185736209154129,0.955383475056075,1.177393389259109,51.78065031158136,3.1646713464953438,0.8948354011584457,2.8318599538757994,0.3043271601200104,0.08605086803436279,0.026187616294759408,0.28275683722606887,0.7221532067825276,2.6754266798530413,0.06944507360458374,0.024741000069887775,0.9214763290098629,0.0,ADL,ADL_055
11,11.73652389323549,173.13677740098365,1.219157558436654,0.11723895370960236,0.9737389268137925,0.6008041710181651,30.974898700099125,3.133162621226769,0.9119354005107044,2.857241909853602,0.3012971580028534,0.08769527077674866,0.026422335855325052,0.2910581045633812,0.9452617580572387,0.7614586793340772,0.09090006351470947,0.007041586816969314,0.9316259391486772,0.0,ADL,ADL_055
12,10.320651787685215,175.76638880912174,1.1991395852202638,0.11531394720077515,0.9611523268954758,0.37998741696349353,42.476163166508236,3.0150868731213656,0.9053534952559195,2.729719439080669,0.28994253277778625,0.08706232905387878,0.025243072195414662,0.3002733953738629,3.5422724431621067,3.82567412318799,0.34063875675201416,0.0353779097973117,0.9173177691719104,0.4292450993030028,ADL,ADL_055
13,12.574570483685667,172.38075293140932,1.1965507376100442,0.11506499350070953,0.9552953051697869,0.15963088182319038,67.61756088001357,3.0766650935990354,0.8846095538193891,2.7216473357003315,0.29586413502693176,0.0850675106048584,0.025168425444000775,0.2875212403689098,1.8473466143300943,0.24216310141012443,0.17764806747436523,0.002239402542416613,0.903392388456667,0.4177614214573022,ADL,ADL_055
14,11.194385249690097,170.20353981932277,1.2104403613838906,0.11640067398548126,0.9654396457246827,1.072356557237356,41.40555701986712,3.0075901084489267,0.626918572769234,1.8855140982636667,0.2892216145992279,0.06028693914413452,0.01743628587851198,0.2084447622730794,2.0722495545032604,25.083997123099945,0.19927561283111572,0.2319641869646638,0.7656698345722073,4.131676616533793,ADL,ADL_055
15,12.745461605149586,173.84230036081084,1.21095946352636,0.11645059287548065,0.9741047776073358,0.6863676996834623,46.532290663784686,3.031274492349785,0.7152254400405843,2.168044632674674,0.29149919748306274,0.0687788724899292,0.020048986134604263,0.23594794474856406,0.7105315170257542,8.475916032330222,0.06832748651504517,0.07838100768276846,0.8061803026747766,0.0,ADL,ADL_055
16,13.950258738416837,176.56932765462236,1.2481714943041073,0.12002904713153839,0.9856784310464518,0.5121725162570786,36.143913998017524,3.0428961821065625,0.8123260525612296,2.4718238439642604,0.2926167845726013,0.07811644673347473,0.02285818346538626,0.26695727618733744,0.3486506927033206,9.113376338687589,0.03352761268615723,0.08427591992345995,0.8523093506324461,0.0,ADL,ADL_055
17,14.026058171950563,173.41113764099217,1.237279026840602,0.11898158490657806,0.960505076253955,0.7541546916967931,2.273983006011786,3.052499106874656,0.9001990434149936,2.7478567760336876,0.29354023933410645,0.08656665682792664,0.025410797163623045,0.2949045831662417,0.2880877430427997,8.280987962082818,0.02770364284515381,0.07657841094710349,0.8998859721001047,0.0,ADL,ADL_055
18,7.728142588560804,167.62527895462048,1.2248252240972393,0.11778397858142853,0.9839190621731391,0.5912186013067752,188.9374675016928,2.995297459803525,0.8632798792191172,2.5857800293245154,0.28803950548171997,0.08301636576652527,0.023911992942279525,0.2882107349023305,1.7160494121339287,4.862302401275165,0.16502201557159424,0.04496412664030558,0.9066918277847783,0.0,ADL,ADL_055
19,9.058403898485945,165.70728574657187,1.2123805637498188,0.11658725142478943,0.9996701707342945,0.8398251399078526,39.90783929775425,2.958324680878904,0.9094948456617812,2.690581049053397,0.28448405861854553,0.08746057748794556,0.024881140052892547,0.30743469591216005,1.1091833677386242,3.14403059186644,0.10666340589523315,0.02907441331839067,0.9175247149295727,0.0,ADL,ADL_055
20,10.214815656360695,172.92862309443697,1.2166077597040172,0.11699375510215759,0.9793097450597378,0.445575585274842,34.6923527362425,2.886855937550626,0.5797816189391989,1.6737460091173408,0.2776113450527191,0.05575406551361084,0.015477961119390926,0.20083424425172103,2.144062299848337,30.505051198081677,0.20618140697479248,0.28209536800504864,0.7342887908237989,5.497077723173212,ADL,ADL_055
21,13.598406406624436,177.91272912486357,1.2309569825687785,0.11837363243103027,0.9682561234982717,0.17237290247252102,101.50772250791222,2.891145115850194,0.9704736968597283,2.8057802887370853,0.2780238091945648,0.09332454204559326,0.025946444670854163,0.33566983578175474,0.12867534898703958,33.96102838859233,0.012373924255371094,0.3140545065438971,0.9123337913257968,0.0,ADL,ADL_055
22,11.766665606723702,173.22359008176323,1.2251077086362607,0.11781114339828491,0.9641962798765709,0.0380075741805645,54.952223997022024,2.8290905610483597,0.7547807133850247,2.135342991898921,0.2720564007759094,0.0725826621055603,0.019746577811172727,0.26679172078595953,1.8616366440550358,20.113118905144933,0.17902225255966187,0.18599600579044306,0.8059317638575014,3.1920608240488626,ADL,ADL_055
23,12.020649046078633,178.36765348221854,1.1966012532215202,0.11506985127925873,0.9445399736454114,0.9405619467195984,7.6195031806479285,2.734260981662052,0.6931058004485784,1.8951321463301922,0.2629372179508209,0.06665176153182983,0.017525228748700883,0.25348829870101336,2.8448873815892295,7.206325367061859,0.27357548475265503,0.06664047187415534,0.7627519054823602,1.295395751254238,ADL,ADL_055
24,12.64176647973356,176.71539069292942,1.1956629954684899,0.11497962474822998,0.9421087161482936,0.17675660384877742,18.63352300964781,2.7890698002901946,0.9337234345549837,2.604219833140543,0.268207848072052,0.08979049324989319,0.024082514971881963,0.33477826662068866,1.6442645588442772,21.272630604310518,0.15811890363693237,0.1967185866954324,0.8826003053990592,0.0,ADL,ADL_055
25,5.200750662559721,173.55653194742075,1.192404118704826,0.11466623842716217,0.9583232976969493,0.8678194661939778,223.23047451521518,2.718880372570343,0.9099091976405762,2.4739342582861914,0.261458158493042,0.0875004231929779,0.022877699515397865,0.3346619169789246,2.105682831595548,3.908567245630543,0.2024906873703003,0.036144463694522955,0.9012846962614205,0.0,ADL,ADL_055
26,10.932093253137134,176.3231850569279,1.2036413629644491,0.11574685573577881,0.9664885419641976,0.16499545381491879,171.9402777173224,3.0228991279317343,0.882371991151551,2.667321522563411,0.2906937897205353,0.08485233783721924,0.02466604765254843,0.2918949387389901,9.12056266084174,5.801617928316589,0.8770689368247986,0.053650444114516915,0.903070868514714,0.0,ADL,ADL_055
27,6.461939906371526,170.64324550433543,1.1282699012599822,0.10849884152412415,0.9593802516413624,0.054556860394215395,134.10460040296823,2.7843789763926323,0.8823447189195883,2.4567820852907682,0.26775676012039185,0.08484971523284912,0.02271908484788554,0.31688984548831817,7.15560454617306,6.316183118179284,0.688110888004303,0.05840888413988665,0.8912955997171341,0.3532580639273952,ADL,ADL_055
28,3.2718416476970513,173.89294824685751,1.1500878417859022,0.11059693992137909,0.9344072547802724,0.2468400417580473,95.70294776023425,2.772824537480581,0.6947226099275412,1.9263438995496365,0.2666456401348114,0.06680724024772644,0.017813859341495153,0.2505459668044195,0.34663316736154304,15.913145572233953,0.03333359956741333,0.1471567651917116,0.816783617682229,2.235359461047155,ADL,ADL_055
29,3.3794079999385755,178.3039265231351,1.1702802953045075,0.11253872513771057,0.94576644930441,1.0433162788731205,3.2269905672457266,2.732780843254629,0.5969993847476596,1.631468482073204,0.2627948820590973,0.05740979313850403,0.015086999816870339,0.21845773491075393,1.20131082677855,8.846262524292976,0.11552274227142334,0.08180578573874442,0.7649118893703237,1.556151849357157,ADL,ADL_055
30,2.0913240295543676,176.74446027069888,1.0767847309464147,0.1035478264093399,0.9343942384877448,0.19019127720761198,38.64251911152624,2.756785985792775,0.8419855345557058,2.3211739219034073,0.2651033103466034,0.08096861839294434,0.021465048770160422,0.3054217348902556,0.7201542761443669,20.691163194906103,0.0692528486251831,0.1913414685987025,0.8919966997808453,0.0,ADL,ADL_055
31,10.230056474967618,177.1318085263988,1.0622531250304037,0.10215041041374207,0.9037692265082756,0.08898030545378978,244.1619733623975,2.650602480381686,0.5574865693097973,1.4776752833920253,0.2548922896385193,0.05361008644104004,0.013664797680675633,0.21032364766082304,3.1855051623326602,25.30495915534146,0.3063306212425232,0.23400753268454366,0.7001105439903005,5.756584673716344,ADL,ADL_055
32,6.089581297026855,175.6336615083246,1.1143557944597147,0.10716080665588379,0.9156469033514288,0.7535038770704134,124.21425533822291,2.6334510356827705,0.548267315259541,1.4438351292012503,0.25324293971061707,0.05272352695465088,0.013351860957907746,0.20819265019687455,0.5145433409674682,1.0152046257232472,0.04948049783706665,0.00938810168303661,0.7172289201583433,0.0,ADL,ADL_055
33,2.029937039926265,177.632347376695,1.0983406411072851,0.10562072694301605,0.8828033882753225,0.6395415873154552,121.78932771301771,2.568262653499055,0.658848777986321,1.6920967108057587,0.2469741702079773,0.06335747241973877,0.01564765917733979,0.2565337736841544,1.955651465511461,7.447847448135252,0.18806308507919312,0.06887394658296131,0.7829512333731617,0.0,ADL,ADL_055
34,3.2669625451780075,178.58417019831057,1.0455185116040981,0.1005411446094513,0.8531530486767882,0.9867790825443502,37.11076515755228,2.541850736490213,0.6403005611345045,1.6275484528948367,0.24443429708480835,0.061573803424835205,0.015050749358987758,0.2519022586311329,0.7923575102652647,1.93644773732766,0.07619619369506836,0.017907294550560948,0.7648549557167205,0.5428883296932385,ADL,ADL_055
35,3.3207040736303957,176.91416743454838,1.086648756344377,0.10449638962745667,0.8749362790893014,1.338734983814497,1.6122458535716433,2.5019750144202124,0.7483760776379965,1.8724182476400681,0.24059969186782837,0.07196676731109619,0.017315182039773447,0.29911288597054586,1.196271662100017,7.346093842356942,0.11503815650939941,0.06793298042357065,0.8071353479778816,0.0,ADL,ADL_055
36,0.0845404917172455,178.7020525998768,1.0921710734050707,0.10502743721008301,0.8811596164761238,0.08764613546971173,97.08490745739451,2.547187726338252,0.6855975690422466,1.7463457130717526,0.24494752287864685,0.06592974066734314,0.016149326660497287,0.26915753519365476,1.3563813575411832,3.7821760370494673,0.13043493032455444,0.034975661378284784,0.8031920292325362,0.1182995623603611,ADL,ADL_055
37,2.1079622824178004,177.6951197979437,1.0591516834239785,0.1018521636724472,0.8769156852886757,0.10582710692521416,60.702653721016645,2.472605919713792,0.7465705319173835,1.8459747167027971,0.23777544498443604,0.07179313898086548,0.01707064556800475,0.30193545447937364,2.237454198733797,2.9888701089313363,0.21516233682632446,0.02763956722522387,0.809274693612964,0.0,ADL,ADL_055
38,2.971084286349543,177.47501429653983,1.0559255023474972,0.1015419214963913,0.8677709650087262,0.4493782021632595,25.89366011795228,2.330386498528342,0.7644722729069965,1.7815158632817385,0.2240990698337555,0.07351464033126831,0.016474562517400315,0.3280438082228345,4.266582635563498,1.9337656026317585,0.41029125452041626,0.017882491518133037,0.7932712036470152,0.4801046989784641,ADL,ADL_055
39,2.2943736139714637,177.91111478953894,1.0344514088825143,0.0994768887758255,0.8247026872846072,0.9757756666826336,20.301320171342383,2.314326253019656,0.756396593128807,1.7505484931726254,0.22255465388298035,0.07273805141448975,0.016188191856674194,0.3268308404905111,0.48180736526057366,0.929021103273393,0.046332478523254395,0.008591119821783622,0.7916459750587864,0.04875685764686333,ADL,ADL_055
40,0.6544238528673586,177.830720898192,1.018979375831385,0.0979890376329422,0.777003243670344,0.7176997752677339,49.198492833123154,2.3076377381308357,0.6466522019762418,1.492239024725779,0.2219114601612091,0.06218460202217102,0.013799475834283648,0.28022131779800374,0.20065544666461488,7.74928405340539,0.019295811653137207,0.0716614806717164,0.7558409056062907,1.074152083574872,ADL,ADL_055
41,0.747034054523649,176.81102835732898,1.014715145425828,0.0975789725780487,0.8084388297713827,0.8257861386816656,2.7783060496887124,2.2997281710382365,0.6925879379530164,1.592763991831834,0.22115084528923035,0.06660196185112,0.01472908016129626,0.3011594217720207,0.23728701277797803,3.0157490131816456,0.022818446159362793,0.02788812981037836,0.7728060948117573,0.0,ADL,ADL_055
42,1.118552169040001,174.07544439054075,1.0173419572225866,0.09783157706260681,0.8091262139815302,1.3663016319175727,11.145543435490563,2.2530523658577506,0.7670247058893116,1.7281468282752588,0.21666231751441956,0.07376009225845337,0.015981032528793904,0.34043645737836736,1.400274155414576,4.061485093302746,0.13465583324432373,0.03755857102492932,0.7942830237727185,0.0,ADL,ADL_055
43,0.4842517404155894,171.50043174942243,0.9674325330841749,0.09303209185600281,0.8108818639141208,0.6765775882323531,19.02901285873235,2.232087457359978,0.7167495859132198,1.5998477607848558,0.21464625000953674,0.06892544031143188,0.01479458729310501,0.3211102881978201,0.6289472549331832,3.8489720247120895,0.060482025146484375,0.0355933570706668,0.7754977511268639,0.5635581793756383,ADL,ADL_055
44,4.305203099241884,175.01929291908624,1.0071870796689781,0.0968550443649292,0.8033719279932912,1.1229806378178775,114.62854076478884,2.1975890136625065,0.3738812262094193,0.8216372751324862,0.21132874488830566,0.03595387935638428,0.007598088198250252,0.17013165551014608,1.0349533109241404,23.34631456957109,0.09952515363693237,0.21589497284564274,0.618951837722231,4.69637740213899,ADL,ADL_055
45,0.08831150704659936,174.6430784017337,0.932809969740101,0.08970265090465546,0.8021485514515612,2.9426908739063604,126.50674776585853,2.3039562967276157,0.5977103222490475,1.3770984605647854,0.22155743837356567,0.0574781596660614,0.012734713818039367,0.25942663293712387,3.191018491953277,16.663835562968977,0.3068608045578003,0.15409876859367344,0.738964864380277,0.0,ADL,ADL_055
46,1.0391002252719026,178.18047468399732,0.8854174936912802,0.08514520525932312,0.777744552520963,0.9903957523966594,28.523661546759097,2.0874401877064055,0.7157780126495532,1.4941437890813012,0.200736403465271,0.06883201003074646,0.013817090136857502,0.34289578744429106,6.495483270636306,3.511359855495475,0.6246310472488403,0.03247128956454404,0.754035022825288,0.0,ADL,ADL_055
47,0.9762826208163762,178.31192872469276,0.9202022958243588,0.08849024772644043,0.7680139441214086,0.8487087595579331,1.8845281336657926,2.0758724225900997,0.6674423202600724,1.3855251062974336,0.19962400197982788,0.06418386101722717,0.012812639198775955,0.32152215594574146,0.3470329534891725,3.2585604835160265,0.03337204456329346,0.03013352814244641,0.7354969509747933,0.5561421555148416,ADL,ADL_055
48,7.496097696859705,171.61176681841678,0.8948062694561221,0.08604806661605835,0.7227341363145064,0.5037212234659502,195.59445228129985,2.037975176984293,0.49813816370679437,1.0151932123429848,0.19597965478897095,0.047902911901474,0.009387996137837362,0.24442673667487816,1.1369173681742062,11.109956818633467,0.10933041572570801,0.10273929182815777,0.6348809394723953,3.018480345071939,ADL,ADL_055
49,0.5258711972246654,173.02001412211936,0.7814557454499605,0.0751478374004364,0.6804706993450101,1.1256675724896446,209.1067949890512,1.9798186918827447,0.6350639826859641,1.2573115434631714,0.19038709998130798,0.06107023358345032,0.011626984667134188,0.3207670730967224,1.7446945530464442,7.2635499336056,0.16777664422988892,0.06716965587890478,0.7157049406429598,0.0,ADL,ADL_055
50,1.8590067386987599,173.73376621795526,0.772407562672924,0.07427772879600525,0.7466501792311834,1.542997802979615,39.994066244222836,1.8930722301560712,0.6196043461039086,1.1729557812933202,0.18204522132873535,0.059583574533462524,0.010846905013501384,0.32729915566809664,2.6023938518002065,2.5306728650955357,0.25025635957717896,0.02340238960898411,0.6936305089017313,0.6622329522368542,ADL,ADL_055
51,0.01000707355523614,172.93840429260314,0.8694244990273204,0.0836072564125061,0.6869664491397315,0.33770770962833774,55.46998995430571,1.897613366689566,0.7314105799751895,1.3879344930990873,0.18248191475868225,0.07033529877662659,0.01283491999588282,0.38543498096596546,0.13623409600484582,6.449361354173013,0.013100802898406982,0.05964044947144309,0.7412841024406664,0.0,ADL,ADL_055
52,0.14635937444617247,175.62940658834884,0.8418919412141979,0.08095961809158325,0.6562238256599237,0.7764311466225838,4.09056902672809,1.8504637064787302,0.6505248589149268,1.2037726415842684,0.17794781923294067,0.06255701184272766,0.01113188383514263,0.35154496732478197,1.4144898063250766,5.524855545444567,0.13602286577224731,0.0510910848222057,0.7085037775449541,0.983409746871371,ADL,ADL_055
53,1.567612974246172,176.16512929390765,0.7952522407498894,0.07647456228733063,0.6124788556802333,0.2517025567522829,42.637607993999985,1.8856303198592845,0.5771641044942458,1.0883181349687823,0.18132957816123962,0.055502355098724365,0.010064218637007016,0.3060838147737638,1.0549984014166314,3.4636351984645852,0.1014527678489685,0.03202995594406843,0.680532224807377,0.8391465821273136,ADL,ADL_055
54,0.33924101399094825,174.63408155495858,0.7980992448285731,0.07674834132194519,0.6163679379404413,0.09147199573764284,36.85115880765671,1.850652752632107,0.6815113829237637,1.261240916757977,0.17796599864959717,0.06553679704666138,0.011663321534705062,0.36825252740087,1.0493270168153246,5.1876834536758425,0.10090738534927368,0.04797308693094138,0.717425030411742,0.0,ADL,ADL_055
55,1.7482610650556258,170.5781657347633,0.8550334380794348,0.08222335577011108,0.6639051427656998,0.9739068989697437,42.27060153194033,1.9588209327419264,0.6624629685448153,1.2976463299519407,0.18836787343025208,0.06370502710342407,0.011999980482288564,0.33819296120073855,3.2450454032945797,1.092162395818912,0.3120562434196472,0.01009976842750504,0.7159274626223165,0.044927033682763406,ADL,ADL_055
56,1.6724794438290898,172.6567011936922,0.817652195498829,0.07862862944602966,0.6779064897170748,0.20035793140684077,2.2734486367960827,1.9111357450670983,0.6773157979657036,1.2944424321909012,0.18378227949142456,0.06513333320617676,0.011970352447505661,0.35440293255413324,1.430555630244843,0.09611693283118727,0.13756781816482544,0.0008888410434870764,0.7157913648494851,0.00408293318494235,ADL,ADL_055
57,0.9412097053524963,173.58011099876754,0.8700300665415802,0.08366549015045166,0.7008005987144723,1.2877297118099529,21.938092154297806,1.9008742578794542,0.6692642913022083,1.272187263054304,0.18279549479484558,0.06435906887054443,0.011764547838726713,0.3520804320825478,0.3078446156293224,0.6676550740979126,0.029603540897369385,0.006174138263368434,0.7159841551398776,0.0,ADL,ADL_055
58,1.2716980600990249,174.1611548912914,0.8936329436582778,0.08593523502349854,0.724550528945559,0.4549194238392909,9.914650642395857,2.0986013486370876,0.68654094033877,1.440775743289517,0.20180970430374146,0.06602045893669128,0.013323569296010973,0.32714052093750756,5.931812722729002,5.057654407056387,0.5704262852668762,0.04677064371852779,0.7434629596700195,0.0,ADL,ADL_055
59,1.8210247149177619,176.64394482567974,0.9065544031974532,0.0871778130531311,0.720682985550367,0.23234082161749192,16.47979964456211,2.0257727126514036,0.6929437166154372,1.4037464725227995,0.19480621814727783,0.06663617491722107,0.012981141227424331,0.3420621450835713,2.1848590795705203,1.110878123001524,0.2101045846939087,0.010272842057599263,0.7339723446445859,0.2847184507630074,ADL,ADL_055
60,2.2787360537123327,177.1026284344224,0.8963719435001551,0.08619862794876099,0.7081177695412028,0.408748774773566,13.731340163837125,2.001456418739503,0.7407730132432494,1.4826249021847042,0.19246786832809448,0.07123562693595886,0.013710569265379391,0.37011506096937274,0.7294888173570113,2.3663528898571418,0.07015049457550049,0.0218828411386518,0.7451452061867347,0.0,ADL,ADL_055
61,1.6696864901841713,176.94195938847125,0.9398655750693722,0.09038114547729492,0.71764166681895,1.3516490054722279,18.271486905844842,1.914663780165529,0.5856327523420777,1.1212898193880256,0.18412154912948608,0.05631673336029053,0.0103691241882089,0.305865488103172,2.6037791572192237,10.840052483900358,0.25038957595825195,0.10024335231511472,0.6856984003704807,1.7834041744876217,ADL,ADL_055
62,3.1094389151961286,177.36887571218531,0.9456308629239143,0.09093555808067322,0.7265740975660091,0.08203053497923694,43.19257275035872,1.9118773638294442,0.6921924905895591,1.3233871541709035,0.18385359644889832,0.0665639340877533,0.012238018675820861,0.3620466138645301,0.08359249008254688,6.0629200434863355,0.008038580417633057,0.05606683462835882,0.7128412827118544,0.0,ADL,ADL_055
63,3.5970602910081326,176.31880448927095,0.9759042800492752,0.09384676814079285,0.7430646555074224,0.6066243132483592,14.628641274360122,1.8259732421763417,0.6451364237202313,1.1780018472664806,0.17559272050857544,0.0620388388633728,0.010893568493212769,0.3533089832807718,2.577123649593074,4.361559207132686,0.24782627820968628,0.04033350547824277,0.6848520863176677,0.839675891825602,ADL,ADL_055
64,12.177124006583316,169.5454823810456,1.0315749631897801,0.0992002785205841,0.7540053142444526,1.1369545575814266,257.4019114672555,2.1110477134990058,0.610903574372668,1.2896465938477903,0.2030065953731537,0.05874687433242798,0.011926002947040715,0.2893826421836276,8.552234139679921,3.349342397439292,0.8224162459373474,0.030973033614838386,0.65659830850393,0.8476133344121317,ADL,ADL_055
65,17.916697316899906,177.8741471336919,1.0945942731972904,0.1052604615688324,0.7482130640696748,0.2347488357350962,172.18719930949771,2.1787959665464807,0.6857608925222951,1.4941330666428911,0.20952153205871582,0.06594544649124146,0.013816990981140975,0.31474154995779235,2.032447591424247,6.134594183853024,0.195448100566864,0.056729641023007815,0.6602687300772444,0.0,ADL,ADL_055
66,17.159282919649176,177.35820024924158,1.0858460849718423,0.10441920161247253,0.7480728290132763,0.02177439792829796,22.722431917521924,2.1655676943977262,0.6923843259484777,1.4994051283813685,0.20824944972991943,0.06658238172531128,0.013865744356003518,0.31972263114755406,0.39684816446263316,0.15816185215432155,0.0381624698638916,0.0014626012458762716,0.6653933153873413,0.0,ADL,ADL_055
67,16.433142179742497,174.92804791689827,1.073891240108704,0.10326957702636719,0.7468440290163264,0.13425376007029144,21.78422219720037,2.1360303176236277,0.6835862419350069,1.460160937483575,0.20540902018547058,0.065736323595047,0.013502833820253635,0.3200249118114676,0.8861213032229553,1.1773257269338089,0.08521288633346558,0.010887316072496489,0.662603491007498,0.08369473139529626,ADL,ADL_055
68,17.481736922144556,171.84237229122397,1.0725734954461488,0.10314285755157471,0.7559885943404124,0.03180624052634813,31.457842272061782,2.149299498120326,0.6941185919719157,1.4918687413612255,0.20668503642082214,0.06674915552139282,0.013796051639998197,0.32294951646123066,0.3980754149009469,0.9512341163295179,0.038280487060546875,0.008796534592336869,0.6622914466210493,0.00936133159346153,ADL,ADL_055
69,17.680902929629852,177.185078199259,1.0839977714329243,0.10424146056175232,0.7557205206966895,0.02639518177559262,5.974980224558877,2.1846759217399563,0.6871864864657932,1.5012797707268983,0.21008697152137756,0.06608253717422485,0.013883080105381751,0.31454698094174616,1.0612927085889101,0.2823308809701852,0.1020580530166626,0.0026108539615066206,0.6628213968821377,0.0,ADL,ADL_055
70,18.10704231758037,175.01837025974032,1.0763209480471876,0.10350322723388672,0.7466649000382086,0.1467494008967784,12.784181638515513,2.1624726059817014,0.7031543782798784,1.5205520808063313,0.20795181393623352,0.06761807203292847,0.014061300734118376,0.3251606494426318,0.6660994727476455,0.5781693023829892,0.06405472755432129,0.005346618862098751,0.6638051035353902,0.0,ADL,ADL_055
71,18.118408743469136,174.42734471805073,1.082637878775518,0.10411068797111511,0.729920059524917,0.11217254953241457,0.34099277666300054,2.2256583385865287,0.7183512097175672,1.5988043599416235,0.214028000831604,0.0690794587135315,0.014784938446986473,0.32275746952574225,1.8955719781448188,2.347568374058766,0.1822856068611145,0.021709131386042912,0.6773487814366952,0.0,ADL,ADL_055
72,19.81208156633126,174.2807573565611,1.0714258923216329,0.10303249955177307,0.696444324526042,0.31864813842722295,50.81018468586368,2.1905326335539184,0.7573443031895064,1.6589874109727665,0.21065017580986023,0.07282918691635132,0.015341481028018578,0.34573358841390484,1.053771150978311,1.805491530934289,0.10133475065231323,0.016696277430963136,0.67840436178004,0.0,ADL,ADL_055
73,19.131988589664015,176.18053016911426,1.071334468362213,0.1030237078666687,0.717110633074997,0.6619342591388138,20.402789300017297,2.1043201497326023,0.7367336237955204,1.5503234095384322,0.2023596465587616,0.07084718346595764,0.014336611005854927,0.35010356346823096,2.5863745146394823,3.259920043030029,0.24871587753295898,0.030146100664909525,0.6632877173615949,0.4534993325533554,ADL,ADL_055
16,15.102293996802883,178.67789567807114,1.4187817271052228,0.15597911179065704,0.9967333816118489,0.0,0.0,3.090534988670214,0.7803831427982646,2.4118014073864606,0.3397696018218994,0.0857943594455719,0.02915031534738688,0.2525067177252242,0.0,0.0,0.0,0.0,0.9160983666844285,0.0,ADL,ADL_056
17,17.440661144312042,175.86851296639304,1.4101698869298198,0.15503233671188354,0.9855338011807084,0.008754564378697078,70.15101442527475,3.0913607017247893,0.7316343560886973,2.26174569644432,0.33986037969589233,0.08043497800827026,0.02733666216672148,0.2366699566754052,0.024771391637257167,4.501671328264223,0.0027233362197875977,0.05440959541996193,0.9031074380871553,0.389727857918194,ADL,ADL_056
18,18.097980224820915,177.60769713421803,1.4169130294881134,0.15577366948127747,0.9859688863588416,0.3198892613432881,19.719572415266207,3.122994511607807,0.748029883654957,2.336093221173057,0.34333816170692444,0.08223748207092285,0.02823526591763681,0.2395225807102106,0.9490142964905335,2.2304257418621187,0.10433346033096313,0.026958112527459832,0.8994556654176615,0.10955318008481374,ADL,ADL_056
19,19.071449153761986,174.32158637870353,1.4174787757602405,0.15583586692810059,0.9803726879679506,0.06888170951004575,29.20406786823211,3.1345460908575182,0.6957689701118118,2.180919905403941,0.3446081280708313,0.07649198174476624,0.026359758641492093,0.22196736973561537,0.34654737749133524,4.655199473073486,0.03809899091720581,0.0562652182843415,0.87706108211223,0.6718374991629461,ADL,ADL_056
20,17.243492255680728,178.529845016496,1.4173252083126315,0.15581898391246796,0.9751238800167965,0.051213998304547,54.83870694243773,3.177298021298761,0.701707543941944,2.229533990897152,0.34930822253227234,0.07714486122131348,0.026947334350715835,0.2208497693306284,1.282557913237281,1.4584225647963267,0.1410028338432312,0.017627271276712264,0.897983076662657,0.0,ADL,ADL_056
21,17.139908956208203,175.83097976397949,1.4080269907720988,0.1547967493534088,0.9708737348670395,0.14724990239004057,3.1074989841757628,3.1794327850232458,0.7087702911264175,2.253487500657802,0.34954291582107544,0.07792133092880249,0.02723684921751257,0.22292286434385794,0.06404291173454535,0.7186052928195075,0.007040798664093018,0.008685446003902086,0.9038635808617083,0.0,ADL,ADL_056
22,16.882314342384685,178.42681484816498,1.4469294339410181,0.1590736359357834,0.9823564595153513,0.5496020367477163,7.7278384147055235,3.175359791377483,0.737803077779412,2.342790227135298,0.3490951359272003,0.08111315965652466,0.028316209495779177,0.23235192632851087,0.1221898093728857,2.679081794324878,0.013433396816253662,0.03238080834799817,0.9062093647645295,0.0,ADL,ADL_056
23,14.31671725092012,173.5760489070415,1.4641169249639234,0.16096320748329163,1.0299318716494985,1.6869716194203206,76.96791274393694,3.1532417416240643,0.5420293859993373,1.7091496851199721,0.3466635048389435,0.059590041637420654,0.02065769268752682,0.17189542282416695,0.6635414926025573,19.009216260459777,0.07294893264770508,0.22975550424757074,0.7989921738729764,3.216515726746594,ADL,ADL_056
24,15.179661724364092,173.5518022864164,1.454873194726073,0.1599469631910324,1.0120730482629507,0.32862756085551287,25.888334203319125,3.265636306245147,0.6310079645225146,2.060642518474573,0.35902002453804016,0.06937223672866821,0.024906022132585193,0.19322611208614013,3.371836938632473,10.544785000638031,0.3706955909729004,0.12744988335175123,0.872044001189493,0.0,ADL,ADL_056
25,15.493741354722737,176.522418469045,1.5017413562497843,0.1650995910167694,1.0552722625321809,2.142021921148138,9.422388910759345,3.290131466233487,0.6987711933814842,2.299049091041946,0.3617129921913147,0.07682204246520996,0.027787530846339337,0.21238338611069793,0.7348547996502086,7.152197177021189,0.08078902959823608,0.08644526141262432,0.9139236591404292,0.0,ADL,ADL_056
26,16.280162927011002,174.69376087959762,1.4970622252468213,0.1645851731300354,1.031129779065181,0.24682748114987,23.592647168647964,3.245187302872891,0.7429004869318201,2.41085122748923,0.35677188634872437,0.08167356252670288,0.029138830967472273,0.2289231207073057,1.3483249008178877,3.354064093418523,0.14823317527770996,0.0405390036339881,0.9095546504054944,0.13107026204804195,ADL,ADL_056
27,7.178235732469411,176.15912170236723,1.4707562434579022,0.16169312596321106,1.0891180942554266,2.3175482939002126,273.05781583624776,3.2715713560208766,0.5559678344038533,1.8188884419046045,0.35967251658439636,0.06112241744995117,0.02198405370394596,0.16993860996604396,0.7915215944395726,17.75888356753877,0.08701890707015991,0.2146433179057894,0.8629545109605443,1.3980041833485035,ADL,ADL_056
28,14.826421095848515,178.86878943509302,1.4612945640093233,0.16065292060375214,1.0522661085864444,0.4462632076161754,229.4455609013731,3.1638884521357014,0.7183329482876784,2.2727253198759776,0.3478339910507202,0.07897263765335083,0.027469367738767403,0.22704052118159468,3.230487116555256,13.615106339141192,0.3551557660102844,0.16455942104464327,0.9176309939119527,0.0,ADL,ADL_056
29,13.619600216430008,178.692477262786,1.4724187838924756,0.1618759036064148,1.094967889022731,3.4888667191170537,36.2046263825552,3.391869832504157,0.7294968815531337,2.4743584654459325,0.3728979825973511,0.08019998669624329,0.029906413243363517,0.21507161574329542,6.839441411053668,6.048994367098648,0.7519197463989258,0.07311136513788341,0.9243355543531666,0.0,ADL,ADL_056
30,15.796921539713903,177.71405042607412,1.5729904170748683,0.17293262481689453,1.0628022180060703,1.761582628145222,65.31963969851685,3.46500995513775,0.834792645202396,2.892564826102078,0.38093891739845276,0.09177607297897339,0.034961077883691516,0.24092007371067425,2.1942036790077912,12.546190819684364,0.24122804403305054,0.15163993920983998,0.9122393247793672,0.3628868872139823,ADL,ADL_056
31,2.3010356200206883,170.39387439430672,1.47304471017055,0.16194471716880798,1.0923249837615416,2.256026436468867,404.87657759079644,3.175455483008561,0.7690500549214976,2.4420842136085046,0.3491056561470032,0.08454841375350952,0.02951632945960725,0.2421850522320249,8.686634163875668,13.514418374807203,0.9549978375434875,0.163342452722528,0.9872164687776628,0.0,ADL,ADL_056
32,12.228009218771513,178.24179522488367,1.469153883029276,0.1615169644355774,1.0336277914742131,0.8903794528580118,297.80920796252474,3.0314092171513414,0.6756425532579222,2.0481490634457313,0.3332693874835968,0.0742793083190918,0.02475501958620896,0.22288001307271185,4.321387975716591,11.818054504883198,0.47508805990219116,0.14283929620194868,0.8856751151281484,3.04624060948543,ADL,ADL_056
33,12.147098897354427,178.5985601298505,1.5345912359827119,0.16871106624603271,1.053497358978395,3.8716644177584483,2.427309642512583,3.1923747392752277,0.908367853014122,2.8998505879319563,0.3509657382965088,0.09986484050750732,0.035049137478580406,0.2845421791028473,4.828965663716591,25.551045734586747,0.5308905243873596,0.3088235367711434,0.9325161172369199,0.0,ADL,ADL_056
34,12.364022385111113,177.22882874965458,1.5357888723172863,0.16884273290634155,1.0772866237618386,2.0635561390693096,6.507704632700584,3.0170050514035025,0.9108487873133583,2.7480353923891565,0.3316858112812042,0.10013759136199951,0.033214218230650516,0.30190404910945595,5.261090636151757,4.554455866283993,0.578397810459137,0.05504757743789668,0.9313109867493827,0.036153914626113615,ADL,ADL_056
35,12.88236394637352,174.94094244137838,1.647340103611782,0.1811065375804901,1.0823131452045385,2.80027326593059,15.550246837872201,3.1463698355395318,0.9612178258046711,3.024346772494709,0.3459080159664154,0.1056751012802124,0.03655386462088828,0.30549970195189274,3.8809435240808776,8.289341403166578,0.42666614055633545,0.10018939170713281,0.928431311409036,0.08639026021040164,ADL,ADL_056
36,13.347446793909974,175.40076367732328,1.5181948951731286,0.16690847277641296,1.0342642899154944,1.6262101444965535,13.952485426093624,2.9672104337797687,0.9514827610588042,2.8232495761752663,0.32621145248413086,0.10460484027862549,0.034123296884160936,0.32066476764468144,5.3747820527928925,6.0329158895832835,0.5908969044685364,0.07291703210182021,0.9258475178116112,0.07751380792274332,ADL,ADL_056
37,14.481199857350935,177.8407946862926,1.4463470161807572,0.15900960564613342,0.9749837310840272,0.3119357416383501,34.012591903228845,2.9560920421404355,0.9281567738887121,2.7437168531511613,0.32498911023139954,0.10204041004180908,0.0331620220671347,0.3139800468671316,0.3335517491799944,2.385981690723149,0.0366702675819397,0.028838244510787092,0.9195488896813837,0.1889588439068257,ADL,ADL_056
38,14.85614110513543,175.36538226453206,1.3419249469421635,0.14752957224845886,0.9040896509697004,0.3334785572808661,11.248237433534847,2.796894511002084,0.9165664300405755,2.5635396171492615,0.3074871301651001,0.10076618194580078,0.030984304104208604,0.3277075505051081,4.77592593415054,5.405317080056995,0.5250594019889832,0.06533153888778287,0.9174658827492477,0.062490207964081,ADL,ADL_056
39,15.576411041304485,178.1764219148312,1.2703660404107826,0.1396624743938446,0.8422759747257317,0.3476127262452652,21.608098085071656,2.7205686431887903,0.8826980985853764,2.4014407684137424,0.2990959584712982,0.0970427393913269,0.029025091150929327,0.32445244474339674,2.289776034398816,4.862965462065572,0.2517351508140564,0.058776388598378304,0.913464383103864,0.12004498936150965,ADL,ADL_056
41,12.617209514504921,132.19835935211617,1.5492710912172554,0.17032495141029358,1.0265574540187192,5.540159148866275,44.388022901993466,2.544312249013219,0.977623383371922,2.487379149234927,0.2797185480594635,0.10747870802879333,0.030063788157121074,0.38423738624783293,2.643845912633569,1.2890757123177665,0.29066115617752075,0.0155804550928762,0.9299043915860838,0.0,ADL,ADL_056
42,12.997007568997487,149.27081535797424,1.4527938670881475,0.1597183644771576,0.9405976347127942,2.1648211977256366,11.393941634776983,2.5152455772217404,0.871075496085403,2.1909687889550433,0.27652299404144287,0.09576496481895447,0.026481214796010732,0.34631701726614766,0.8720001537443611,8.892310808396507,0.0958666205406189,0.10747720083331025,0.9130335302169043,0.5061258410753877,ADL,ADL_056
73,9.47073359215191,147.45862141026606,1.7589577497777062,0.19337764382362366,1.1641579532929802,0.2809553683935797,3.412523203398945,3.1869154368438117,0.8739375704223061,2.7851651340166232,0.350365549325943,0.09607961773872375,0.033662988048054565,0.274226001093905,0.6500030899568432,0.5750287210273354,0.07146053737209689,0.006950103147139192,0.9473848133769338,0.0,ADL,ADL_056
74,13.323126000072774,165.172552918073,1.5709540557925408,0.17270874977111816,1.0008101703931223,6.123966199805166,115.57177223762591,3.175895989808852,0.9362124911713174,2.973313496319942,0.3491540849208832,0.10292604565620422,0.03593704928561703,0.29478604236718126,0.33058341104879485,5.6444508690995665,0.036343932151794434,0.06822183712687391,0.9259826333329291,0.6420654013201421,ADL,ADL_056
75,13.250784821630896,175.59743890496802,1.5733905327900861,0.17297661304473877,1.0651922045936157,0.020127772259428953,2.170235353256338,3.2606934133242254,0.9312647187904542,3.036568734621271,0.3584766089916229,0.10238209366798401,0.03670158575956162,0.2856024786484685,2.5439227054612035,1.897657149039862,0.2796757221221924,0.022936094218337644,0.9263845287687172,0.0,ADL,ADL_056
76,14.13114441673972,174.50135832989253,1.5507490254173686,0.1704874336719513,1.069900612356229,2.249300914182585,26.410787853264743,3.2797254757456393,0.9300402454262005,3.0502766863930364,0.36056897044181824,0.10224747657775879,0.03686726735991641,0.28357180286664363,0.5709618726424193,0.4112385531529661,0.06277084350585938,0.004970448010643835,0.9214936421292238,0.14672659918480324,ADL,ADL_056
77,15.080030141457677,178.07731121536236,1.4479257925529985,0.15918317437171936,0.9940588954015926,4.214275697563491,28.46657174153867,3.1551672307332725,0.9324046148490521,2.9418924865562075,0.3468751907348633,0.10250741243362427,0.035557278239650714,0.2955158502417261,3.7367473503710036,3.251525995104867,0.4108133912086487,0.03929967360797093,0.9162220547696796,0.1581476207863275,ADL,ADL_056
78,16.72284768226258,174.99898439926454,1.4745154607213047,0.16210640966892242,0.9770508600720983,3.1388223953341847,49.284526224147065,3.2978214951015743,0.8920688303222645,2.9418837637468824,0.36255842447280884,0.09807294607162476,0.03555717281113502,0.27050171489606395,4.279627931049053,0.0002616842797520391,0.4704970121383667,3.162855470861814e-06,0.9070952906540968,0.27380292346748325,ADL,ADL_056
79,16.610064699002095,175.5476622698949,1.501937754512437,0.1651211827993393,0.9927274805402838,1.2609581705621162,3.383489497814516,3.3435133001576793,0.8450064391847633,2.825290268133137,0.36758172512054443,0.09289896488189697,0.034147961773200564,0.25272940900971846,1.3707541516831512,3.4978048684123664,0.15069901943206787,0.04227633113803364,0.9077218627833217,0.0,ADL,ADL_056
80,18.484942949960928,172.04136917016132,1.4459448673572304,0.15896539390087128,1.0007041776799448,1.5768950693526438,56.24634752876499,3.318952538541234,0.7944050841840049,2.636592770782566,0.3648815453052521,0.08733591437339783,0.031867263397212575,0.2393535001799954,0.7368228484933548,5.660924920517125,0.08100539445877075,0.06842095127963965,0.8973058725002171,0.31247970849313744,ADL,ADL_056
81,18.76199151841481,176.97964969801225,1.396296362450639,0.15350709855556488,0.9955087727070413,2.344621164143299,8.311457053616458,3.2867738556313957,0.8247545117779294,2.710781566625734,0.3613438606262207,0.09067249298095703,0.03276394866634291,0.2509306284966087,0.9653604872951549,2.2256638752950453,0.10613054037094116,0.02690055807391012,0.8957667137865843,0.04617476140898247,ADL,ADL_056
82,19.593767722198915,177.93796853236248,1.4306511489539129,0.15728402137756348,0.9962630558896926,1.2909383856871204,24.95328611352317,3.261266478786265,0.8202437221429543,2.675033355459692,0.3585396111011505,0.09017658233642578,0.03233187676133298,0.25151009270463204,0.7652213053539247,1.0724463349812696,0.08412748575210571,0.012962157150298026,0.8911457348766727,0.13862936729734932,ADL,ADL_056
83,15.656734271874532,176.01171982762594,1.4427223906874127,0.15861111879348755,1.015105090454489,0.7877725427177228,118.1110035097315,3.2678304367322557,0.7934289211145611,2.5927911778017987,0.35926124453544617,0.08722859621047974,0.03133785403365685,0.2427992296359253,0.1969187383797255,2.4672653297367964,0.02164900302886963,0.029820681830283746,0.9130181429340304,0.0,ADL,ADL_056
84,16.787024723474286,175.85598938310667,1.4511738863875099,0.15954026579856873,1.0054222088218874,0.9688086389872776,33.90871354799261,3.243959034373127,0.7850945324530643,2.5468145013880634,0.3566368520259857,0.08631232380867004,0.030782155454171622,0.2420167217762995,0.7161420707738664,1.3793002924120579,0.07873177528381348,0.016670957384556928,0.9067387515362539,0.18838174193329338,ADL,ADL_056
85,15.87741583975315,169.67124138318164,1.4847968894400858,0.16323673725128174,0.9992629749699481,1.9452861625162283,27.288266511634074,3.2260459947650046,0.7595741437147555,2.450421124058045,0.3546675145626068,0.08350664377212524,0.02961709379612465,0.23544983651878262,0.5373911882436655,2.891801319900549,0.05908012390136719,0.03495184974140919,0.9117921342235936,0.0,ADL,ADL_056
86,14.186602553636822,174.59623405273663,1.467076452959106,0.1612885743379593,1.0150077723367632,0.029801301593809053,50.72439858348982,3.199446432136261,0.7650949815576583,2.447880408990008,0.3517431914806366,0.08411359786987305,0.02958638536166802,0.23913286958856145,0.797986878862309,0.07622145204110975,0.08772969245910645,0.0009212530336988323,0.9211855413686842,0.0,ADL,ADL_056
87,14.567155046293276,172.91653283931728,1.4461634942707284,0.15898942947387695,0.9991552202295693,0.021880311621815595,11.416574779693622,3.1516613387651757,0.6985798101193272,2.201686979595001,0.3464897572994232,0.07680100202560425,0.026610760552204127,0.22165382599004207,1.4335528011325582,7.38580288185021,0.15760302543640137,0.08926874428391685,0.9066842721388231,0.43503807689583507,ADL,ADL_056
88,9.038559963717,178.07422524231546,1.3962559713655662,0.1535026580095291,0.9647460819641673,0.5051176269460693,165.85785247728828,3.000983886847213,0.5715409018888321,1.7151850372425088,0.32992446422576904,0.06283450126647949,0.020730639165236653,0.19045059590635796,4.520323557538877,14.59505827057477,0.49695879220962524,0.17640364160902422,0.8296519338649424,2.31097014821642,ADL,ADL_056
89,13.451019006121184,168.0106425225318,1.4075298280202633,0.15474209189414978,0.9541420667270197,0.015512616397923527,132.3737712721255,2.9842476103283593,0.6694684099450501,1.9978595025688421,0.3280844986438751,0.07360053062438965,0.024147193189826055,0.22433338543950812,0.502088295565617,8.48023395979,0.05519896745681763,0.10249662073768206,0.8677428662961699,0.0,ADL,ADL_056
90,16.508388020413115,178.1390661421947,1.4062884120867676,0.15460561215877533,0.9512840586067347,0.3459903058146566,91.72107042875793,3.0090184598034044,0.6588821505204681,1.9825885537510535,0.33080777525901794,0.07243669033050537,0.0239626203753609,0.21896846682434168,0.7431254842513546,0.4581284645336603,0.08169829845428467,0.005537184433954678,0.8473753891161866,0.6110243153994999,ADL,ADL_056
91,16.090573762196776,177.22798289150577,1.421679313067257,0.15629766881465912,0.9503965390595648,0.17033381413080384,12.534427746490167,3.061782770963866,0.7304231656987292,2.2363970642492546,0.3366086184978485,0.08030182123184204,0.02703028510771155,0.23856068519431006,1.5829293348138496,7.614255314946033,0.174025297164917,0.0920299419705195,0.9059081607678869,0.0,ADL,ADL_056
92,7.266539554657014,176.32901079258903,1.4158968819552586,0.1556619554758072,0.9623501315922487,0.2026765011109044,264.7210262261928,3.0170009851868844,0.5924469480089589,1.787413025813992,0.3316853642463684,0.06513288617134094,0.021603625074158472,0.19636889903306926,1.34345357330945,13.469521153057878,0.14769762754440308,0.1627998010065923,0.8554929980584005,1.5124548812845928,ADL,ADL_056
93,13.020785012264065,177.15157631633062,1.403011312573714,0.15424533188343048,0.953859735753172,0.40605239148011624,172.62736372821152,3.0418035511515504,0.6658597782370701,2.0254146380105036,0.3344121277332306,0.07320380210876465,0.02448023922135434,0.21890229790010246,0.7440769789399804,7.140048365895349,0.08180290460586548,0.08629842441587599,0.8762357572780206,0.0,ADL,ADL_056
94,15.99703237814801,175.34115205736123,1.4065917518464754,0.15463896095752716,0.9600135479829537,0.3061861113404041,89.28742097651833,3.046988519501801,0.7077076531835628,2.156377094413878,0.33498215675354004,0.07780450582504272,0.02606312116641618,0.23226393404097775,0.15554905050751522,3.9288736921012335,0.017100870609283447,0.047486458351855276,0.8887056199251047,0.0,ADL,ADL_056
1,12.294771189040807,178.99679126037563,1.5438816663267383,0.1604640781879425,1.109620942244417,0.0,0.0,3.5433197089381228,0.7163667178416978,2.5383163101558033,0.3682766258716583,0.07445591688156128,0.027420373845322032,0.2021733378598149,0.0,0.0,0.0,0.0,0.9316957156164399,0.0,ADL,ADL_057
2,14.429381773358122,177.6011485149028,1.4148597229760456,0.14705412089824677,0.9903157127923514,3.574331071453669,64.03831752951945,3.3377160270748885,0.769297532573925,2.5676967040611554,0.3469071090221405,0.07995730638504028,0.02773775800323186,0.23048555022372574,6.168110455897029,0.8814118171605623,0.6410855054855347,0.00952152473729484,0.9198367679257882,0.355768430719553,ADL,ADL_057
3,14.151510113870266,177.345217998563,1.3626328517212913,0.14162589609622955,0.9695846490654416,0.6820739177879835,8.33614978463567,3.1668252174423532,0.7805167571943276,2.4717601493193273,0.32914549112319946,0.08112338185310364,0.026701395361614644,0.24646588689514293,5.126724288976057,2.8780966422548415,0.5328485369682312,0.0310908792485165,0.9213804993673874,0.0,ADL,ADL_057
4,13.89168931312345,176.9076841714463,1.3822647026902,0.1436663419008255,0.9915065385609647,0.684439511958718,7.794624022404477,3.1145900307656658,0.7954848034132976,2.4776090383366425,0.323716402053833,0.08267909288406372,0.026764578473503775,0.2554051538765114,1.5670556003006242,0.1754666705194552,0.16287267208099365,0.0018954933566739385,0.9228239482604252,0.0,ADL,ADL_057
5,1.5452247133125732,167.0422366329496,1.3978952586463194,0.14529091119766235,1.0518392257687477,2.0069055782463465,370.39393799432634,3.079078304551977,0.8024032344619616,2.470662390734159,0.3200254738330841,0.08339816331863403,0.02668953673285479,0.26059770093311696,1.0653517864106643,0.2083994280744994,0.11072784662246704,0.002251252219469535,0.9913041612663487,0.0,ADL,ADL_057
6,1.9343726569916808,165.80553065101435,1.3629204506247152,0.1416557878255844,1.0526422374627042,0.13809478552684912,11.67443831037323,3.032172729857282,0.8402908774391299,2.547907083718777,0.31515032052993774,0.08733603358268738,0.027523978977397334,0.27712412385208746,1.4071672408408542,2.31734078953854,0.14625459909439087,0.02503326733627631,0.9892534852389351,0.06152028082240801,ADL,ADL_057
7,8.141772702919052,172.34716247370991,1.3253401915203986,0.13774986565113068,1.0431041617663035,0.0988388255335906,186.22200137782116,2.9712998269625093,0.663516189941932,1.971505540361286,0.30882346630096436,0.06896287202835083,0.02129735318586512,0.22330767006375457,1.8261870868431762,17.292046300724735,0.18980562686920166,0.18679877374596643,0.8536623433710553,4.067734256036394,ADL,ADL_057
8,9.50293379767136,177.51250987862818,1.2402384430209341,0.1289047747850418,0.976167739219236,2.317955405216048,40.83483284256925,2.9250348264953803,0.6525111591209886,1.9086178651057604,0.3040148913860321,0.06781905889511108,0.02061800382390011,0.2230773483120199,1.38795001401387,1.886630257665769,0.14425724744796753,0.02038048085895028,0.8333762835891614,0.6085817934568172,ADL,ADL_057
9,3.461078191734006,177.74962558750477,1.1995238433250666,0.12467308342456818,0.9716891676613331,0.5007489740610422,181.25566817812063,2.9381462397136833,0.7827037131628356,2.299697971639323,0.30537763237953186,0.08135068416595459,0.024842679323054284,0.2663928498600715,0.3933423965490901,11.732403196006876,0.040882229804992676,0.1267402649746252,0.9460693261072963,0.0,ADL,ADL_057
10,7.758530994292986,174.8553281907758,1.2018968927016722,0.12491972744464874,0.9666739646500326,0.47920056170580777,128.9235840767694,2.9279638621867807,0.6578972586243914,1.9262993982839685,0.3043193221092224,0.06837886571884155,0.02080901006215541,0.22469372155271303,0.30547132580707625,11.201957200660633,0.03174930810928345,0.12101007782696627,0.8466449121736984,2.9827324180079375,ADL,ADL_057
11,2.5874759377791317,171.35996535993615,1.1532004915350595,0.11985844373703003,0.9925191562353827,0.7052524395808696,155.13165169541563,2.811399137739175,0.8003714041233163,2.2501634754233844,0.2922041118144989,0.08318698406219482,0.024307578792420514,0.2846869568627005,3.496941733428174,9.715922314182476,0.3634563088417053,0.10495706190795318,0.9409003649320111,0.0,ADL,ADL_057
12,2.425315808916696,171.4363941326088,1.1366809022787752,0.11814147233963013,1.0104527973283914,0.3969294975279783,4.864803865873064,2.8285942833428837,0.8174593094579516,2.3122607295981834,0.2939912974834442,0.08496302366256714,0.024978389564674686,0.28899744785780224,0.5158543681112615,1.8629176252439716,0.053615570068359375,0.020124323167625136,0.9543653824605698,0.0,ADL,ADL_057
13,2.7157830174148536,171.05852891752048,1.1693142021793834,0.12153322994709015,0.9811330496989356,0.028976378051340287,8.714016254944724,2.8387875569399057,0.7372900398584837,2.093009791005991,0.2950507402420044,0.0766305923461914,0.02260991299692705,0.2597191675037681,0.30579820791066137,6.577528157765777,0.03178328275680542,0.07105429703242905,0.9083906669310017,1.3792414658870433,ADL,ADL_057
14,0.14218524464630045,171.2160332935889,1.1009476704290992,0.11442752182483673,0.9720841502031738,0.1404216699747896,77.2079331830566,2.792891875902099,0.7495420972307634,2.0933900340024203,0.2902805507183075,0.07790401577949524,0.022614020603639595,0.2683739823861358,1.376870431134205,0.011407289892884087,0.14310568571090698,0.00012322820137633528,0.9227653668424851,0.0,ADL,ADL_057
15,1.8580053577153797,167.34650408618788,1.0983257318718636,0.11415500938892365,0.9651115255425985,0.23135510989781713,51.47460339207238,2.835484614000186,0.7495762191345594,2.1254118363764753,0.29470744729042053,0.07790756225585938,0.022959938797043833,0.2643546968950142,1.2777821429426117,0.9606540712216516,0.1328068971633911,0.01037754580212713,0.9197119992495305,0.0916010277886381,ADL,ADL_057
16,2.85744528438115,165.55022443058638,1.1321730833747612,0.11767295002937317,0.9757007852668674,0.07123879318158664,29.98319779997311,2.8270332779288863,0.731440283897617,2.067806023396315,0.2938290536403656,0.07602259516716003,0.022337647193251264,0.258729814140143,0.25354008213898993,1.7281743894048063,0.02635180950164795,0.018668748113777056,0.9025041798975448,0.5162345805595703,ADL,ADL_057
17,2.9614200816503833,164.08512041421798,1.1053936971459866,0.11488962173461914,0.9610739580858579,0.42880910478885614,3.1192439180769993,2.789771012028854,0.7272507449365746,2.0288630467004456,0.2899561822414398,0.07558715343475342,0.021916962436439036,0.2606838459749342,1.1178679770009703,1.1682893008760864,0.11618614196777344,0.012620542704366855,0.8940472156262023,0.2537089281402771,ADL,ADL_057
18,2.906592118370495,171.86211648646403,1.1169406640860438,0.11608976125717163,0.9483753052080124,0.06701943339705868,1.6448388983966478,2.8362332887128874,0.7768206955142348,2.203244715978571,0.2947852611541748,0.08073922991752625,0.023800734976624938,0.2738907491869141,1.393868300521004,5.231450078343758,0.14487236738204956,0.056513176205577054,0.929634431851635,0.0,ADL,ADL_057
19,4.009970738146522,172.97245194807368,1.0679824704978698,0.11100126802921295,0.9330789431920131,0.0940861317905698,33.1013585932808,2.770336724015537,0.7486371499334498,2.073976989422962,0.287936270236969,0.07780995965003967,0.022404309568921477,0.2702323307642772,1.976896940920505,3.878031796668271,0.20546972751617432,0.04189276223110383,0.8973498313207269,0.9685380159272428,ADL,ADL_057
20,1.650900670316589,172.44651128390925,1.08005732336136,0.11225627362728119,0.9215964924566123,0.015088189728974577,70.77210203489798,2.823244026175401,0.7686300049097468,2.1700300697006116,0.2934352159500122,0.07988792657852173,0.023441930987367243,0.27224971641581863,1.5872190647959084,2.881592408329494,0.1649683713912964,0.031128642553372998,0.9298901811590632,0.0,ADL,ADL_057
21,0.14160129861417395,169.44400771752473,1.013031294974492,0.10528989136219025,0.8810780220229001,1.603201879229447,45.27898115107245,2.775093432100181,0.7879366942071873,2.1865979450050945,0.28843066096305847,0.08189457654953003,0.023620906843470735,0.28393060691079564,1.4445178222565946,0.4970362591344868,0.15013664960861206,0.005369275683104746,0.9416273533406464,0.0,ADL,ADL_057
22,1.896235668912955,171.39814737897524,1.0026665516424271,0.10421262681484222,0.8981378269661741,0.4771962582811492,52.63903110896343,2.7598578586859026,0.8214085613989849,2.2669708733688703,0.28684714436531067,0.08537349104881287,0.024489142111849382,0.29762608796969203,0.45706720242835175,2.4111878509132723,0.04750549793243408,0.02604705805135943,0.9481412268993186,0.0,ADL,ADL_057
23,3.2560635226977177,169.19538929278391,0.9907666093782278,0.10297580063343048,0.9001323812754622,0.12754423552537403,40.79483561354289,2.800856616420946,0.8475832157361136,2.373959057761836,0.2911083698272705,0.08809396624565125,0.025644890905390128,0.30261467124167707,1.2299627320512974,3.2096455317889694,0.12783676385879517,0.03467246380622235,0.9622335306690568,0.0,ADL,ADL_057
24,4.92092957706036,172.35251804119025,1.0269547521554032,0.10673703253269196,0.8889163107806206,1.1763282605802825,49.94598163087926,2.775537303588217,0.8467984119488046,2.3503205809831695,0.2884767949581146,0.08801239728927612,0.02538953428659063,0.30509245019033454,0.7595793849818611,0.7091543033599912,0.07894724607467651,0.00766069856398488,0.9482015054263195,0.42096075728211835,ADL,ADL_057
25,4.396675466290331,175.13461558864822,1.0399382799191426,0.1080864816904068,0.9040771887668413,1.6163029698550047,15.727623323100861,2.7359429919438716,0.8026185752161703,2.1959186660666563,0.2843615412712097,0.08342054486274719,0.023721594710854887,0.2933598233080396,1.187829349330367,4.632057447495397,0.12345761060714722,0.05003818727207232,0.9198739124735454,0.8498277885832228,ADL,ADL_057
26,9.264186267533134,176.00624517417742,1.0423982111180188,0.10834215581417084,0.8630572123689334,0.032825844929171594,146.0253240372841,2.7565348440380677,0.6382487768116157,1.7593549924458947,0.28650176525115967,0.06633669137954712,0.019005579181161636,0.23153944542697086,0.6177555628258835,13.09691020862285,0.06420671939849854,0.14148046589079755,0.8045023245986869,3.4611476362457574,ADL,ADL_057
27,5.089584461819535,175.85818028327108,1.0133735175978582,0.10532546043395996,0.856568889351312,0.047840916292868935,125.23805417140797,2.575817786328333,0.6816007989538367,1.755679461120895,0.2677188515663147,0.07084250450134277,0.018965873947180967,0.2646143126364126,5.421511731292044,0.11026593974998944,0.5634874105453491,0.001191157019420075,0.8269508871627627,0.0,ADL,ADL_057
28,6.734376006796429,172.93528967620543,1.0143662069335044,0.10542863607406616,0.8351733087164414,0.13382381277859606,49.343746349306834,2.4843025536086487,0.4203933243147892,1.0443842091152595,0.25820717215538025,0.04369378089904785,0.011282047606719914,0.16921920222089074,2.745456981590526,21.338857560169064,0.28535038232803345,0.2305147902138316,0.6738968969908469,4.591619705157473,ADL,ADL_057
29,12.548033913252313,175.86063212459908,1.0167940233993964,0.10568097233772278,0.8100552864422406,0.09547538073083742,174.4097371936765,2.5251284079152128,0.4425582248478514,1.1175163457198378,0.2624504268169403,0.0459975004196167,0.012072063617640794,0.1752610034454106,1.2247756291969214,2.1939640981373487,0.12729763984680176,0.023700480327626394,0.6563956115057555,0.52503856455274,ADL,ADL_057
30,12.367323349259737,175.71131610117806,1.0304627132565867,0.10710163414478302,0.7852900961228384,0.706387924782822,5.421316919777297,2.446273548458611,0.5372789093535527,1.314331184096288,0.25425460934638977,0.05584233999252319,0.014198172339787263,0.2196307099618218,2.3656457836980493,5.904445151293503,0.2458745241165161,0.06378326166439408,0.6972210751797845,0.0,ADL,ADL_057
31,4.137243563730853,170.19270350371963,1.0457167813161998,0.10868707299232483,0.8172023915940755,0.4244779169162571,246.90239356586648,2.4240659238611317,0.3868225322758518,0.9376833190715652,0.25194644927978516,0.04020458459854126,0.010129402334371207,0.15957527934285404,0.6662287379243814,11.299435950741682,0.06924480199813843,0.12206310016248167,0.666736635827676,0.9145331805632562,ADL,ADL_057
32,1.5884464602801898,165.1139795764262,1.0414845182907406,0.10824719071388245,0.8071593690692307,0.23451210284566987,76.4639131035199,2.450648320611689,0.5537090361393803,1.3569461195224892,0.25470930337905884,0.057550013065338135,0.01465852373732801,0.22594301173475675,0.7974719025167154,12.57788401352772,0.08288562297821045,0.13587364208870412,0.7657259979190967,0.0,ADL,ADL_057
33,9.970806929428555,175.1585820624634,1.0404478145665843,0.10813944041728973,0.7771266456936498,1.2245304676192272,251.47081407445094,2.4441106785398414,0.5784201762162147,1.4137229293729472,0.2540298104286194,0.06011837720870972,0.015271859965604762,0.23665781763744956,0.19612926215542448,1.703304295513739,0.020384788513183594,0.01840008684830252,0.7306449718847761,1.0524307810296185,ADL,ADL_057
34,9.556241366972214,172.58478315424887,1.0659107834816812,0.11078594624996185,0.794913189840042,0.4652564593394065,12.43696687369022,2.455740512960546,0.315803954406159,0.7755325649883498,0.2552385628223419,0.03282323479652405,0.008377755276645082,0.12859775511906232,0.3488950326211393,19.145710931537923,0.036262571811676025,0.20682314066879037,0.6038231552444879,3.804654499208644,ADL,ADL_057
35,11.24843763523774,177.38335747000016,1.0977366272386788,0.11409378051757812,0.8123454683381988,0.4405725594378714,50.76588804796579,2.6064446322641275,0.6446582466902127,1.6802660267305085,0.2709020674228668,0.06700286269187927,0.018151214026480567,0.2473315024790435,4.521123579107442,27.14200385226476,0.46990513801574707,0.2932037624950645,0.7774766475726056,0.0,ADL,ADL_057
36,11.951740047901874,176.46833379147162,1.1233478400551418,0.11675569415092468,0.812193926941928,0.14735501143519641,21.09907237992399,2.5783625921786686,0.690487691091239,1.7803276330694708,0.2679833471775055,0.07176616787910461,0.019232137882345235,0.2677998496366233,0.8424612025637668,3.00184819016887,0.08756160736083984,0.03242771567594005,0.7938148614276239,0.0,ADL,ADL_057
37,1.529659278140528,178.51518493559965,1.1334579594328293,0.11780649423599243,0.8260928679650699,0.4124133866455121,312.66242309284036,2.4453101064690754,0.6237704802706596,1.525312259522913,0.2541544735431671,0.06483188271522522,0.01647731302030042,0.25508749353853216,3.991574571287795,7.650461206396737,0.41486620903015137,0.0826447458613444,0.8001180886876949,0.0,ADL,ADL_057
38,0.515872574330871,177.82451433763057,1.1320735850502468,0.11766260862350464,0.8449085172604033,0.9189000018406627,30.413601114289712,2.4211962430780156,0.6935119240268433,1.6791284649835991,0.2516481876373291,0.07208049297332764,0.018138925420743135,0.28643244848144855,0.7234159017317943,4.614486163820586,0.07518857717514038,0.049848372013281406,0.8368718463281126,0.0,ADL,ADL_057
39,1.117760667839559,178.46364092674239,1.15297927263776,0.11983545124530792,0.8408110214180041,0.11593561976753412,18.056642805260644,2.428069082675389,0.6759018675425222,1.6411364275025542,0.25236251950263977,0.07025018334388733,0.017728513264185786,0.27836901102955375,0.20618518792120177,1.1397611244313488,0.02142995595932007,0.01231236469672048,0.8258411004633117,0.3309223759440272,ADL,ADL_057
40,9.901519500731212,178.50864254622093,1.1492384797224386,0.11944665014743805,0.8169790221566208,1.0442076756046152,263.5127649867496,2.4511512602693215,0.6223858191493897,1.5255617849817809,0.25476157665252686,0.06468796730041504,0.016480008539900837,0.25391471600887283,0.6924653278179749,3.4672392756231996,0.07197171449661255,0.03745514172854847,0.7536582405656116,2.1654857969310037,ADL,ADL_057
41,0.408887060460636,169.6459610762521,1.0980517530560894,0.1141265332698822,0.8086666109793477,0.355738051395028,284.7789732081173,2.3648300121325074,0.6074128983727346,1.4364282518282356,0.24578973650932312,0.06313174962997437,0.015517136106923957,0.256851623159442,2.5896374441044223,2.6740059946063566,0.26915520429611206,0.028886172989306402,0.7883607133484769,0.0,ADL,ADL_057
42,9.931669237750924,177.7651890179408,1.1315633335560866,0.11760957539081573,0.7810697327529047,0.6617341089999789,285.68346531870867,2.409749634678535,0.43956180556492125,1.0592339003787064,0.2504584789276123,0.04568606615066528,0.011442462636281903,0.18240901221338665,1.3475886763808331,11.315830543485879,0.14006227254867554,0.12224020411926162,0.6591386925772091,3.876660623138033,ADL,ADL_057
43,3.467144548233034,176.5973013242319,1.1001320422328988,0.11434274911880493,0.7873038619241799,0.06454631221856372,193.93574068553673,2.3354315547333706,0.3030093874373909,0.7076576848017122,0.24273419380187988,0.031493425369262695,0.007644531217067652,0.12974396038741537,2.229542398354938,10.547286467309824,0.23172855377197266,0.11393794257642753,0.623918356794551,1.0566100734797446,ADL,ADL_057
44,2.242407649714224,172.87908175472285,1.0796153156747919,0.11221033334732056,0.7803108788168018,0.7104696499974164,36.7421069555643,2.332662805968206,0.5964784052688822,1.3913829905339512,0.2424464225769043,0.06199526786804199,0.015030530911303686,0.2557060298233408,0.08306246295493924,20.51175917196717,0.008633136749267578,0.22157999082708102,0.7690604870359725,0.0,ADL,ADL_057
45,3.088663026471817,176.382440944039,1.0438701841695903,0.10849514603614807,0.7713991837829428,0.4158542508938529,25.3876613027278,2.2750742079984745,0.6363789538313299,1.4478093443747106,0.23646092414855957,0.06614235043525696,0.01564008130927874,0.2797167056532212,1.7276579390919444,1.6927906152227834,0.1795649528503418,0.01828651193925168,0.7757758038041821,0.0,ADL,ADL_057
46,1.3125861697053154,173.92878953842762,0.9830090375609997,0.10216951370239258,0.7654989618131003,0.12802595652014176,53.28230570299505,2.2612660197698826,0.6239296202421454,1.4108708489814905,0.23502576351165771,0.06484842300415039,0.015241050129077394,0.27591931248686835,0.414245646857756,1.1081548617966042,0.043054819107055664,0.01197093540604044,0.7781691373390238,0.0,ADL,ADL_057
47,0.09289778583679281,173.59460038045833,0.9329407351447048,0.09696564078330994,0.7569971597328249,0.23714436399565061,36.59065151605568,2.244015246860826,0.6354553685193377,1.4259715356569589,0.2332327961921692,0.06604635715484619,0.015404176557531457,0.283176616052797,0.5175231872716957,0.45302060026405133,0.05378901958465576,0.004893792853621903,0.7880005035376642,0.0,ADL,ADL_057
48,0.9009975014573521,178.24172879216144,0.915834621903422,0.095187708735466,0.7406494703196138,0.5598071078035023,24.242991468616783,2.2058133382823093,0.656389299867556,1.4478722727536415,0.22926226258277893,0.06822213530540466,0.015640761098345557,0.2975711613663879,1.146057257355504,0.6570221129004783,0.11911600828170776,0.007097536224422996,0.7879422334546419,0.0017481024906684794,ADL,ADL_057
49,0.8481023834373652,177.25869604377067,0.8503009250149282,0.08837643265724182,0.7015370230393798,0.33114447418001186,1.5868535405996076,2.0314360729501426,0.655834460507511,1.3322857809587538,0.2111382782459259,0.06816446781158447,0.014392128371287782,0.3228412466778893,5.231317959965001,3.46759475384663,0.5437195301055908,0.03745898181173324,0.7648494980446345,0.6927820623002201,ADL,ADL_057
50,10.44329634718274,169.15982740775405,0.9428552987376115,0.09799611568450928,0.7272463004869205,2.9492937796622454,287.85581891236126,2.1446944135937804,0.6536085080775219,1.4017905159512265,0.2229098379611969,0.0679331123828888,0.01514295907346952,0.3047546409327761,3.3977502193091347,2.08514204977418,0.3531467914581299,0.02252492106545212,0.7256057472954827,1.1773125224745562,ADL,ADL_057
51,0.30416994079253856,177.9987162780687,0.9065256504182232,0.09422017633914948,0.7482768627727797,1.5604534420241223,304.173792191706,2.0194713277425995,0.6243912695287978,1.2609402661062086,0.20989471673965454,0.06489640474319458,0.0136214124909948,0.3091840355355571,3.7566925755354275,4.225507495350538,0.39045363664627075,0.045646397474241596,0.7534360178583728,0.0,ADL,ADL_057
4,17.636493811786167,171.3913420628288,1.3477963468687764,0.1399342268705368,0.956431617387643,0.0,0.0,3.3290933324875436,0.8784036646495381,2.9242877832174012,0.3456413149833679,0.09119978547096252,0.03152241377638454,0.26385596183543386,0.0,0.0,0.0,0.0,0.9020194788234102,0.0,ADL,ADL_058
5,17.34407944192295,172.44897722005186,1.3898790527108107,0.14430344104766846,0.9653739394204103,1.4590009946457938,8.772431095896494,3.3330094914286743,0.9659160244574494,3.21940727743973,0.34604790806770325,0.10028570890426636,0.03470365977540801,0.28980212497779595,0.11748476823392195,8.85358482666987,0.012197792530059814,0.09543737997070423,0.903644003100428,0.0,ADL,ADL_058
6,17.61801172602924,170.45394661333785,1.3689545989856284,0.14213097095489502,0.969953460035143,0.3686867160571042,8.217968523188723,3.2970883563372695,0.9460212022005539,3.1191154906236314,0.34231841564178467,0.09822013974189758,0.03362256262056107,0.28692541309044145,1.0776340527421446,3.0087536044829655,0.11188477277755737,0.03243291464540832,0.9021221570776153,0.045655380684380686,ADL,ADL_058
7,18.59093210778225,172.1019605177613,1.3653140035263922,0.14175298810005188,0.9778717479828496,0.4941886593423902,29.187611452590296,3.2056334294212125,0.8608092233758735,2.759438822807812,0.33282315731048584,0.08937305212020874,0.029745421385122484,0.2685293424684741,2.7436478074817083,10.790300034474583,0.28485774993896484,0.11631423706315758,0.8908144558549983,0.3392310366785112,ADL,ADL_058
8,18.501200978478586,171.22283838552767,1.3601484799446932,0.1412166804075241,0.9742394768371289,0.08083051946255916,2.6919338791099534,3.1752815471170113,0.8813481752716973,2.7985285975254697,0.3296718895435333,0.0915054976940155,0.030166790328407522,0.2775645210642418,0.9105564691260382,1.172693241529732,0.09453803300857544,0.012641068298551161,0.8972155501195634,0.0,ADL,ADL_058
9,18.69268385415801,178.12835117606096,1.3482138542483757,0.1399775743484497,0.9852155147753356,0.5987176382478687,5.744486270382687,3.1577488205814794,0.8856283076451635,2.7965917439400862,0.3278515636920929,0.09194988012313843,0.030145911979671425,0.2804610678887184,0.5259817960659552,0.05810560756150274,0.05460977554321289,0.0006263504620829252,0.8961517563657888,0.031913812613239,ADL,ADL_058
10,16.995923734338756,174.57304309530394,1.4439500617190735,0.149917334318161,1.033184371408752,2.773227824991311,50.90280359457758,3.2131488492992952,0.8677511267572636,2.788213534418268,0.3336034417152405,0.09009379148483276,0.030055598916515436,0.27006172646147025,1.662000861534474,0.2513462856545434,0.1725563406944275,0.002709391894679669,0.9048279330150402,0.0,ADL,ADL_058
11,8.063083488923377,178.2583498379393,1.4279544627309837,0.1482565999031067,1.0324425028473396,0.800408578597555,267.9852073624614,3.163872931921289,0.7323016288208829,2.3169093014282622,0.3284873962402344,0.07603082060813904,0.024975166295575946,0.23145664041214778,1.4782775213401855,14.139126989700177,0.1534813642501831,0.1524129786281847,0.8700644030613806,1.0429058986097883,ADL,ADL_058
12,10.501540768778403,175.64462070585313,1.4444044544189056,0.14996451139450073,1.0554445904078882,0.920450920397808,73.15371839565078,3.1902067542051173,0.6446735897596346,2.0566420403088452,0.33122149109840393,0.06693288683891296,0.022169610582305488,0.20207832691840866,0.790014668514849,7.80801783358251,0.08202284574508667,0.08416667139811373,0.8099146889926543,1.804491422061788,ADL,ADL_058
13,13.809889854369292,176.50609917001339,1.4389072500004056,0.14939376711845398,1.0441529461693242,0.43302217772064006,99.25047256772666,3.127471283008331,0.6898662878356118,2.1575370043214352,0.3247080147266388,0.0716249942779541,0.02325720969680134,0.22058209359617778,1.882064135903594,3.0268489203777005,0.1954042911529541,0.03262797343487556,0.8096009424352811,0.009412396721194538,ADL,ADL_058
14,15.185625675990236,175.89550102571405,1.415094977098558,0.14692147076129913,1.019397873000516,0.950775820444407,41.27207464862833,3.108991307003787,0.7784117236553335,2.420075282114266,0.32278934121131897,0.08081817626953125,0.026087245875942244,0.25037358914225555,0.5543992801363196,7.87614833378492,0.05756020545959473,0.08490108537422714,0.8489673367346215,0.0,ADL,ADL_058
15,13.81015556182775,177.76965467846898,1.391322029401939,0.1444532573223114,1.0126922078957916,0.35206248787594285,41.26410342487457,2.9978023031952725,0.6495151827274608,1.94711811074068,0.3112452030181885,0.06743556261062622,0.020988995375390118,0.21666308522544597,3.3356701142554313,14.188715141207576,0.3463241457939148,0.15294751501656378,0.7719224466304808,2.311346703124222,ADL,ADL_058
16,4.056255523980713,178.89806955281827,1.3859910242084568,0.14389976859092712,1.0190696367072387,0.25592097245062545,292.6170011354111,3.0082952439042834,0.6087329355882624,1.8312483949380622,0.3123346269130707,0.06320136785507202,0.019739975649409658,0.20235081242480943,0.3147882212703257,3.4760914740785354,0.032682716846466064,0.03747059177941381,0.8053634723391885,0.0,ADL,ADL_058
17,13.466315466709064,176.8734467697672,1.3576029622806938,0.14095239341259003,0.9920381508372182,0.9565712649229988,282.30179828185055,3.0369024649137404,0.5232255871564265,1.5889850753412909,0.3153047561645508,0.05432361364364624,0.017128493753887142,0.17228868354466706,0.8582166302837102,7.267899587903142,0.08910387754440308,0.07834445686567548,0.7097063678725477,2.8697131339992232,ADL,ADL_058
18,19.353474464032153,177.1093450563335,1.3409797387580602,0.139226496219635,0.9661845553296496,0.8020748765271353,176.6147699196927,3.047395692668045,0.6648198636937589,2.0259691890205174,0.31639420986175537,0.06902456283569336,0.021838972019452285,0.21815931684254233,0.3147968326291384,13.109523410376795,0.032683610916137695,0.1413143479669543,0.7552450844531478,0.0,ADL,ADL_058
19,6.911206391039111,177.96133342504368,1.3467164824741025,0.1398221105337143,1.0019106431440261,1.051390936771104,373.26804218979123,2.8905019019797,0.545185700301062,1.5758603036523542,0.3001047968864441,0.05660361051559448,0.016987015036821873,0.1886121864450773,4.706813720650356,13.503266561044896,0.4886823892593384,0.14555870947891236,0.7437735555373302,0.3441458674745279,ADL,ADL_058
20,15.826527332891315,177.52536472868704,1.3308018302588194,0.1381697803735733,0.9678398020154249,0.5319236336443062,267.45962825556614,2.9088983478037944,0.6291231980219807,1.830055431291179,0.3020147979259491,0.06531837582588196,0.019727116075904938,0.21627469911986955,0.5518933747228383,7.625853829164744,0.057300031185150146,0.08220303117249195,0.7397594646606154,0.12042272630144346,ADL,ADL_058
21,6.568825894496486,173.37865308381168,1.2982214718174439,0.13478714227676392,0.9987438159419426,1.0947835738106646,277.73104315184486,2.776283422142109,0.6685307852499369,1.8560309362810463,0.28824612498283386,0.06940984725952148,0.020007119508207438,0.24079979033149104,3.9784477698505594,0.7792651496960201,0.41306018829345703,0.008400102969075007,0.7958422407253055,0.0,ADL,ADL_058
22,6.420990286011027,173.79336443206734,1.2798518647283046,0.13287992775440216,1.0258441926824367,1.9187786641866196,4.435068254563772,2.577080877442988,0.6655162355761296,1.7150891643310862,0.2675640285015106,0.06909686326980591,0.01848783509328733,0.25824325270301834,5.976076340973631,4.228253158498805,0.6204628944396973,0.04557853244760324,0.7714269094470669,0.7324599383471575,ADL,ADL_058
23,15.807742869066097,173.96138076437677,1.2432774145485752,0.1290826052427292,0.9115868182075576,3.038716017078958,281.60257749165214,2.5557669032543364,0.6977847193059652,1.7833750911988027,0.2653511166572571,0.07244712114334106,0.01922392449398913,0.2730225861997462,0.6394192256595499,2.048577806031495,0.0663873553276062,0.022082682021054012,0.7315053714148492,1.1976461409665329,ADL,ADL_058
24,16.30482441739068,174.2478134919405,1.256957275630224,0.13050290942192078,0.9094635441705023,0.07064328199127515,14.912446449737509,2.613173378574696,0.7284219246320446,1.9034927818186023,0.27131131291389465,0.07562801241874695,0.020518735342398564,0.2787489134072169,1.7221942596107809,3.603530718593988,0.1788058876991272,0.038844325452283,0.7502517456039517,0.0,ADL,ADL_058
25,2.034371830296344,176.82984383976185,1.2083061123338252,0.1254517287015915,0.9524132703219764,3.7627547600771196,428.1135776128301,2.678456663797831,0.5510741474547932,1.4760282224969994,0.278089314699173,0.057214975357055664,0.01591087328757368,0.20574242371205395,1.9584985566940594,12.823936779648086,0.2033400535583496,0.13823586164474655,0.7529914271271283,0.0,ADL,ADL_058
26,16.200488369749184,171.84384606670486,1.2307432947564905,0.12778125703334808,0.8983847440171725,0.483863640130159,424.9834961835852,2.6607508489502343,0.5279311206550672,1.4046931774702187,0.27625101804733276,0.05481216311454773,0.015141915861770272,0.19841362065690418,0.5311744454279044,2.1400513508034202,0.0551488995552063,0.023068722774102213,0.6615177256712708,2.744211043675726,ADL,ADL_058
27,4.003393035049085,175.5902386714689,1.1998810459201972,0.12457700073719025,0.96148935546158,2.624457990203566,365.91286004100294,2.501407700771259,0.5911628931645573,1.4787394133720406,0.2597073018550873,0.06137716770172119,0.01594009861932122,0.23633117333295178,4.780294445369253,2.2213870770546573,0.4963114857673645,0.02394548272652841,0.7425378787032351,0.0,ADL,ADL_058
28,1.6424601312475176,174.0368962185403,1.1906773691475707,0.12362143397331238,0.9390600667844899,1.7602263257916224,70.82798711404703,2.338644407918563,0.7034472618136016,1.6451130051060048,0.2428084909915924,0.07303503155708313,0.017733525801898686,0.30079150225479473,4.882898785580889,4.991207752018925,0.5069643259048462,0.05380281547732402,0.785444563479313,0.0,ADL,ADL_058
29,1.8544984721772937,176.0841328542217,1.0812844077413621,0.1122637689113617,0.9650558932350571,1.783532968408723,6.361150227893284,2.258133369867825,0.707520721575647,1.5976761512629312,0.23444947600364685,0.07345795631408691,0.01722217936613646,0.3133197149616548,2.41533114152213,1.4231056152922084,0.2507704496383667,0.015340393072866831,0.7757726620780221,0.29015704203872783,ADL,ADL_058
30,2.522067094795399,178.27449578035228,1.0376652919651195,0.1077350378036499,0.9026218195965927,1.6950168112089528,20.027058678543156,2.348517617838605,0.7123264338817682,1.6729111796234786,0.24383357167243958,0.07395690679550171,0.0180331767337929,0.30330771509650123,2.7115274391233912,2.257050850816422,0.28152287006378174,0.024329921029693224,0.7855353216504259,0.0,ADL,ADL_058
31,1.9277688578995753,178.40671368919948,1.058070480754107,0.109853595495224,0.8756394184717847,1.528102843410222,17.828947106874708,2.407143748611641,0.732588674114523,1.7634462471984644,0.24992039799690247,0.07606062293052673,0.019009101154689567,0.30433817808377267,1.7587839231910873,2.716052027249576,0.18260478973388672,0.029277732626900033,0.8050479349727634,0.0,ADL,ADL_058
32,3.185575173247106,178.5579563944357,0.9347397480699141,0.09704884886741638,0.7812147209477283,0.996609777706376,37.734189460425924,2.31337006981356,0.6741063530336006,1.5594574609791048,0.24018439650535583,0.06998872756958008,0.01681020029347735,0.291394600120992,2.813210363942429,6.11966358658079,0.2920800447463989,0.06596702583636649,0.7615344595304889,1.3054042632682339,ADL,ADL_058
33,3.9011272570341817,175.873216753452,0.9382000790847445,0.09740811586380005,0.8000204933605537,1.8955064670047552,21.46656251361227,2.2569983927767727,0.6903284307583722,1.5580701587097576,0.2343316376209259,0.07167297601699829,0.016795245843228557,0.3058599806866933,1.6911503111036241,0.041619068080414046,0.17558276653289795,0.0004486335074638248,0.7573107637047376,0.12671087477253984,ADL,ADL_058
34,6.039983001853414,173.03654539741075,1.0226757867312382,0.10617876052856445,0.8706738219371062,4.487680473032628,64.16567234457696,2.237892083941506,0.6684489773412495,1.4959166749107775,0.23234793543815613,0.06940135359764099,0.016125261225025334,0.29869451937348523,0.5731892650579962,1.8646045139694034,0.05951106548309326,0.020099538546096696,0.7342992024956507,0.6903468362726062,ADL,ADL_058
35,5.411359490435751,173.26879157764216,0.9982246945283946,0.10364013910293579,0.8347391957169004,0.6231007007161196,18.85870534252989,2.0229181226286284,0.8065588110590859,1.6316024358572245,0.21002838015556335,0.08374053239822388,0.017587888372963434,0.398708658456257,6.449218839386335,4.070572828393411,0.6695866584777832,0.04387881443814301,0.762087068894193,0.0,ADL,ADL_058
36,4.795804078421242,165.5952949328354,0.9515491204654732,0.09879407286643982,0.7681349280524339,1.2755230781775664,18.46666236043525,1.9671145082279546,0.7292259384995302,1.434470923398572,0.20423460006713867,0.07571148872375488,0.015462905619983758,0.37070661872301464,1.6741084320202115,5.913945373759577,0.17381340265274048,0.06374948258939028,0.7302090028998789,0.9563419798294226,ADL,ADL_058
2,0.5868137494641362,178.36481858648597,1.2777106506012474,0.14429689943790436,1.0052315858942675,0.0,0.0,3.006573871100067,0.7403321486754284,2.2258632941429135,0.33954423666000366,0.08360862731933594,0.02838882754133465,0.2462370791643755,0.0,0.0,0.0,0.0,0.9967399236140881,0.0,ADL,ADL_059
3,18.078146478574027,170.95710908382839,1.3330933241606049,0.15055148303508759,0.9850635357386435,1.1430360616165989,524.7399818732968,2.913425665646625,0.661360201857653,1.926823786329319,0.32902464270591736,0.07469001412391663,0.02457485521082159,0.2270036265552544,2.7944461636032614,8.971185234407837,0.3155878186225891,0.1144191699153918,0.8523940252679929,4.330376950382857,ADL,ADL_059
4,8.985673031011915,178.55785259549037,1.313603607452914,0.14835043251514435,0.9750692997896621,0.327547575274793,272.7742034268634,2.8944339124543013,0.43961443593764593,1.2724349317823915,0.3268798291683197,0.049647390842437744,0.01622873063722885,0.1518822347849374,0.5697525957697147,19.631665636407824,0.06434440612792969,0.2503837372077822,0.7491180370754518,3.098279645776234,ADL,ADL_059
5,17.87857007883149,175.25743774262617,1.4212293038434485,0.1605050265789032,0.9900407958675955,0.24570818195040633,266.7869114345873,3.051513560985016,0.7543400444479237,2.301878875226879,0.3446194529533386,0.08519059419631958,0.029358335968705518,0.24720121358512154,4.712389455921446,30.88331830333462,0.5321887135505676,0.39388815994430004,0.9006746106731585,0.0,ADL,ADL_059
6,17.14783621650347,170.66984248393828,1.4207141873718026,0.16044685244560242,0.9941060465057645,0.012738049224564748,21.922015869840585,3.0539083775732268,0.6783136560607385,2.0715077568662137,0.34488990902900696,0.07660463452339172,0.026420165431972897,0.22211265219794157,0.0718444976463184,6.9111335508199545,0.008113682270050049,0.08814511610197862,0.891564994579555,0.273288482808105,ADL,ADL_059
7,16.833011773751725,174.35435600079654,1.4202343004334377,0.1603926569223404,0.9955017693636208,0.052199084873938886,9.444733282552384,3.0910170831876354,0.7655037161776934,2.3661850639488695,0.34908074140548706,0.08645135164260864,0.030178501926908297,0.24765360483918383,1.113261168432258,8.840319212479676,0.12572497129440308,0.11275009484806198,0.9064832679236015,0.0,ADL,ADL_059
8,17.73910396988366,178.29977542034234,1.4264271773793147,0.16109204292297363,0.9727938941663182,0.9024262660556392,27.182765883958098,3.1634067809519966,0.7621588897032505,2.4110185998501077,0.3572559952735901,0.0860736072063446,0.030750312209290698,0.240929102425073,2.1716909329308365,1.3450060770371453,0.24525761604309082,0.017154308471472035,0.9014494223895352,0.15101536602198817,ADL,ADL_059
9,11.120451873405502,179.00232620029135,1.3994487438517627,0.15804526209831238,0.9644740506418213,0.5821739750322051,198.5595628943448,3.1126781002686372,0.5377559989097789,1.6738613210945537,0.35152700543403625,0.06073090434074402,0.02134855294020266,0.1727626345609613,1.5218604205007802,22.114718362666622,0.171869695186615,0.2820527780726412,0.831598477538511,2.095528345530725,ADL,ADL_059
10,14.8005451557232,178.881164905061,1.3312260269508882,0.15034060180187225,0.9523911124013043,0.13092323744638878,110.40279846953092,2.8922042920296414,0.691864755412937,2.0010142151093344,0.32662802934646606,0.07813501358032227,0.025521085508700025,0.23921637870540255,6.614214247169876,9.814586820443424,0.7469692826271057,0.125175977054921,0.8880386187972358,0.0,ADL,ADL_059
11,13.444657887854728,173.13544846769688,1.230277448656574,0.13894008100032806,0.9462807015913851,0.2505413572466132,40.676618036054144,2.8062922591013035,0.7781008472691338,2.1835783844915357,0.31692564487457275,0.08787399530410767,0.0278495226294595,0.27726919375581305,2.5773609878501347,5.47692508146604,0.2910715341567993,0.06985311362278424,0.9253074561785848,0.0,ADL,ADL_059
12,13.049762785693424,175.51640348695733,1.2452593684540922,0.1406320482492447,0.9591386895640867,0.2546976504988795,11.846853064839102,2.922989098501364,0.7745301295550756,2.2639431251503352,0.33010467886924744,0.08747074007987976,0.02887450056452412,0.2649779924401916,3.500905182001808,2.410942219763985,0.3953710198402405,0.03074933805193858,0.9275013178572588,0.0,ADL,ADL_059
13,13.793379608302953,173.23781793781103,1.256187516899567,0.14186620712280273,0.9332546146471474,0.12468483919346335,22.30850467828585,2.8951458920857056,0.8147873262674394,2.358928180566673,0.3269602358341217,0.09201714396476746,0.030085947091502696,0.28143135601386954,0.8352961924697455,2.8495516624901285,0.09433329105377197,0.036343395809357304,0.9233701132872059,0.1239361371015868,ADL,ADL_059
14,11.198137372423158,174.67856147800225,1.2466498134792474,0.14078907668590546,0.992451709845545,1.5161326525617047,77.85726707639384,3.1110364304069007,0.7943241133179957,2.471171254082944,0.3513416051864624,0.08970615267753601,0.031517503676827374,0.2553238672262014,6.476716149635853,3.367292205488135,0.731441080570221,0.04294669755974034,0.9377881257087602,0.0,ADL,ADL_059
15,4.0074184122654914,176.79945021645722,1.1990847976628591,0.1354173719882965,1.0130931815944748,0.6231075260052392,215.72156880473,2.9796661605307126,0.7433001378949992,2.2147862680035413,0.3365054428577423,0.08394381403923035,0.028247550318439174,0.24945678105401833,3.9411080962856415,7.691549582382082,0.4450848698616028,0.098098600751646,0.9777365643763029,0.0,ADL,ADL_059
16,5.231165970969383,171.8303583657662,1.1951574304040113,0.13497383892536163,1.0143131526233782,0.19126469872024365,36.712426761116745,2.908177916591732,0.7919688804750448,2.303186408825402,0.32843199372291565,0.08944016695022583,0.029375012350373098,0.2723239402241132,2.144647318169417,2.652004224655826,0.2422034740447998,0.033823860958017704,0.9709379668279479,0.2039579264506497,ADL,ADL_059
17,5.38498033918229,176.09993870589688,1.1028593518529297,0.12455025315284729,1.0134876995888964,0.08568693336362744,4.6144310463872085,2.7796803710548565,0.6929147802288588,1.9260816134159484,0.313920259475708,0.0782535970211029,0.024565389481772115,0.24927778753117028,3.854926366106266,11.313143862283612,0.43535202741622925,0.14428868605802947,0.9227371948279323,1.446023160000468,ADL,ADL_059
18,5.621482790486815,176.54706085528215,1.139015936448026,0.1286335587501526,0.9985123770822545,0.02129605494970738,7.095073539135752,2.733618613937613,0.6935953567556902,1.8960251777680543,0.30871832370758057,0.07833045721054077,0.024182047445286514,0.2537270951161305,1.3818527135173042,0.9016930694368219,0.15605807304382324,0.011500261094568032,0.9143596464808356,0.2513264504129009,ADL,ADL_059
19,6.083456178926366,174.325919889753,1.0627536289390929,0.12002095580101013,0.9957291120072289,0.33774434805368636,13.859201653186535,2.6272343957442397,0.6991922344437738,1.8369418875679528,0.29670393466949463,0.0789625346660614,0.023428494726896787,0.2661315180147553,3.191526545801202,1.772498706003045,0.3604316711425781,0.022606581551691818,0.8979078006694432,0.4935553743417709,ADL,ADL_059
20,7.529274312941916,170.80367634888404,1.0524772928322277,0.1188604086637497,1.0015904091136472,1.0729292903871812,43.374544020466494,2.5921180719745682,0.7370651702333295,1.9105599479848252,0.2927381098270416,0.08323967456817627,0.02436742499570599,0.28434763847357664,1.0534897130901433,2.2085418125061707,0.11897474527359009,0.028167908064276048,0.9071766611262095,0.0,ADL,ADL_059
21,7.3511707127657795,175.70922472195969,1.0394580670705016,0.11739009618759155,0.9790446953260916,0.05650579635819198,5.343108005284094,2.6006095770076745,0.5716243791372304,1.4865718348353474,0.2936970889568329,0.06455579400062561,0.01895984877328072,0.2198032483967367,0.2547451509931875,12.719643394484335,0.028769373893737793,0.1622272866727581,0.8085235097046465,2.959594542646892,ADL,ADL_059
22,10.14457466812085,178.24615469155998,1.0309011169118993,0.11642372608184814,0.9578402107737517,0.3570612157404098,83.80211866065211,2.688448810546888,0.7407182221375278,1.9913830232560426,0.30361711978912354,0.08365222811698914,0.02539824856482298,0.2755179044488168,2.6351770061764057,15.144335652620855,0.2976009249687195,0.1931519937462678,0.9116416685450393,0.0,ADL,ADL_059
23,3.0851016385871954,178.41150289863742,1.1044516739789092,0.12473008036613464,1.0352893709113873,2.7169570238829093,211.78419088600964,2.6146370007611646,0.6457539144515718,1.6884120781114396,0.2952812612056732,0.07292753458023071,0.02153413438747087,0.24697567094771886,2.214354293571703,9.08912835433809,0.2500757575035095,0.11592342532056321,0.8796589257151697,0.9594822848960871,ADL,ADL_059
24,3.771791721661979,176.36020932939732,0.9897515706355647,0.11177654564380646,0.9978128003576984,1.9073704739593214,20.600702492243506,2.6842835449790297,0.5730303937688542,1.5381760567665894,0.30314671993255615,0.06471458077430725,0.019618012893541703,0.2134754000086323,2.0893963265359528,4.507080640345505,0.23596376180648804,0.057483644817875046,0.8405365990690612,1.1736697993832546,ADL,ADL_059
25,7.3275632336070755,176.74400531270913,1.0136386456041533,0.11447420716285706,0.996596787703321,0.07989187305761042,106.6731453583529,2.671117727414025,0.5627884955203648,1.5032743271691154,0.30165985226631165,0.06355792284011841,0.019172873614303754,0.2106933079404295,0.3949745269501337,1.0470518879242219,0.044606029987335205,0.013354178377138481,0.8125799611569102,0.8386991373645292,ADL,ADL_059
26,7.9760482706385645,164.49355647598728,1.0497605284492384,0.11855359375476837,0.9541998256680365,0.9481771588267763,19.45455111094467,2.6665434298118167,0.6879617981303326,1.834480012765962,0.30114325881004333,0.07769423723220825,0.023397095790867795,0.2579967406292692,0.1372289280662553,9.936170567905398,0.015497803688049316,0.12672666529692123,0.8868148281726524,0.0,ADL,ADL_059
27,6.963472410346871,168.39598164967805,1.0304717652216493,0.11637523770332336,0.9649355971115492,0.4519157445061789,30.377275808750817,2.6355145235776596,0.6695711900826857,1.7646645960320961,0.29763904213905334,0.07561731338500977,0.022506664725042924,0.2540562514424131,0.9308671870247132,2.0944625020159746,0.10512650012969971,0.026712931974746112,0.8760327359751602,0.32346276592476797,ADL,ADL_059
28,6.3560894752476065,168.3975524772199,1.013518574910199,0.11446064710617065,0.9196300214745834,0.11180824686048972,18.221488052977925,2.579771110153169,0.5787549950083091,1.4930554159792773,0.29134371876716614,0.06536108255386353,0.019042540853890344,0.22434277453334628,1.6723024027347222,8.148275401584566,0.1888597011566162,0.1039237161345774,0.8155754630888797,1.8137181865884133,ADL,ADL_059
29,6.540078809058771,176.26282420797716,0.9987384002676872,0.11279146373271942,0.9282732641978518,0.1792945741537167,5.519680014334947,2.5771208464622157,0.7755363483595766,1.9986508905466482,0.2910444140434265,0.08758437633514404,0.02549094348982095,0.30093027448312826,0.07950791072859342,15.16786423702113,0.00897914171218872,0.19345207907791817,0.9333746870771976,0.0,ADL,ADL_059
30,10.691921167443834,175.7593849180069,1.1287733784704488,0.12747682631015778,0.9198177803729318,0.027479035959269264,124.55527075155187,2.63007677254552,0.7411230319057168,1.9492104718137382,0.2970249354839325,0.08369794487953186,0.02486037667798069,0.28178665523994106,1.5886777824991238,1.4832125619873016,0.17941564321517944,0.018917004355207823,0.898689767029927,1.0405476014181192,ADL,ADL_059
31,11.815260462694757,177.5120496062779,1.076995728537708,0.12162937223911285,0.8839770740650079,1.164862538752786,33.70017885752772,2.606986254477374,0.8146395469518033,2.1237541012570262,0.29441723227500916,0.09200045466423035,0.027086519230285155,0.31248219226550783,0.6927155420443798,5.2363088832986415,0.0782310962677002,0.066784276569134,0.9334689729292496,0.0,ADL,ADL_059
32,7.098299825231426,176.27601858531344,0.9914969499098816,0.11197365820407867,0.8702417783515344,0.3047790050014256,141.50881912389994,2.5422810811260916,0.7891046006680544,2.0061256973079544,0.2871098220348358,0.08911669254302979,0.02558627773636246,0.3103912695154941,1.941155200538467,3.5288521184721544,0.2192223072052002,0.045007244817680814,0.9320301341627071,0.04316516299627482,ADL,ADL_059
33,5.672462626507588,177.66236908896343,0.9112137255574704,0.1029069572687149,0.8884822320588296,1.3250579558187074,42.77511596171514,2.3304916827054343,0.7784233228471826,1.8141090795192862,0.2631916105747223,0.08791041374206543,0.0231372833790644,0.3340155088324831,6.353681952619721,5.760498533660046,0.7175463438034058,0.07346983071894186,0.894825096988513,1.116151115225823,ADL,ADL_059
34,6.729531889227193,173.18156529323178,0.9303221188524928,0.10506494343280792,0.8842623409225127,0.14617485449494313,31.712077881588137,2.2631396762544553,0.8193428875635583,1.854287397301982,0.25558528304100037,0.09253162145614624,0.02364972066011184,0.36203672730473807,2.020560193529368,1.2053495334808728,0.22818982601165771,0.015373118431423194,0.8983949072507758,0.0,ADL,ADL_059
35,6.913605287591729,170.46508401981112,0.9153247613943232,0.10337123274803162,0.8522761677821589,0.7560693263325016,5.522201950936072,2.25671681774862,0.7630761770267348,1.7220468419195556,0.25485992431640625,0.08617720007896423,0.021963114689924623,0.3381342208897291,0.1926857551750638,3.967216661472792,0.021760761737823486,0.05059817910561648,0.8662940596085982,0.9630254292653273,ADL,ADL_059
36,6.7500661359484315,174.8344620378086,0.9056454801117914,0.10227811336517334,0.8425694417695803,0.13532099154473912,4.906174549298914,2.291074980850751,0.7528005006489572,1.7247223926087456,0.2587401270866394,0.08501672744750977,0.02199723886425886,0.3285783300273015,1.0307448930639307,0.08026652067570028,0.11640608310699463,0.0010237252300271393,0.8678313989979267,0.0,ADL,ADL_059
37,8.202587797273566,172.93294707957224,0.8913227616186641,0.10066059231758118,0.8447666035231276,0.06937447194211367,43.57564983975403,2.41048647350072,0.7652662137061353,1.8446638567657507,0.2722257375717163,0.08642452955245972,0.02352698130170694,0.31747259774470815,3.582344779499076,3.598243924710154,0.40456831455230713,0.04589227312344235,0.8879496085132115,0.0,ADL,ADL_059
38,10.368387624348115,170.74160294880528,0.885282018200402,0.09997838735580444,0.8338856916803294,0.3475690336271387,64.97399481223647,2.2259116916209973,0.7583741558731552,1.6880739001812606,0.251380980014801,0.08564618229866028,0.021529821240763525,0.3407013593162786,5.537243456391683,4.697698697534705,0.6253427267074585,0.059914801828302444,0.8391167496661804,1.464985765410931,ADL,ADL_059
39,11.32984678288957,167.12755385173227,0.8740898461740453,0.09871441125869751,0.8338234132544542,0.15683079871884878,28.843774756243654,2.233333643857187,0.7424596430373186,1.6581601000014412,0.25221917033195496,0.08384889364242554,0.0211482983877449,0.332443251989202,0.22265856708569398,0.8974140053945812,0.02514570951461792,0.011445685590558696,0.8267451852114095,0.37114693364312834,ADL,ADL_059
40,10.893900849339479,166.497564687663,0.8430294048894977,0.09520663321018219,0.8206100951951383,0.4414893860047794,13.078378006502724,2.196936126199277,0.7944779621412383,1.745417336497268,0.2481086552143097,0.08972352743148804,0.022261183732110723,0.36162852007507545,1.0919255297373098,2.617717094874805,0.12331545352935791,0.033386560330974646,0.8496736708763221,0.0,ADL,ADL_059
41,10.799083235353613,163.6129532822032,0.8490507522725826,0.09588664770126343,0.8246403801916612,0.1111313648165492,2.844528419575969,2.2093501164959823,0.8291826149602094,1.831954706958782,0.24951061606407166,0.09364286065101624,0.023364887851037075,0.3753046135814769,0.37241970890116605,2.59612111384542,0.04205882549285889,0.03311112356779056,0.870537821508146,0.0,ADL,ADL_059
42,10.78540620998499,163.18538578584491,0.8601256244671532,0.09713737666606903,0.8257586209952472,0.4713988639229929,0.4103107610587209,2.115942769456907,0.808594317375745,1.7109392992751515,0.23896175622940063,0.09131774306297302,0.0218214482572332,0.38214215681086877,2.802220411172258,3.630462230508915,0.3164657950401306,0.04630318781411624,0.8421736402517705,0.8509254376912623,ADL,ADL_059
43,10.210669552673378,165.43265254584108,0.8881901040188132,0.10030680894851685,0.8257637668821309,0.7179818466436383,17.24209971934833,2.207089884641655,0.837769120981939,1.8490317525843685,0.24925535917282104,0.09461256861686707,0.023582689772860377,0.37957935729642817,2.734413455542435,4.1427735992765085,0.3088080883026123,0.0528372454688153,0.8778201100043566,0.0,ADL,ADL_059
44,9.691479943734425,171.4827668414088,0.8705967126006962,0.09831991791725159,0.8217491834378943,0.3685642521128725,15.575688268168602,2.1213127003388355,0.764009561739958,1.6207031864992807,0.23956820368766785,0.08628261089324951,0.020670570101177788,0.36015735564132956,2.5733155290845833,6.849856982552634,0.29061466455459595,0.08736359015047768,0.8270443706551801,1.5232721804752936,ADL,ADL_059
45,5.5316103933420875,167.76871808952768,0.9629875490615029,0.1087539792060852,0.8211810247476004,5.150193595242542,124.79608651177013,1.9391308878058775,0.6812505060673716,1.3210338986486256,0.21899369359016418,0.07693630456924438,0.016848565508796653,0.3513158392468915,5.465454375988739,8.990078635519652,0.6172353029251099,0.11466013777143402,0.7797286511947646,1.4194715838124639,ADL,ADL_059
46,6.872099031655935,175.30316563105166,0.9506675041868803,0.10736262798309326,0.8200932634278644,0.30245148078015643,40.21465914941543,1.933976292498162,0.685411285477434,1.3255691767240472,0.21841156482696533,0.07740619778633118,0.016906408785818172,0.35440359325323284,0.15463785923146345,0.13605834226264601,0.017463862895965576,0.001735298310645561,0.7733473403022133,0.1914393267765402,ADL,ADL_059
47,8.05257907771469,177.86323702668048,0.9238769615034944,0.10433706641197205,0.8255957998564124,0.425754847264057,35.41440138176263,1.9084914856250754,0.6351642070280674,1.2122054810868694,0.21553346514701843,0.07173159718513489,0.015460559701842236,0.3328080134942965,0.7645442061925989,3.4009108691153322,0.08634299039840698,0.04337547251927809,0.7401472030455812,0.996004117698962,ADL,ADL_059
48,6.9074244312917195,177.70191092054648,0.9163191050752463,0.10348352789878845,0.7801142084988586,0.1156716203978344,34.3546393926891,1.900895628801378,0.6308068283498819,1.199097942628352,0.214675635099411,0.07123950123786926,0.01529338517240486,0.33184562076296825,0.22787570471092033,0.39322615375552594,0.025734901428222656,0.00501523588312125,0.7434287345386307,0.0,ADL,ADL_059
49,7.726040477549993,176.29422783886426,0.8076734675151874,0.09121374785900116,0.6728922663099728,0.4038135772666168,24.5584813877482,1.751546685719879,0.5359760498312686,0.9387870737071912,0.19780907034873962,0.060529887676239014,0.01197336080955047,0.30600003108802637,4.480468292444975,7.809326067634822,0.5059969425201416,0.0996007308856317,0.6777044923500187,1.9717272656583584,ADL,ADL_059
50,6.478498650603828,172.15691066186568,0.8894177279051333,0.1004454493522644,0.7396049952750081,4.160089333436714,37.42625480838495,1.6776945005139903,0.5328600174044267,0.8939763207431958,0.189468652009964,0.06017798185348511,0.011401841102459898,0.3176127744738794,2.2155655561766596,1.3443225889198618,0.25021255016326904,0.017145591212717193,0.6741041816315134,0.10800932155515919,ADL,ADL_059
51,6.4668352777879035,173.99843509647488,0.8178767056391398,0.0923660397529602,0.6668604952073028,1.633787418597049,0.34990118447773,1.8123816243513045,0.43223681749614695,0.7833780653981052,0.20467939972877502,0.048814207315444946,0.00999126265156125,0.23848989634634954,4.0406137151194255,3.317947660352718,0.45632243156433105,0.04231735352695942,0.6481769771189955,0.7778161353755386,ADL,ADL_059
52,10.211706587327747,175.66673960141608,0.7595753905959688,0.08578184247016907,0.5809922682903861,0.6572010057974009,112.3461392861953,1.6765919612626907,0.40962790166199353,0.6867788470354024,0.1893441379070282,0.04626089334487915,0.00875922896919512,0.24432047136903015,4.073689892658412,2.897976550881084,0.4600578546524048,0.03696101047098388,0.6046700877740592,1.3052066803480888,ADL,ADL_059
53,6.691471743446629,171.83607322029593,0.6791881929393423,0.07670339941978455,0.5428212668990249,0.11155491089082778,105.60704531643354,1.571981622640221,0.4319774120188785,0.67906055308936,0.17753008008003235,0.04878491163253784,0.008660789268821745,0.2747964559813709,3.1383101586740914,0.23154881838127195,0.3544217348098755,0.002953191011201284,0.6224130504698644,0.0,ADL,ADL_059
54,4.356370470916439,174.77470270927034,0.6571342412137295,0.07421275973320007,0.5752881186526488,1.045921300996502,70.05303817590568,1.4561669729761817,0.4593498357575817,0.668890059872224,0.16445067524909973,0.051876187324523926,0.008531074034866748,0.315449430636359,3.4744394899211795,0.3051147965140777,0.3923821449279785,0.003891457018649902,0.6329956396551991,0.0,ADL,ADL_059
133,48.573272179481286,136.27375538762024,1.255956342629562,0.09011264145374298,0.8510482498548708,0.0,0.0,4.039687668267695,1.537227225544568,6.209917866357755,0.289840430021286,0.11029332876205444,0.03196746583687293,0.3805298944114183,0.0,0.0,0.0,0.0,0.7301484878917706,0.0,ADL,ADL_060
134,39.50472321865529,171.63863729008605,1.186943050893339,0.08516106009483337,0.8043411456097191,2.5528593878744106,272.0564688247798,3.9649062904892807,1.2288014986468976,4.87208279174774,0.2844749987125397,0.0881643295288086,0.025080547529199748,0.3099183408365422,2.243441333352436,40.13505223830045,0.16096293926239014,0.20660754923019553,0.7805293154519151,0.0,ADL,ADL_060
135,31.102054560361907,172.69853674203696,1.1578164282448995,0.0830712765455246,0.7575877272037852,0.8740479036367598,252.0800597488016,3.954953522717923,1.034694074011132,4.0921669729456855,0.2837609052658081,0.07423746585845947,0.021065690516635982,0.26161885891243597,0.29858303314073353,23.397474564061636,0.02142280340194702,0.12044571037691298,0.7734874786067696,0.21125510535436431,ADL,ADL_060
136,30.325220859197206,172.8422733867057,1.1189389094138045,0.08028188347816467,0.7320353947215549,0.7439404185976403,23.30501103494104,3.9969826890372353,1.0966993893918413,4.383488474476896,0.28677642345428467,0.07868623733520508,0.022565357718065115,0.27438086439098125,1.2608749895793725,8.739645045936308,0.09046554565429688,0.044990016042874004,0.8095736722645103,0.0,ADL,ADL_060
137,28.691738339171327,177.72740948481464,1.1055069720396384,0.07931816577911377,0.7382111699907232,0.15423238600988254,49.004475600776374,3.9279185140301975,1.173754522471805,4.6104121197436765,0.28182119131088257,0.08421480655670166,0.023733517109825186,0.29882248152631447,2.071925250211133,6.80770935800342,0.148656964302063,0.03504478175280212,0.8406014536712704,0.0,ADL,ADL_060
138,26.299691609580783,177.22354200460006,1.052128551773629,0.07548835873603821,0.7385486610726576,0.013682407678666157,71.7614018877163,3.867495356841596,1.1774704550490165,4.553861517720232,0.2774859368801117,0.08448141813278198,0.023442405459535465,0.30445187468151774,1.8126947156580409,1.6965180607033226,0.13005763292312622,0.008733349508691646,0.850517980762671,0.0,ADL,ADL_060
139,20.960351451095562,174.2190946315124,0.999145982585876,0.07168695330619812,0.7933933502854094,1.0963870284150847,160.18020475455666,3.995741967976635,1.1822912815067759,4.724130891889503,0.2866874039173126,0.08482730388641357,0.02431891953250087,0.29588676321515844,3.8473983340511664,5.108081225078127,0.27604401111602783,0.026295422188962192,0.8835536030494691,0.0,ADL,ADL_060
140,18.356248676099938,176.4957093737022,1.0658248744692118,0.07647104561328888,0.8965864926790216,2.970060671191116,78.12308324986873,3.957714095924736,1.226741245395951,4.85509111895582,0.28395897150039673,0.08801651000976562,0.02499307765742742,0.3099609763471281,1.140836161556975,3.9288068119895048,0.0818529725074768,0.02022474374779648,0.8980208406883337,0.0,ADL,ADL_060
141,15.622410399912429,174.30247171327758,1.103195417736913,0.07915231585502625,0.9593276424617577,1.7198773990874179,82.01514828562527,3.958461353101843,1.151750519303327,4.5591599190771985,0.2840125858783722,0.08263605833053589,0.023469680613251498,0.2909581176371066,0.02241771531321657,8.877935996358648,0.001608431339263916,0.04570191132527768,0.9104140338587762,0.0,ADL,ADL_060
142,14.738660112177257,173.65946635059194,1.131158163448023,0.0811585932970047,1.0087801587758876,2.2380518603824773,26.51250863205515,3.9741745225030654,1.1332464544196228,4.503719186871396,0.2851399779319763,0.08130842447280884,0.023184282359860475,0.2851516644942065,0.47139508203666747,1.6632219661740777,0.03382176160812378,0.00856194760173068,0.9092775954509345,0.03409315223525167,ADL,ADL_060
143,11.719544025475509,175.5774121851037,1.1979847206601313,0.08595328032970428,1.0108819493907646,3.536777772843411,90.57348260105245,4.000069330550902,1.1243017984708554,4.49728514234649,0.28699788451194763,0.08066666126251221,0.023151161132982878,0.2810695985794122,0.7768442414351018,0.19302133574718106,0.055737197399139404,0.0009936368063279133,0.9253487893811252,0.0,ADL,ADL_060
144,7.462321139287084,177.17581488976788,1.2925592754118296,0.09273883700370789,1.0775321804929885,3.4336674974908394,127.71668658565274,4.032607624585762,1.1232492416688595,4.529623456264019,0.28933244943618774,0.08059114217758179,0.0233176325690998,0.2785407022057991,0.9761488210458058,0.9701494175258851,0.07003694772720337,0.004994143083507652,0.9525267251463162,0.0,ADL,ADL_060
145,4.775279837638873,178.01729409863228,1.3102076705985681,0.09400507807731628,1.149844369672562,2.037457545621704,80.61123904944634,4.031584559312157,1.125627671127513,4.538063138452185,0.28925904631614685,0.08076179027557373,0.02336107843389712,0.27920133217190013,0.030691958208155512,0.25319046564496794,0.0022020936012268066,0.0013033759439196047,0.9683751330585157,0.0,ADL,ADL_060
146,2.6459411760288862,178.77540136146257,1.3204412309500952,0.09473931789398193,1.192467520296079,2.198057609522114,63.88015984829961,4.046673006759867,1.1116553326486127,4.498505627449802,0.2903416156768799,0.07975929975509644,0.02315744395615127,0.2747075194909037,0.45265342343128623,1.1867253300714875,0.03247708082199097,0.006109034332375529,0.9758907957141697,0.0,ADL,ADL_060
147,0.32954177811805957,178.7588745338739,1.263635147412551,0.09066358208656311,1.1399632538539843,0.003127763503957382,69.4919819373248,3.9839806633797488,1.0939521081414862,4.358284045499193,0.28584355115890503,0.07848912477493286,0.0224356101530212,0.2745867446369466,1.880770301403536,4.206647458518269,0.1349419355392456,0.021655014093902025,0.9734676315558144,0.0726949247506592,ADL,ADL_060
148,0.38019750106017175,178.68588628920153,1.2143107738661463,0.08712464570999146,1.1084480250927287,0.5775521230335329,1.5196716882633654,3.9540708537344025,1.1017544865821682,4.356415303365662,0.28369757533073425,0.07904893159866333,0.02242599022702585,0.2786370411148823,0.8972942893603886,0.05606226400594494,0.06437927484512329,0.00028859777986056656,0.9729824127328215,0.014556564689787166,ADL,ADL_060
149,0.4953468949706581,176.96102960341537,1.1456077662384831,0.08219532668590546,1.0535578524664733,0.14445656740886834,3.45448181731459,3.92319197738856,1.0935093198419883,4.2900469908037095,0.281482070684433,0.07845735549926758,0.022084338886358523,0.2787285050873454,0.9263662903752756,1.9910493768585624,0.06646513938903809,0.010249540220019782,0.9651048099497889,0.23632808349097867,ADL,ADL_060
150,0.13480346261735687,174.91167598812345,1.0529075850341432,0.07554425299167633,0.9920501547056496,0.3723409302718987,10.816302970599036,3.8849767718253347,1.08155237426099,4.201805851516488,0.27874019742012024,0.07759946584701538,0.021630090429892945,0.2783925252715947,1.1464561668967566,2.647234178616653,0.08225619792938232,0.01362745369396734,0.9574845751013183,0.2286070454541156,ADL,ADL_060
151,0.7930577491536434,175.00151042941437,1.019141031147861,0.0731215626001358,0.9606549689261529,0.4747720697242082,19.747628596088596,3.824346343190721,1.0911516590653,4.172941857212869,0.2743900716304779,0.07828819751739502,0.021481504124619022,0.28531612582068866,1.818912859038413,0.8659198291085524,0.13050377368927002,0.004457589158217701,0.9506798058455486,0.20414307767309348,ADL,ADL_060
152,0.8509294070557659,174.47053517030957,0.9597085400889992,0.06885738670825958,0.9074782125620254,0.005582621712242658,1.736149737063677,3.7773202319905836,1.1275383898683102,4.259073572395655,0.27101603150367737,0.08089888095855713,0.021924893670476564,0.2985010960739544,1.41078333600412,2.583951455483575,0.10122120380401611,0.013301686375726263,0.9597515045220797,0.0,ADL,ADL_060
153,0.7955069371153656,174.34937264356438,0.8820272312477851,0.06328389048576355,0.8268772424101452,0.14782109388722886,1.6626740982120103,3.7050090812451084,1.1465375801300648,4.247932146370681,0.26582783460617065,0.08226203918457031,0.021867539746722287,0.3094549141233785,2.169334522364257,0.3342427807492143,0.15564590692520142,0.001720617712628325,0.9588443642118031,0.02721420930829832,ADL,ADL_060
154,0.1648058006391219,172.8779902100931,0.8651996143723109,0.06207653880119324,0.7966079268799813,0.9890835561737422,18.92103409428731,3.6552277966954696,1.1559275166201657,4.225178389715195,0.26225611567497253,0.08293575048446655,0.02175040777264492,0.31623832310903893,1.4934385364891645,0.6826126996645954,0.1071515679359436,0.003513959222321006,0.9598668184490176,0.0,ADL,ADL_060
155,1.7365711334902634,171.87935419390382,0.8816911939735884,0.0632597804069519,0.8184110968938557,2.3009871973415876,47.152959985534245,3.5958945799364015,1.1656422752962023,4.191526739882349,0.257999062538147,0.08363276720046997,0.02157717553519234,0.3241579338303623,1.7799965027720432,1.0095494949853823,0.12771159410476685,0.005196967123577423,0.9474648637317216,0.3720586415188798,ADL,ADL_060
156,1.863698055243132,174.63251274884195,0.7953364681700724,0.057063981890678406,0.7463196788035722,0.969936908270035,3.8138076525860565,3.47970086569304,1.195849077093651,4.161197068801001,0.2496623694896698,0.08580005168914795,0.021421044207048823,0.3436629565023076,3.48581142730084,0.9098901324404363,0.2501007914543152,0.004683939844305485,0.9434509607424959,0.12041708967676978,ADL,ADL_060
157,1.8827440198057097,175.92457042285525,0.7323114105048721,0.05254204571247101,0.7219802373481088,0.877094669281053,0.5713789368773337,3.373876123607619,1.1944127150489385,4.029800541036964,0.24206963181495667,0.0856969952583313,0.020744640089832345,0.35401648938496466,3.1747422625626376,3.9418958329210962,0.22778213024139404,0.020292123516494343,0.9290155280587258,0.43306298051310366,ADL,ADL_060
158,2.3264616756126637,178.64524913055865,0.6704118077153656,0.04810085892677307,0.6885736047202835,0.9906474379257207,13.31152967420862,3.267921784946735,1.2016643080439038,3.9269449704496173,0.23446759581565857,0.08621728420257568,0.02021515934473328,0.3677135690715721,3.1786301598265165,3.085667117620412,0.22806107997894287,0.01588442235297194,0.9153333799583472,0.410464443011358,ADL,ADL_060
159,1.6526045941416143,178.20570968195182,0.6050533886313765,0.043411508202552795,0.6469880574477473,1.393655403987417,20.215712444131483,3.1431198674024423,1.229317392706913,3.8638919203604685,0.2255132794380188,0.08820134401321411,0.01989057433926078,0.39111201398426615,3.744057526328781,1.8915915026744656,0.2686294913291931,0.00973755016417499,0.9122006968078759,0.09398049451413981,ADL,ADL_060
160,1.023349091566606,177.47471172785458,0.5923545857305816,0.042500391602516174,0.6342545708480707,2.509562916581582,18.877665077250253,3.0342732820910863,1.2479452389351298,3.786606896013641,0.21770372986793518,0.0895378589630127,0.019492725860636995,0.41128118354308824,3.2653975593406814,2.3185507304048247,0.23428648710250854,0.01193545435871357,0.9072681403701004,0.14797669313326378,ADL,ADL_060
161,5.256795841743386,173.54715840793253,0.5659048385006354,0.0406026691198349,0.5918438838410576,1.9537182199380643,127.0034025053034,2.896251683102312,1.2203278764051007,3.534376665974943,0.20780092477798462,0.08755636215209961,0.01819429302540243,0.42134528948971356,4.140647969663229,7.566906901160935,0.29708415269851685,0.038952985057036926,0.8562416910948749,1.5307934782567645,ADL,ADL_060
162,7.934621245955462,173.02384391712357,0.4373286283828092,0.031377553939819336,0.5132562297188827,0.22977846665825555,80.33476212636228,2.7112816477839505,1.2463310969727952,3.379154630284779,0.19452965259552002,0.08942204713821411,0.017395239764177006,0.4596810114246924,5.549101059550843,4.6566610707049305,0.398138165473938,0.023971597836762726,0.8244369393092754,0.9541425535679848,ADL,ADL_060
163,7.864994812665828,171.6543108412528,0.4135975016221063,0.029674887657165527,0.4771276536326999,1.1806995697209641,2.0887929986890175,2.5960063246570897,1.0691875317661954,2.7756175947095465,0.18625885248184204,0.07671231031417847,0.014288346890349857,0.4118563892970813,3.458259693805825,18.10611106725697,0.24812400341033936,0.09320678621481449,0.7590042247862201,1.9629814356916597,ADL,ADL_060
164,8.720381498485542,175.36678390498577,0.34227494013817394,0.02455762028694153,0.4909568958928599,1.3421345346363738,25.661600574591425,2.5007640567802105,1.0766966564175289,2.6925642984243883,0.17942538857460022,0.07725107669830322,0.0138608044543993,0.4305446780264682,2.857268036306375,2.491598888554747,0.20500391721725464,0.012826273078516692,0.7451945896807459,0.41428905316422515,ADL,ADL_060
165,12.304372907342971,178.58789309325746,0.2289080511970945,0.016423746943473816,0.4297682050870216,0.020654454214379923,107.51974226572287,2.506152283629259,0.9810950903426521,2.458773701119692,0.1798119843006134,0.07039183378219604,0.012657295310935623,0.39147247378150496,0.1616468054714515,7.013717919140889,0.011597871780395508,0.036105274303910306,0.6997871841219044,1.3622221667652445,ADL,ADL_060
166,22.571644962446907,166.73881662913774,0.12119065912418561,0.008695214986801147,0.33532262385032713,1.4705909094592609,308.01816165311806,2.461725165290246,1.1945489576026302,2.9406512301016257,0.17662441730499268,0.08570677042007446,0.015137908384538434,0.48524596135604875,1.3328135501703908,14.456325869458011,0.09562700986862183,0.07441839220808433,0.6952985737835309,0.13465831015120666,ADL,ADL_060
167,34.44241825516973,154.3754776108773,0.018560348011829972,0.0013316720724105835,0.1971352907794706,0.7026190489597012,356.1231987816846,2.3469686438388755,1.1455182532192132,2.688495421250575,0.16839084029197693,0.08218890428543091,0.013839858655300574,0.48808127604593216,3.4426956435411116,7.564674265531521,0.2470073103904724,0.0389414918771358,0.6018506487061215,2.803437752322282,ADL,ADL_060
168,32.63762078489267,159.68777149823399,0.04983611387002692,0.003575652837753296,0.19825285355601738,1.8268070350533874,54.143924108311765,2.3427920618956763,1.2235819134954065,2.86659799401616,0.16809117794036865,0.08778983354568481,0.014756696531883051,0.5222719737549513,0.12529745829597427,5.343077182967555,0.008989870548248291,0.02750513629747431,0.6313005124746618,0.0,ADL,ADL_060
169,45.23213228585333,152.1995087160974,0.054411039133318635,0.003903895616531372,0.11264206194049439,2.215029776424066,377.8353450288199,2.4131002809524285,1.251454315439968,3.019884760187316,0.1731356680393219,0.08978962898254395,0.015545787396895605,0.5186055039603246,2.1092465717025632,4.598602985134677,0.1513347029685974,0.023672725950376616,0.578047894748597,1.5975785317819446,ADL,ADL_060
170,46.845061001165526,86.94737627014449,0.06095400469963161,0.004373341798782349,0.08198852579397448,2.2412980053736358,48.38786145936581,2.48254410746579,1.2411505569433987,3.081211001617718,0.17811813950538635,0.08905035257339478,0.01586148312267177,0.49994825272947085,2.0833147954008435,1.8397872429120632,0.1494741439819336,0.009470871773284983,0.5757751938690712,0.06818102638577406,ADL,ADL_060
171,33.25114740913312,150.44147580009343,0.06601865548366247,0.004736721515655518,0.19388229212326313,6.269820014843206,407.81740776097223,2.515593726450634,1.2009531883734157,3.0211103064330507,0.18048939108848572,0.08616626262664795,0.015552096273854232,0.47740083063150324,0.9914885695453179,1.803020855540023,0.07113754749298096,0.009281605464526166,0.644742575404951,0.0,ADL,ADL_060
172,33.770570619614034,164.45800557746855,0.058655742353363856,0.0042084455490112305,0.19965723183050343,3.2885878696230155,15.58269631442748,2.5753223789143194,1.2664268736423117,3.261457468949542,0.18477481603622437,0.09086388349533081,0.016789357357186674,0.4917520346792429,1.7918595739105658,7.210414875494737,0.12856274843215942,0.03711783249997325,0.6680682679519592,0.0,ADL,ADL_060
173,24.605155855348627,168.47027789154996,0.024158130861907216,0.0017333030700683594,0.2174065628115928,1.9861672086404747,274.96244292796223,2.6017326656485316,1.2115560158902836,3.1521448628047426,0.1866697072982788,0.08692699670791626,0.016226637031785174,0.46567025949613344,0.7923086020263659,3.2793781843439795,0.0568467378616333,0.016881609762045002,0.7070660083164292,0.0,ADL,ADL_060
174,16.950045669853907,168.943467078363,0.04046694606189111,0.0029034316539764404,0.24985555151400324,3.888981389081862,229.65330556484162,2.64886511250033,1.2115884150341494,3.209334283293529,0.1900513768196106,0.0869293212890625,0.016521037196980615,0.45739665424743414,1.4139734055539588,1.7156826146635984,0.10145008563995361,0.008832004955863226,0.755831265973284,0.0,ADL,ADL_060
175,51.491638907436275,158.93955979389216,0.20901310768218154,0.014996320009231567,0.03069818881274506,4.5315934852395445,1036.2477971274711,2.6729451531180484,1.1850526854608674,3.1675808317921526,0.19177907705307007,0.08502542972564697,0.016306098438825245,0.44334860550774746,0.7224012185315454,1.2526035450412998,0.05183100700378418,0.00644816274466109,0.5593800479993748,5.893536539217275,ADL,ADL_060
176,43.818239605266406,169.36731597337837,0.18955617566991437,0.013600319623947144,0.08469842341679228,5.270617956816025,230.20197906509608,2.4847285574348885,1.1490996047372903,2.8552006032278885,0.17827486991882324,0.08244585990905762,0.014698024950632771,0.46246224991973844,5.6464978704947955,9.371406856927923,0.4051262140274048,0.04824220464577422,0.5679430059764119,0.0,ADL,ADL_060
177,66.5170872366942,168.88980897036603,0.2934253386614935,0.02105274796485901,0.0006151683598088822,0.18706767219684547,680.9654289428337,2.497478866666957,1.1516084615186852,2.876117795317764,0.17918968200683594,0.0826258659362793,0.014805702642661345,0.46110581761794517,0.38250927696205306,0.6275157626962624,0.02744436264038086,0.003230330760857214,0.4441194489055161,3.7147067121268744,ADL,ADL_060
178,16.648447099525875,173.74693655126555,0.08788309310933427,0.0063054561614990234,0.16968470076562206,9.729350751985296,1496.0592041150496,2.3498999356114423,1.2423975086085886,2.919509825483139,0.1686011552810669,0.08913981914520264,0.01502907648942653,0.5286991675557338,4.42736793166544,1.3017609049612489,0.3176558017730713,0.00670121540295554,0.7258996247916921,0.0,ADL,ADL_060
179,26.46476044454697,159.85572555055245,0.12481977861078264,0.008955597877502441,0.12323305130864225,1.1286615601889878,294.48940035063293,2.182947147271521,1.3094039226065155,2.8583595574800325,0.15662258863449097,0.0939474105834961,0.014714286641094532,0.5998292556221471,5.008583650197633,1.8345080400931923,0.35935699939727783,0.009443695449959932,0.6646957274615305,1.8361169199048488,ADL,ADL_060
180,44.94599967792996,150.76710849407291,0.37473472855520634,0.026886552572250366,0.04318099742110193,5.553674323319578,554.4371770014897,2.341090691469088,1.3044460228477857,3.0538264416128245,0.16796910762786865,0.09359169006347656,0.01572051266134622,0.5571925349409513,4.744306325927008,5.86400652398376,0.34039556980133057,0.030186780607550645,0.5833390752166756,2.440699567345647,ADL,ADL_060
181,55.24923147002457,66.55814728595641,0.44306452296795495,0.03178909420967102,0.014911082903726705,1.2466692111151885,309.0969537628382,2.368144807344221,1.2940450669196193,3.0644861056951016,0.16991019248962402,0.09284543991088867,0.015775386567042915,0.5464351026584577,0.811623476253982,0.3197899224683143,0.05823254585266113,0.0016462171709008544,0.5272614023304316,1.6823301865873197,ADL,ADL_060
182,20.7100812446645,145.0890015649424,0.375709195113013,0.0269564688205719,0.12212981892265143,3.648866349409533,1036.1745067608022,1.8057754215745196,1.1437055626572916,2.065275394564594,0.129561185836792,0.082058846950531,0.01063164151931062,0.6333549130909198,16.871081573091036,29.976321333915227,1.210470199584961,0.15431235143196886,0.6101753272585095,0.0,ADL,ADL_060
183,37.851962596722046,148.11780497216333,0.2148819218319045,0.015417397022247314,0.11660867250902573,6.03078910036946,514.2564405617263,2.0854614463687624,1.1598162446313276,2.418752063050835,0.1496281623840332,0.08321475982666016,0.012451271596091829,0.5561399830140327,8.390580743827282,10.604300054587222,0.6020092964172363,0.05458890230343627,0.5534915177266585,1.7005142859555311,ADL,ADL_060
184,21.365299396342614,173.5910090376614,0.18304270163199196,0.013132989406585693,0.23034005181859424,2.3182335108454803,494.59989601138295,2.2354686517196467,1.186719164501754,2.6528734906386022,0.1603909134864807,0.0851449966430664,0.013656483790384755,0.5308559190563132,4.500216160526529,7.023642827633023,0.3228825330734253,0.036156365828787784,0.6706165123715931,0.0,ADL,ADL_060
185,11.834461425881695,169.46045972331237,0.3045893359650609,0.021853744983673096,0.20380598373986947,4.002440698657687,285.9251391138276,2.013642513385862,1.3419874923680604,2.7022830670644113,0.1444752812385559,0.09628522396087646,0.01391083481086497,0.6664431222581962,6.654784150013535,1.4822872927742736,0.47746896743774414,0.007630530614406439,0.7289540387817888,0.0,ADL,ADL_060
186,15.356978701884753,161.51575967778243,0.2827531437468618,0.020287036895751953,0.20669158441211277,3.243901973506716,105.67551828009172,1.7542740747845238,1.163689188444196,2.0414297743946954,0.12586605548858643,0.08349263668060303,0.010508888841329167,0.6633398736190671,7.7810531580401525,19.82559878009148,0.5582767724990845,0.10205837908607407,0.637314270247329,2.749193056033793,ADL,ADL_060
187,14.519380958118706,152.84397841794836,0.29315368430138883,0.021033257246017456,0.19382995504471084,1.3139223570548617,25.1279323129814,1.968890157487274,1.0558249617897932,2.078803375297301,0.14126437902450562,0.07575356960296631,0.0107012809688527,0.5362500715042514,6.438482481082504,1.1212080270781666,0.4619497060775757,0.005771763825705989,0.6460434184230022,0.0,ADL,ADL_060
188,4.6733276005631215,115.67968194105829,0.29444923468237727,0.021126210689544678,0.1862863543813151,1.4582730041857077,295.38160072666756,2.412300686696769,0.981596861698931,2.367906783535725,0.17307829856872559,0.07042783498764038,0.01218952985153976,0.4069107950519871,13.30231587628485,8.673102247152716,0.9544175863265991,0.0446474664806118,0.732272268635586,0.0,ADL,ADL_060
189,0.7677520367081714,156.08712339708157,0.2956696024346518,0.021213769912719727,0.19528625502410987,0.510784964251845,117.1672669156485,2.921647627409344,0.8365051879955672,2.4439733978228566,0.2096230387687683,0.06001776456832886,0.01258110618892161,0.2863114598919313,15.280408221377257,2.281998428613954,1.0963422060012817,0.011747290121455478,0.7622654556806963,0.0,ADL,ADL_060
190,9.883381050534217,177.460660661044,0.20438459921941962,0.014664232730865479,0.19232090261312026,2.4525155009596027,273.46887041478135,2.3255017187860174,0.5575784662139718,1.2966496815386628,0.16685062646865845,0.040005266666412354,0.0066749038053366405,0.23976551810195856,17.884377258699804,34.41971148852581,1.283172369003296,0.17718607150754906,0.5865001700041199,5.27295857029729,ADL,ADL_060
192,65.23225985384346,168.53820115801975,1.2164254410638418,0.08727636933326721,0.6574484118063342,5.064827317827562,830.2331820496386,2.68110558363581,4.387454678664744,11.763229236917104,0.19236457347869873,0.31479209661483765,0.060554847399778566,1.636426367370228,5.334057972746889,156.99869333067662,0.38270920515060425,0.8081991539166289,0.6375985563675364,0.0,ADL,ADL_060
193,72.17761824868415,176.26704012219705,0.8609964485161961,0.06177496910095215,0.5469673312243177,0.7234853437301261,208.36075184522088,2.312262099406849,4.474910767672873,10.347166566317595,0.16590070724487305,0.3210669159889221,0.05326522843549242,1.935283978211407,11.065304526868829,42.481880117985256,0.7939159870147705,0.21868856892858446,0.5990132319517547,1.15755973247345,ADL,ADL_060
194,74.3410709661701,165.70924271661323,0.8190644796284805,0.05876642465591431,0.47746576777509314,3.7012283503801657,64.90358152457816,1.949655034998395,3.933311725362918,7.668601009572037,0.13988429307937622,0.2822081446647644,0.03947648681767291,2.017425409436207,10.87821193225362,80.35696670236673,0.7804924249649048,0.41366224853458533,0.5869940501879439,0.36057545291432347,ADL,ADL_060
195,75.96924545223123,93.86709937538447,0.8942977839264579,0.06416428089141846,0.46054303033621824,0.6084559217977332,48.845234581834234,1.5266875348208742,2.405081492845669,3.6718079353558633,0.10953712463378906,0.17256033420562744,0.018901762834730107,1.575344974934855,12.689025005325625,119.90379222648522,0.9104150533676147,0.617241719488284,0.47838249729638643,3.258346586746725,ADL,ADL_060
196,74.35665438090194,98.98454709160407,0.9183994239734198,0.06589353084564209,0.45935256948597364,0.17560335975206146,48.37773213987873,1.4637085836296369,1.7153560570235964,2.5107813846465272,0.1050184965133667,0.1230737566947937,0.012925020888339134,1.1719134139928873,1.8893685357371193,34.83079652128008,0.1355588436126709,0.1793022583917292,0.36072405362010057,3.529753310288576,ADL,ADL_060
197,62.77427948188257,114.45539616779627,1.0953336408658105,0.07858824729919434,0.4387305144154594,2.664331134586167,347.47124697058115,2.1370799285250417,1.9132757809208922,4.088823269139114,0.1533316969871521,0.1372741460800171,0.021048477770911234,0.8952698855321082,20.201140346862147,47.34125653477761,1.449396014213562,0.243703706477163,0.5971660214551295,0.0,ADL,ADL_060
198,61.42337688369243,96.36212784535036,1.0182191093554265,0.07305541634559631,0.4515331607260802,2.3006258222753933,40.52707794570438,1.8032117354727366,1.787839587829383,3.223853325916684,0.12937724590301514,0.1282743215560913,0.01659577844300486,0.991467465498401,10.016045791569153,25.949098296672908,0.7186335325241089,0.1335809798371912,0.51034059703157,2.604762732706787,ADL,ADL_060
199,60.45891666173814,96.53821853166099,1.0327160647407674,0.07409554719924927,0.4016480327666154,0.45708961389904673,28.93380665862871,1.8546765293824736,1.8363369524599338,3.4058110457651787,0.13306975364685059,0.13175392150878906,0.01753246187718105,0.9901042708335733,1.5439438172921105,5.458731595454842,0.11077523231506348,0.02810050302528566,0.5355423486853017,0.0,ADL,ADL_060
200,61.40436761375932,61.90648217889565,1.0136616297849854,0.07272842526435852,0.4160785283696677,1.6976029876797534,28.363528560635487,1.7487504361290622,2.7865664584132013,4.873009309452702,0.12546974420547485,0.19993120431900024,0.02508531706459749,1.5934487803115807,3.177782797602342,44.015947910625705,0.22800028324127197,0.22658565562249322,0.6588646243680039,0.0,ADL,ADL_060
201,62.1695981706855,71.36038985821583,1.0078642599012229,0.07231247425079346,0.41125354817551507,1.0342928230755644,22.95691670778531,1.7761925109833052,2.672931030414312,4.74764007859679,0.12743866443634033,0.1917780637741089,0.02443994031555974,1.5048538037379044,0.8232622456272898,3.761076925677367,0.059067606925964355,0.019361302471132547,0.6546133434961917,0.1275384261543644,ADL,ADL_060
202,65.2815128414159,51.37359277333662,0.9291123255047032,0.06666216254234314,0.38920925376402477,2.2671550144202954,93.3574401219122,1.7589262595447261,2.083803274800662,3.665256299772179,0.1261998414993286,0.14950919151306152,0.01886803627164113,1.1846925086775821,0.5179875431573722,32.471513364738335,0.03716468811035156,0.16715712131755822,0.5370442923124144,3.527071535513321,ADL,ADL_060
203,64.99689245155592,52.80729783375564,1.0135868625299107,0.07272306084632874,0.38629789992614466,0.3127015831406635,8.538611695799432,1.8787299860872764,2.0062197864515037,3.7691452714880525,0.13479554653167725,0.1439427137374878,0.019402836767497433,1.0678516433925196,3.594111796276507,3.1166691514762057,0.257871150970459,0.016044014875689072,0.5499552656371764,0.0,ADL,ADL_060
204,64.84440154618612,95.50347028169955,1.0202025184831018,0.07319772243499756,0.3993917231579174,0.4854014811539916,4.574727161094074,1.884052583901315,3.428150920187246,6.458816599182452,0.13517743349075317,0.24596375226974487,0.03324874876357953,1.8195487691205559,0.1596779344211563,80.69013983083198,0.011456608772277832,0.4153773598824628,0.6397533247434104,0.0,ADL,ADL_060
205,64.87860363242132,134.6502929241874,0.9924181757500729,0.07120424509048462,0.3779925040082658,0.5842562535718956,1.0260625870559181,1.9709520722327778,3.7921303790999596,7.474107228863936,0.14141231775283813,0.27207863330841064,0.038475270147166896,1.9239958274930586,2.6069846499438865,30.458718890444523,0.18704652786254883,0.15679564150762104,0.6395633131532149,0.0057003477058648055,ADL,ADL_060
206,67.13575290907217,168.42880456121335,0.9970304846409018,0.07153517007827759,0.33838247376425834,0.3723907751086152,67.7144782995255,2.068993543064925,4.089594395656404,8.461344398367604,0.14844661951065063,0.2934211492538452,0.04355737769966339,1.9765972012289035,2.941244124964413,29.61711508511005,0.211029052734375,0.15246322657489486,0.627023594949599,0.3761915461084764,ADL,ADL_060
207,71.13593943818647,86.16347692980526,0.9772740682346966,0.07011768221855164,0.3134409482186242,0.7745763013644896,120.00559587342906,1.818049712615946,2.4807891538397318,4.5101980081990805,0.1304418444633484,0.17799222469329834,0.02321763408912858,1.3645227181726345,7.528314913469365,118.53439170505571,0.5401432514190674,0.6101923083160443,0.5966659333845872,0.9107298469503555,ADL,ADL_060
208,71.22463671283502,73.8544832271647,0.9621760671932833,0.06903442740440369,0.3105956387893934,0.2313797320377716,2.660918239456578,1.7506495244079592,2.143872118274937,3.7531687042495023,0.1256060004234314,0.1538190245628357,0.019320592464371344,1.2246055080075098,2.0220056462396063,22.710879118487345,0.14507532119750977,0.11691124874271708,0.5136143407796967,2.4915477781467144,ADL,ADL_060
209,71.96688339799988,73.8781780109664,0.9202843895485803,0.06602877378463745,0.3164943598411462,0.04537126262115071,22.267400554945738,1.799055506837863,2.09315915065234,3.7657094966691567,0.12907904386520386,0.15018045902252197,0.019385150057864564,1.1634676788563298,1.4521794728971171,0.37622377258963,0.10419130325317383,0.0019367278047965897,0.5108584007546306,0.08267820075198218,ADL,ADL_060
210,74.14335607551551,103.48899808429138,0.8785156625011111,0.06303194165229797,0.30057433436755066,0.1371605294344976,65.294180325469,1.8230890256079793,3.4415865959241656,6.27431875370887,0.1308034062385559,0.24692773818969727,0.03229898924999475,1.887763151795974,0.7210055631034851,75.25827771119138,0.05173087120056152,0.3874151757639055,0.5880924662471361,0.0,ADL,ADL_060
211,72.66506669874285,130.1497644198417,0.8474702213259081,0.06080448627471924,0.296509487933324,0.5742748250194262,44.348681303179944,2.0071743150746237,3.809597671379962,7.646526596761957,0.14401119947433472,0.273331880569458,0.03936285197538325,1.8979772655869347,5.522558683999335,41.16623529159262,0.39623379707336426,0.2119158817616551,0.5963051850069842,0.0,ADL,ADL_060
212,72.86157967952836,59.10245185453124,0.7820463808937287,0.0561104416847229,0.2732003807901537,0.2845641728142262,5.895389423565405,1.9739203322592425,2.6625026598259516,5.25556813492476,0.1416252851486206,0.1910298466682434,0.027054656506287245,1.3488304552207904,0.9976194844614383,71.72875385511593,0.07157742977142334,0.3692458640728802,0.5952134462248424,0.03275216346425247,ADL,ADL_060
213,74.28846069739812,66.5798599113075,0.7477867784975931,0.05365237593650818,0.25836198827330514,0.3973754995127369,42.80643053609282,1.9852126800173548,2.1576317854505134,4.283357979284845,0.1424354910850525,0.1548062562942505,0.022049905138310066,1.0868440742605185,0.3387704327433716,29.166304669197444,0.024306178092956543,0.15014254103931535,0.5544135876227525,1.223995758062697,ADL,ADL_060
214,75.26471513986502,74.34088446046535,0.6646198376889138,0.04768529534339905,0.2476573942148077,0.23344829276150436,29.28763327400688,1.9538768926682786,2.1559719523878558,4.212503779011546,0.14018720388412476,0.15468716621398926,0.021685161308298007,1.1034249810479695,0.9400736204722882,2.125626008198971,0.06744861602783203,0.010942314900361794,0.5412628534978764,0.3945220237462832,ADL,ADL_060
215,78.2761974230333,79.45228735516521,0.5788950260094019,0.04153469204902649,0.23380759095950213,0.7397222992905104,90.34446849504832,1.9236983362783024,2.1455726579542467,4.1274345524708,0.13802194595336914,0.15394103527069092,0.021247241250136994,1.1153292969322628,0.9053566916992839,2.55207679622238,0.06495773792266846,0.013137601744830363,0.5152550595833336,0.7802338174362833,ADL,ADL_060
216,78.04075983998375,81.29732063173527,0.5397884286162307,0.03872886300086975,0.23695113866175305,0.4400800633695574,7.0631274914863695,1.9093322235893422,2.0989004450947966,4.007498253925508,0.1369912028312683,0.1505923867225647,0.020629832194355657,1.0992770654841397,0.4309833806688079,3.5980889563587493,0.030922293663024902,0.018522271673440116,0.5034832348104489,0.3531547431865423,ADL,ADL_060
217,78.11293638445169,87.7423307077997,0.43882563497886,0.03148496150970459,0.22456469673771465,0.2207004757712717,2.1652963340380893,1.940821699184961,2.044381824188898,3.9677806058051477,0.1392505168914795,0.1466807723045349,0.020425373361447896,1.0533513427996992,0.944684267868563,1.1915294436108148,0.06777942180633545,0.006133764987232837,0.49875079346756573,0.14197324028649427,ADL,ADL_060
218,78.82898375769904,79.88859578657757,0.36057671805953734,0.02587074041366577,0.21016452341033157,0.1335093951450175,21.481421197420474,1.9696087538832694,2.048052896413065,4.033862913191157,0.14131593704223633,0.14694416522979736,0.020765552402338017,1.0398199133475359,0.8636116409492534,1.982469221580292,0.06196260452270508,0.010205371226703619,0.5019794457610856,0.0,ADL,ADL_060
219,81.32099349827202,74.9624924847449,0.33335479123412554,0.02391761541366577,0.180269667216,0.22021448861328627,74.76029221718946,1.9870311858102268,2.0532101755186605,4.079792649778468,0.14256596565246582,0.147314190864563,0.02100198987491808,1.033298213161592,0.5226729578087208,1.377892097619311,0.037500858306884766,0.007093124177401933,0.49314387524991576,0.26506711533509364,ADL,ADL_060
220,81.02475955077634,73.5610404827519,0.40427942477160483,0.02900633215904236,0.15093971917112156,0.5658012027776292,8.887018424870377,2.0486867565866422,1.9816894808087802,4.059860995000007,0.146989643573761,0.14218270778656006,0.020899385539898674,0.967290871920101,1.8496671232924644,0.5979496433538145,0.13271033763885498,0.0030781300505822173,0.4926159464824143,0.015837863025043863,ADL,ADL_060
221,80.39703140109022,67.44147377482577,0.37248714179293363,0.026725292205810547,0.1597601784017371,0.5035699241371385,18.83184449058362,2.1185733713995014,1.9839449596701997,4.203132961879543,0.15200388431549072,0.14234453439712524,0.021636922139443016,0.9364471085132032,2.0965984443857755,4.2981590063860775,0.1504272222518921,0.02212609798633025,0.5117280385488049,0.0,ADL,ADL_060
222,79.41773717267051,93.8180975085576,0.42113196406543735,0.030215471982955933,0.1647749843490515,1.0355140215751175,29.378826852591118,2.202372510887201,1.9700640033919463,4.338814805758813,0.15801632404327393,0.14134860038757324,0.022335386241906008,0.8945133151910871,2.513974184630987,4.070455316378085,0.1803731918334961,0.02095392307388977,0.5319655246148233,0.0,ADL,ADL_060
223,79.03409185752938,103.22192241103913,0.4043205467618959,0.02900928258895874,0.17822478278970755,0.2702960883041417,11.50935945423413,2.252327836991708,1.9714579973254498,4.440369726836035,0.1616005301475525,0.14144861698150635,0.02285817149284952,0.8752925597446679,1.4986597831352144,3.046647632316679,0.10752618312835693,0.015683557528305414,0.5451720934401878,0.0,ADL,ADL_060
224,81.32919028635374,85.52333924972989,0.3794064358764558,0.027221739292144775,0.1914868323453983,0.7439840328297671,68.85295286473081,2.3032011388390767,2.0090950027827645,4.6273498984451615,0.16525059938430786,0.14414900541305542,0.023820709545159247,0.8723002134328733,1.526199055421058,5.609405148273785,0.10950207710266113,0.028876141569291747,0.5481711650758125,0.0,ADL,ADL_060
225,88.03252467402797,88.77035932845375,0.23726973024309903,0.017023682594299316,0.20535449666719394,2.3931004555935913,201.10003163022697,2.398570926423222,1.9621436588377021,4.706340733553798,0.1720932126045227,0.14078032970428467,0.024227339210334264,0.8180422082397494,2.861093627524358,2.3697250532590974,0.2052783966064453,0.012198889955250536,0.5109304184776224,1.117222397945703,ADL,ADL_060
226,88.60382530502817,108.94146531516719,0.2306648740045298,0.016549795866012573,0.18829759354282394,0.15365917038764335,17.13901893000596,2.3818346917483946,1.9208621650691362,4.5751761428286,0.17089241743087769,0.13781845569610596,0.02355212906049786,0.8064585387079068,0.502087040244823,3.934937721755931,0.036023855209350586,0.02025630449509208,0.5067083992518597,0.12666057677288123,ADL,ADL_060
227,86.19035695211502,101.82071788389784,0.2783967050178438,0.019974470138549805,0.2066832769393267,0.41322615758856873,72.40405058739427,2.420104726632008,1.9528924571431285,4.726204266136082,0.1736382246017456,0.14011657238006592,0.02432959286535663,0.8069407859971365,1.1481010465084074,4.530843699224452,0.0823742151260376,0.02332391414576307,0.521164683599361,0.0,ADL,ADL_060
228,81.86567348680595,106.29932264203553,0.3675417032433829,0.026370465755462646,0.252555895543117,1.0229905063501088,129.74050395927236,2.454147088614788,1.9861157023092013,4.874220068474241,0.17608070373535156,0.14250028133392334,0.025091549819762804,0.8092849984465129,1.0212708594833897,4.440474070144758,0.07327437400817871,0.0228587086321852,0.5451907028510781,0.0,ADL,ADL_060
229,80.06497714996203,103.54840045428926,0.3972018733315079,0.028498530387878418,0.2436228700562502,1.046043743331468,54.02089010531739,2.3826247324103504,2.0256434885726264,4.826348274919123,0.17094910144805908,0.1453363299369812,0.024845115010485586,0.850168140912977,2.145670686133121,1.4361538066535218,0.15394806861877441,0.007393044278316552,0.5551945713890998,0.0,ADL,ADL_060
230,79.38019623945107,110.41281096045114,0.42521217932431826,0.030508220195770264,0.24313106766731452,0.5830101326539843,20.543427315328984,2.315035133822841,2.0584339144065447,4.76534683250363,0.1660996675491333,0.14768898487091064,0.024531091287727236,0.8891534697006778,2.027687957625277,1.8300432724648097,0.14548301696777344,0.009420711682750493,0.5589989097808274,0.0,ADL,ADL_060
231,76.26107856522437,106.44549321414253,0.39703073939211475,0.028486251831054688,0.25651731394115707,2.3542464053731167,93.57353022680101,2.1299089180161013,2.0702454792137868,4.409434308659962,0.15281718969345093,0.14853644371032715,0.02269892189487166,0.9719814376043006,5.553786474202198,10.67737571531004,0.3984743356704712,0.05496508178566728,0.5572040199801023,0.05384669402175524,ADL,ADL_060
232,74.58585788639395,127.41150051261037,0.38947924662957223,0.027944445610046387,0.2129005895724255,2.086629477042485,50.25662036491241,2.2273115441909996,2.0614943873809346,4.591590247298509,0.15980565547943115,0.14790856838226318,0.023636625721351834,0.9255469863788034,2.922078785246951,5.464678159156415,0.20965397357940674,0.02813111479440522,0.5856341228533669,0.0,ADL,ADL_060
233,77.07767660593161,129.5094700002216,0.3696086024725585,0.02651876211166382,0.18576090672759582,1.3922659791639456,74.75456158612985,2.0761130472425915,2.0577651628472657,4.272153102748485,0.14895743131637573,0.14764100313186646,0.021992224583495812,0.9911557326908796,4.535954908452244,9.583114336500724,0.3254467248916626,0.04933203413568066,0.5376959810861293,1.4381442530171296,ADL,ADL_060
234,76.7242934098846,118.69207696345575,0.3825217381712341,0.02744525671005249,0.1900238863877704,0.707497612353324,10.601495881410585,2.115056818169156,2.024979721497019,4.282947166606549,0.1517515778541565,0.14528870582580566,0.02204779035345439,0.9574051912675711,1.168313127796936,0.32382191574193087,0.08382439613342285,0.0016669730987572962,0.5408363819456188,0.0,ADL,ADL_060
235,78.92628561306216,122.88410830742824,0.4349722137270389,0.03120848536491394,0.1935832231029644,0.8979921170744256,66.05976609532703,2.117563182708715,2.0127062612028714,4.26203267633051,0.15193140506744385,0.14440810680389404,0.02194012656984512,0.9504760142498256,0.07519093618676642,0.6274347082811627,0.0053948163986206055,0.0032299135082780595,0.5263222345852479,0.435424420811128,ADL,ADL_060
236,78.7544900722164,124.38679239297248,0.4385610419706235,0.03146597743034363,0.19644847046688182,1.5037688788986494,5.153866225372923,2.1004688959568076,2.031061622323705,4.266181763462515,0.15070492029190063,0.1457250714302063,0.021961485274420767,0.9669498792612329,0.5128286025572182,0.12447261396014042,0.03679454326629639,0.0006407611372694078,0.5277291384302988,0.0,ADL,ADL_060
237,75.62941540027542,129.46614129490828,0.37798751952459414,0.027119934558868408,0.1654578586120669,1.1826061347253682,93.75224015822937,2.0285502733004743,2.023442839031595,4.10465552412543,0.1455448865890503,0.1451784372329712,0.02112997918224835,0.9974753710689427,2.1575586796899993,4.84578718011254,0.15480101108551025,0.024945182765172547,0.5274752071512823,0.007617938370495514,ADL,ADL_060
238,72.70526137864586,121.28181523321452,0.38504471765636517,0.02762627601623535,0.14696043970659145,0.9830897145585887,87.72462064888686,2.12061451746304,1.995601174736342,4.231900822212185,0.15215033292770386,0.14318084716796875,0.02178501356547713,0.941042345228763,2.761927324876976,3.81735894260264,0.19816339015960693,0.019651031496863425,0.5575974112091912,0.0,ADL,ADL_060
239,76.09252540349246,129.28965359206802,0.3537849436832814,0.025383442640304565,0.146128446307066,3.0861804489266818,101.61792074539804,1.8778560399501811,1.9347763512385339,3.6332314571260547,0.13473284244537354,0.13881677389144897,0.018703178525491637,1.0303036814802549,7.282754325385772,17.960080952583912,0.5225247144699097,0.09245505119956476,0.47349059992666365,2.5232043384758254,ADL,ADL_060
240,75.75318399477219,126.81579270822333,0.441724527607561,0.031692951917648315,0.14371803307818623,0.3624218077653247,10.180242261608186,1.8095411989884476,1.9369578935921574,3.5050051091608903,0.12983137369155884,0.13897329568862915,0.018043093885697914,1.0704055678654254,2.049445228852007,3.8467904389549323,0.14704406261444092,0.019802539193811697,0.4613919363479577,0.3629599073611778,ADL,ADL_060
241,66.26650835309503,121.32206817322306,0.5260669758154699,0.037744373083114624,0.22597696711134746,0.40299550485251684,284.60026925031457,1.899697216652052,1.937191333577446,3.6800769845195513,0.13629990816116333,0.13899004459381104,0.01894433031345244,1.0197294095023053,2.7046805299081345,5.252156260759833,0.19405603408813477,0.02703709283263578,0.5331883843627001,0.0,ADL,ADL_060
242,70.6261562124152,134.19619939358213,0.5041485396166886,0.03617176413536072,0.14669916968746938,1.5526417412991311,130.78943577960487,1.8731598255842128,1.8763806327833743,3.5147608188341004,0.13439589738845825,0.13462698459625244,0.018093314407515493,1.001711997912639,0.7961217320351777,4.959484970563528,0.057120323181152344,0.025530477178108413,0.49093934582298515,1.2674711561914487,ADL,ADL_060
243,66.17894332813744,141.58693624402022,0.4941824798888733,0.035456717014312744,0.20631442514762494,1.779772201006825,133.41638652833282,1.8370530566140935,1.8759062760872893,3.4461393584077165,0.13180530071258545,0.1345929503440857,0.017740064293896296,1.0211420062351706,1.0832030691035799,2.0586438127915185,0.07771790027618408,0.010597503408575903,0.5081624801266452,0.0,ADL,ADL_060
244,65.55795666863732,160.16893381717128,0.47897149721756926,0.03436535596847534,0.21779992164801346,1.3008505486259723,18.629599785003563,1.7088853664705224,2.2020867338233603,3.763113795129609,0.12260949611663818,0.1579958200454712,0.019371787884310265,1.2885994678234667,3.845030704307133,9.509233101656775,0.27587413787841797,0.04895170771241908,0.5461804715935494,0.0,ADL,ADL_060
245,64.19030434128733,166.32907790033957,0.4608342072573702,0.033064037561416626,0.22873047896629214,2.0145912267780317,41.0295698204996,1.7563044211334407,2.4430283670379045,4.290701521983082,0.12601172924041748,0.17528295516967773,0.022087708287301666,1.3909940386677797,1.4225716398875488,15.82763180560419,0.1020669937133789,0.08147761208974202,0.6113153160097313,0.0,ADL,ADL_060
246,65.18487488655731,150.50409738627556,0.42360011423018035,0.030392557382583618,0.2572982163830482,0.4190206198568563,29.837116358099394,1.8831312851693391,2.3688127281562217,4.460785357098314,0.13511133193969727,0.16995811462402344,0.022963267240811547,1.2579023112403862,3.8048059210769547,5.102515053456962,0.27298808097839355,0.02626676860529642,0.6243386412288228,0.0,ADL,ADL_060
247,71.64412481153165,132.64422428592601,0.3293248361856004,0.02362847328186035,0.15836618446823364,4.632591585636256,193.77749774923032,1.8307701149459845,2.4584254370996166,4.500811820064998,0.13135451078414917,0.17638766765594482,0.023169315793303724,1.3428265521786524,1.5708351067006388,1.2007938890005132,0.11270463466644287,0.0061814565747653205,0.5928190581743731,0.9455874916334905,ADL,ADL_060
248,64.40617608884193,119.96803746511202,0.40600488686927266,0.029130131006240845,0.28166403406460727,0.9288709934202678,217.13846168069168,1.8965295772787214,2.2100220318286192,4.191372149800593,0.13607263565063477,0.15856516361236572,0.02157637973510873,1.1652893880154516,1.9727838699821065,9.283190107932153,0.14154374599456787,0.04778808174584981,0.5992835327321316,0.0,ADL,ADL_060
249,77.43695179127958,37.93992465914028,0.3543610669209957,0.0254247784614563,0.23536524210689125,2.828133729245608,390.92327107312957,1.1891682074790892,2.185692767027319,2.5991563498658876,0.08532071113586426,0.15681958198547363,0.013379958255029578,1.8379798048794154,21.220841093988966,47.76647399804115,1.5225577354431152,0.24589264440237457,0.35324913870988395,7.381031820667431,ADL,ADL_060
250,73.00827053977423,16.489408319733922,0.4076451973708832,0.029247820377349854,0.24621147857639128,0.33867074306993517,132.86043754516058,1.8937482353899435,2.2057835592131636,4.177198722912078,0.13587307929992676,0.15826106071472168,0.021503417652581902,1.1647627091947257,21.13740083732563,47.34127119138572,1.516571044921875,0.24370378192656972,0.549948417338582,0.0,ADL,ADL_060
251,69.5465493451309,34.10703385519157,0.5199368916466249,0.03730455040931702,0.26427026291876193,0.6740891105441219,103.85163583929995,2.268093758845122,2.429596845037378,5.510553440739076,0.16273170709609985,0.17431926727294922,0.028367271943068317,1.0711999473468297,11.23036570365536,40.00064153480994,0.8057588338851929,0.20591562871459246,0.6136302814159394,0.0,ADL,ADL_060
252,67.42301429096374,2.935557565494634,0.5537811204034567,0.03973281383514404,0.267107680248846,1.8495798948282165,63.70605162501491,2.3964425518954298,2.5882064384582435,6.202488042211055,0.17194050550460815,0.1856992244720459,0.03192921852753727,1.0800139496688834,3.8504637915092266,20.758038044159363,0.276263952255249,0.10685839753406867,0.6254276983835347,0.0,ADL,ADL_060
253,64.01379744019253,123.89015434540337,0.671749726207563,0.04819685220718384,0.2940197383393372,2.0381304509173765,102.27650552313605,2.509993243671901,2.533061434104275,6.357967085407587,0.18008756637573242,0.18174266815185547,0.03272959481409998,1.0091849349984383,3.4065207532941377,4.664371295895968,0.24441182613372803,0.024011288596881286,0.6443677919989304,0.0,ADL,ADL_060
254,69.67170656545622,31.286578749665715,0.4843402015055705,0.034750550985336304,0.2531802021229906,4.705265357568844,169.73727375791057,1.7860900340606354,2.4283083560082575,4.337177354292514,0.12814879417419434,0.1742268204689026,0.022326956955893706,1.359555991421068,21.71709628833797,60.62369193345219,1.5581631660461426,0.3120791357461883,0.5859315646683685,1.7530868199168559,ADL,ADL_060
255,69.91061944157212,13.476197114992859,0.5003200407832258,0.03589707612991333,0.19903209450335127,0.8121343858303365,7.1673862834771285,1.6796987223312037,2.4147929285325915,4.05612459675062,0.12051540613174438,0.17325711250305176,0.02088015127851861,1.4376226280233835,3.1917393518829518,8.431582726256819,0.22900164127349854,0.04340417032125288,0.5539536914684553,0.9593361959973956,ADL,ADL_060
256,70.28686447001081,13.85670909125234,0.5172195172982996,0.037109583616256714,0.27898778170657307,0.33494484152538034,11.28735085316066,1.339797642541651,2.4537499914156133,3.287528453885235,0.09612810611724854,0.17605221271514893,0.016923565786058248,1.8314142284899466,10.197032393686582,23.05788428596155,0.7316190004348755,0.11869756477381088,0.4680431744571269,2.577315510339852,ADL,ADL_060
257,80.08023439053655,31.872180138968158,0.5056920680603415,0.036282509565353394,0.2696655511196786,2.9605091543553264,293.80109761577205,0.8706522241354515,2.5849989232155397,2.2506350618853572,0.062467753887176514,0.18546909093856812,0.011585837526428833,2.968989765243915,14.074362552185981,31.10680175999634,1.0098105669021606,0.16013184778888245,0.30055578629623814,5.024621644826663,ADL,ADL_060
258,84.84849016206061,97.99641480073659,0.5309912303094161,0.03809767961502075,0.1741736436855779,5.21475435606606,143.04767314572203,1.884964744413226,2.5732089578375414,4.850408165532065,0.13524287939071655,0.18462318181991577,0.0249689707116012,1.3651130287866375,30.429375608333235,77.99319310940125,2.183253765106201,0.40149399555517107,0.5286194990996633,0.0,ADL,ADL_060
259,89.29055750428692,116.19773108493762,0.6600116825344777,0.047354668378829956,0.18334093990501207,0.13379600295613708,133.26202026678928,1.7982222673174197,2.662854896672081,4.788404969830964,0.12901926040649414,0.19105511903762817,0.024649790155109486,1.4808148614464551,2.6022743128741888,1.8600958710330406,0.18670856952667236,0.009575416694751482,0.503941347198406,0.7403445570377198,ADL,ADL_060
260,88.72826060803386,135.496811613736,0.5453361589427718,0.03912690281867981,0.17425547229252072,5.310917507301276,16.868906887591777,1.3620367471899746,2.552980261603448,3.4772529311545712,0.09772372245788574,0.183171808719635,0.017900230997426547,1.8743650952661697,13.085565603823355,39.33456116029178,0.938866138458252,0.20248677473048815,0.3862816269819798,3.5297916064927852,ADL,ADL_060
261,86.87148227068828,152.69033321451573,0.6005285158916208,0.043086856603622437,0.10246893845348612,22.16243498198111,55.703350120367645,1.2045968459373884,2.3708929193418546,2.8559701326944853,0.08642768859863281,0.17010736465454102,0.014701986340696749,1.9681817161950075,4.723197037577587,18.638483953802577,0.3388810157775879,0.09594733970189395,0.32884224655355065,1.723181412852875,ADL,ADL_060
262,85.39607074461148,166.1348631646015,0.3290332438908091,0.02360755205154419,0.17244112023604186,5.903286008048775,44.262345782303925,0.8436712140208359,2.2180719729583265,1.871323474211342,0.06053191423416138,0.15914273262023926,0.009633214241958399,2.629028102044161,10.827768957496573,29.539399754494298,0.7768732309341431,0.1520631629621505,0.22965703624837747,2.9755563091551958,ADL,ADL_060
263,83.31047315959816,174.33206654951877,0.21469957280425012,0.015404313802719116,0.23045635643759932,5.459318047415334,62.56792755039953,0.7236714311205341,2.33989607688245,1.6933159426308464,0.05192214250564575,0.16788339614868164,0.008716865619163627,3.2333057678553874,3.5999934870090535,5.3402259474148694,0.25829315185546875,0.027490458683843144,0.22183084318444912,0.23478579191785032,ADL,ADL_060
264,87.79477209587547,156.46589718321303,0.07595023919941558,0.0054492950439453125,0.1439930104274053,13.182625962119468,134.52896808831937,0.582373780238571,2.1643965605402147,1.260487806897166,0.04178428649902344,0.1552916169166565,0.00648874941214217,3.716418623102795,4.238929526458893,12.984844072010409,0.30413568019866943,0.06684348621064373,0.14971542767093918,2.1634624654052983,ADL,ADL_060
265,87.23435048213024,44.538322645919976,0.2851270040954828,0.020457357168197632,0.1125945016587941,15.105988676497214,16.81264841235702,1.2881259925595405,2.1482094498165467,2.767164429770724,0.09242075681686401,0.154130220413208,0.014244831618938747,1.6676833001413383,21.172566369629084,45.20029868620674,1.5190941095352173,0.23268246620389732,0.3171414888958724,0.0,ADL,ADL_060
266,87.21251029360617,112.6714006536586,0.14376372417850963,0.010314792394638062,0.20936077541827877,7.3212096169125145,0.6552056557219998,0.7266072920031332,2.0058642266162594,1.4574755738275995,0.05213278532028198,0.14391720294952393,0.007502804645262984,2.760536225508543,16.84556101669222,39.290665678293735,1.208639144897461,0.2022608092102729,0.17443297639399716,4.281255375056258,ADL,ADL_060
267,85.92667963497006,120.56770733022483,0.07929441236945023,0.0056892335414886475,0.1704062047770927,1.934403345710439,38.57491975908346,0.6453543929243657,1.9962857104939147,1.2883117527993864,0.04630303382873535,0.14322996139526367,0.006631981747773352,3.093250189066207,2.437586972363026,5.074914630846394,0.17489254474639893,0.026124686924688945,0.16312809626644284,0.33914640382662953,ADL,ADL_060
268,89.6336500948354,104.99964566712812,0.3206451886187088,0.02300572395324707,0.1186996634092809,8.374543167613764,111.20911379596038,1.0612530645082148,2.0323982946949846,2.156888918546322,0.07614302635192871,0.1458209753036499,0.01110325036520976,1.9150678298739097,12.476960147515472,26.05731497240807,0.8951997756958008,0.13413805852309224,0.23725764520549808,0.0,ADL,ADL_060
269,84.89780531159265,78.83846279214588,0.05984537245632985,0.00429379940032959,0.043593048071291274,8.132882938003224,142.07534349728263,1.0517360236844868,1.9880671276666504,2.090921815669962,0.07546019554138184,0.14264029264450073,0.010763664375033954,1.890246922556095,0.28551122471183854,1.9790130862907995,0.02048492431640625,0.010187579705274175,0.2563737645251478,0.0,ADL,ADL_060
270,85.35944920276549,82.87811143817409,0.07357762497171245,0.005279064178466797,0.014294668422999913,3.4681289714756764,13.849316735185226,1.0642229860292367,1.9529747011237106,2.0784005680694317,0.07635611295700073,0.14012247323989868,0.010699207394520016,1.8350939135009776,0.37460887034249657,0.37563742801590916,0.026877522468566895,0.00193370941541815,0.2524435550566074,0.11790628405621173,ADL,ADL_060
271,85.88418422552256,95.27948000194436,0.4109694326062313,0.02948632836341858,0.06583879869784394,11.185891648095106,15.742050682712119,1.3435742196702007,1.9563857494496733,2.6285494566907457,0.09639906883239746,0.14036720991134644,0.013531268330055468,1.4560903494310868,8.380537009228922,16.50446665863942,0.6012886762619019,0.08496182806606356,0.3095255736923864,0.0,ADL,ADL_060
272,86.70112748968252,86.54668257544547,0.3918265230652778,0.028112858533859253,0.07068496294760102,1.8599102372377012,24.508297924798796,1.397097605336327,1.969891207957996,2.7521302894112014,0.10023927688598633,0.14133620262145996,0.014167438748586392,1.4099741841517088,1.6057015699837907,3.7074249816136717,0.11520624160766602,0.019085112555927708,0.3184642708329938,0.0,ADL,ADL_060
273,86.68655087971254,60.876551983502864,0.38079918368904137,0.027321666479110718,0.02432054195487499,3.0230395020161156,0.43729829909935347,1.5366166262947916,1.9417471516533298,2.983720957291061,0.11024951934814453,0.13931691646575928,0.015359623077415563,1.2636395482712428,4.1855706287539345,6.947720036395788,0.3003072738647461,0.035765529864875134,0.3438016779686154,0.0,ADL,ADL_060
274,86.91636613898586,67.55787996091078,0.304082164751471,0.02181735634803772,0.02868362666212178,0.7344387465985664,6.894457778199694,1.4892092020937737,1.9735589571930483,2.9390421599264798,0.10684812068939209,0.1415993571281433,0.015129625199968189,1.3252271634482546,1.4222227260305353,1.3403639209374374,0.10204195976257324,0.00689993632342123,0.3376524213087261,0.18447769979667905,ADL,ADL_060
275,87.49531379879153,97.78627144905133,0.32677776502938966,0.023445725440979004,0.023998627384414568,0.8471005387869278,17.368429794169913,1.4271806257892634,1.9239708213856856,2.745853880865506,0.10239768028259277,0.13804149627685547,0.014135129001488167,1.3480788609374468,1.8608572891353092,5.795648371829207,0.1335132122039795,0.029834885954400647,0.313367642652906,0.7285433596746022,ADL,ADL_060
276,85.96568150105581,76.2568107078,0.2995940525787938,0.021495342254638672,0.004032447290360991,0.3274307323903752,45.88896893207149,1.341363601161826,1.7192065706599424,2.3060811167614936,0.09624046087265015,0.12335002422332764,0.011871263179905611,1.2816724009057638,2.5745107388231236,13.193182923120377,0.1847165822982788,0.06791597464747667,0.2739056006038959,1.1838612614703032,ADL,ADL_060
277,85.44168412679528,115.21454882808295,0.2558452393927636,0.01835644245147705,0.01186224039123704,1.4324658399757646,15.719921227815945,1.3165018273549383,1.7193228752789476,2.263491707117881,0.09445667266845703,0.12335836887359619,0.011652021069608054,1.3059645171078853,0.745853214206631,1.277682289308384,0.05351364612579346,0.006577263308926717,0.2721720528438394,0.05200643280169559,ADL,ADL_060
278,89.15526075756463,113.15033273601456,0.21034687243798594,0.015092015266418457,0.03055820789629969,0.7293047284167719,111.40729892308059,1.0676165886623485,1.6965695380651655,1.8112857826575888,0.0765995979309082,0.12172585725784302,0.0093241517237459,1.5890980037471334,7.4665571607776915,13.566177733808763,0.5357122421264648,0.06983608037586464,0.2022251575895784,2.0984068576278294,ADL,ADL_060
279,88.3433386554009,95.77907420062304,0.15340870008314317,0.011006802320480347,0.041180142600575675,0.2014852912170793,24.357663064912032,0.9500234806281729,1.5313563345266485,1.4548244750090076,0.06816250085830688,0.10987210273742676,0.007489157297143834,1.6118905477848116,3.52779324102527,10.693839229457437,0.25311291217803955,0.05504983279806197,0.1678614775253221,1.0309104019276891,ADL,ADL_060
280,84.37260528844362,101.19736978016918,0.06550816128095814,0.00470009446144104,0.07429123688403633,2.9536056444700978,119.12200100871829,0.8347157583574466,1.6066585908487503,1.3411032440818211,0.059889376163482666,0.11527490615844727,0.006903742217133413,1.9247651048940073,3.4592316681217885,3.4116369278155934,0.24819374084472656,0.017562452400312623,0.1775190883989162,0.0,ADL,ADL_060
281,86.8649119453782,115.5578235031777,0.0496018431374596,0.0035588443279266357,0.09549481504957584,1.2663828440365454,74.7691997080372,0.7939875422764334,1.5919809479303124,1.2640130401980956,0.056967198848724365,0.11422181129455566,0.006506896636878423,2.0050100512720235,1.2218464824303954,2.312706116511767,0.08766531944274902,0.011905367407649692,0.15526576636661832,0.6675996609689364,ADL,ADL_060
282,87.31897644321032,127.90116626154804,0.061768137032666995,0.0044317543506622314,0.08959152488779067,0.10048719082036785,13.621934934963633,0.838171667036454,1.6395187994540714,1.3741982052760249,0.06013733148574829,0.11763256788253784,0.007074108728271966,1.9560331152588537,1.3255237428006161,3.305554952337879,0.09510397911071777,0.01701636274180629,0.16475957443739142,0.0,ADL,ADL_060
283,88.82532379501218,131.73436652049435,0.14400588701022374,0.010332167148590088,0.07529934870662658,2.777615987233484,45.19042055405592,0.8550964813435253,1.6259061745468084,1.3903066488496876,0.061351656913757324,0.11665588617324829,0.007157031905471456,1.901399092417954,0.5077444292121414,0.483253307209881,0.036429762840270996,0.002487695315984695,0.1581477056144368,0.19835606468863842,ADL,ADL_060
284,86.78236453345306,114.36401576180377,0.15528826580099273,0.011141657829284668,0.0891541364456038,0.7659905282400807,61.28877784677357,0.8747685769009518,1.603387108065594,1.4025926587438724,0.06276309490203857,0.11504018306732178,0.007220277927402208,1.8328979848570282,0.5901628667227932,0.3685802968255447,0.0423431396484375,0.0018973806579225538,0.17083734631544928,0.0,ADL,ADL_060
285,85.3998342377616,75.01204490747796,0.0902889372281817,0.006478071212768555,0.030490086619453873,4.163040762558096,41.47590887074401,1.2257659480908656,1.5774661314784815,1.933604268232951,0.08794653415679932,0.11318039894104004,0.009953823821348351,1.286908155255993,10.529921135697414,15.93034828467236,0.7555031776428223,0.0820063768183843,0.23642824215141767,0.0,ADL,ADL_060
286,83.44148708440304,63.44259508644974,0.04777627599271953,0.003427863121032715,0.06398830913474564,1.1040382108510602,58.750414600756784,1.268400729176283,1.564724129719199,1.9846972270955572,0.09100550413131714,0.1122661828994751,0.010216840571665387,1.2336061468472788,1.2790434325625255,1.5327887658781836,0.09176909923553467,0.007890502509511066,0.25287995862685886,0.0,ADL,ADL_060
287,84.6873870563964,75.08469880338833,0.05693401861844973,0.004084914922714233,0.03735455138258796,0.37514470233719915,37.37699915980102,1.191450270253424,1.5696969829289438,1.8702158945266745,0.08548444509506226,0.11262297630310059,0.0096275126342249,1.3174520665811662,2.3085137676857737,3.4344399770664813,0.16563177108764648,0.01767983812321461,0.23347337928513323,0.5821973802517688,ADL,ADL_060
288,85.10792394513115,99.2543570747284,0.058499146491346334,0.004197210073471069,0.06279660216358313,0.254682193202713,12.616106662042341,1.153935384646065,1.6231613855382891,1.8730233577637654,0.08279281854629517,0.1164589524269104,0.009641964916372814,1.4066140983917896,1.1254465682207715,0.08422389711272738,0.0807487964630127,0.00043356846443742825,0.23144323484558293,0.0609043331865089,ADL,ADL_060
289,83.46875690469457,65.90205711173442,0.05691283456284524,0.004083395004272461,0.05878533892882663,0.07525324223266386,49.175011213097264,1.1561642795945688,1.6481369717223462,1.9055170945845408,0.08295273780822754,0.11825090646743774,0.009809236439778601,1.4255042580577888,0.06686684845511603,0.9748121046232616,0.004797577857971191,0.005018145702173626,0.24409336576201346,0.0,ADL,ADL_060
290,81.68064376335482,104.96610680240559,0.05666527187382019,0.0040656328201293945,0.0707285771797279,0.12351550538336879,53.64339424019249,1.221464338682236,1.609383441922583,1.9658044815741085,0.08763790130615234,0.11547040939331055,0.010119584342191956,1.3175702533049032,1.9590017726300135,1.8086216096870311,0.14055490493774414,0.009310437072400646,0.2606020482216269,0.0,ADL,ADL_060
291,82.5917521044865,99.06764632495725,0.048945137413720335,0.0035117268562316895,0.08592377565273839,0.09981428552469575,27.333250233950395,1.1343372255964344,1.601341808265662,1.8164616240196487,0.08138668537139893,0.11489343643188477,0.009350795962120628,1.4116808446829274,2.613813392574047,4.4802857266337925,0.18753647804260254,0.02306365140213984,0.2392535527626116,0.6404548637704597,ADL,ADL_060
292,85.97648107735465,102.8269340320954,0.06602862445100575,0.004737436771392822,0.10928231225898585,1.9172816442983378,101.54186918604438,1.013786657250416,1.5780891919374371,1.5998457667372645,0.07273739576339722,0.11322510242462158,0.008235699085410886,1.5566070881315441,3.616517050380552,6.498475718471526,0.25947868824005127,0.03345290630129227,0.19682617467963273,1.272821342489366,ADL,ADL_060
293,87.81593712231064,99.61596451626765,0.05883892212829682,0.004221588373184204,0.07902608099846,0.8877490031291946,55.18368134867984,0.9498888995690384,1.6148314825756913,1.5339104999732625,0.06815284490585327,0.11586129665374756,0.007896276981433914,1.6999964831594851,1.9169327304413253,1.9780580029200623,0.13753652572631836,0.010182663119309154,0.17941631688298848,0.5222957338993276,ADL,ADL_060
68,9.845553966263212,178.53823415099922,1.2789937438086525,0.0982511043548584,0.9756191325978464,0.0,0.0,3.3043585255325487,0.8572582079925642,2.8326884681629845,0.2538377344608307,0.0658537745475769,0.016716172936851237,0.25943154297335447,0.0,0.0,0.0,0.0,0.8927086719667154,0.0,ADL,ADL_067
69,6.140592057211457,178.16216001774157,1.3243212144299206,0.10173311829566956,0.9805802981045333,1.0345473273159769,111.14885727155267,3.281480057260705,0.9157260943846324,3.004936916636405,0.2520802319049835,0.07034522294998169,0.017732640114639153,0.279057756177964,0.6863540481553176,5.167453454202611,0.05272507667541504,0.030494015333637492,0.940497405462128,0.0,ADL,ADL_067
70,3.933849167821603,176.37865657400923,1.327629498669698,0.10198725759983063,0.9818702476908434,0.052309880442143096,66.20228668169561,3.2359741274485487,0.9376695916781281,3.0342745387656676,0.24858450889587402,0.07203090190887451,0.017905766376344445,0.2897630768133245,1.365177894364682,0.8801286638778816,0.10487169027328491,0.00519378785115876,0.957390790053027,0.0,ADL,ADL_067
71,2.425566436981736,177.0418477885605,1.3442120430734412,0.10326111316680908,0.977985850628308,0.5020037641941788,45.24848192519602,3.171756363517021,0.940987380809594,2.984582713072044,0.2436513602733612,0.07228577136993408,0.017612526522693628,0.29667585115463035,1.9265329179458268,1.4907547708087021,0.14799445867538452,0.008797195609524522,0.9579216120231149,0.0,ADL,ADL_067
72,0.944881537706719,175.80032255272835,1.373881271513337,0.10554027557373047,0.9863065104034618,0.6416151049092145,44.42054697825051,3.1903231025551055,0.9796284510940034,3.125331279445473,0.24507763981819153,0.07525414228439331,0.01844310757760148,0.30706120427394096,0.557002171142531,4.2224569912028675,0.04278838634490967,0.02491743164723559,0.9883780331233245,0.0,ADL,ADL_067
73,0.5238276623677024,176.17642920217807,1.3759075592394416,0.1056959331035614,0.9819540459196082,0.07162420830814298,12.631616260170498,3.1988189239056632,1.0022524210414503,3.206024010957658,0.24573028087615967,0.07699209451675415,0.01891928901084583,0.3133182484632699,0.25487464051673125,2.420781945365551,0.01957923173904419,0.014285442997330478,0.9970898463201794,0.0,ADL,ADL_067
74,0.3633423299815594,176.67317285181767,1.3803180229603338,0.10603474080562592,0.9932898901112439,0.02001264643903995,4.8145599715842895,3.2060694104676335,1.001686782997288,3.211477353837335,0.2462872564792633,0.07694864273071289,0.018951470107950286,0.31243325942823313,0.21751459685910746,0.1636002863903041,0.01670926809310913,0.0009654329131336681,0.9979814315001024,0.0,ADL,ADL_067
75,1.422174584899546,176.78774111301377,1.3836530760787442,0.10629093647003174,1.0031119348184339,0.1037643206323121,31.764967647539596,3.2093701295895363,1.03973661022319,3.336899619490984,0.24654081463813782,0.07987159490585327,0.019691608074536404,0.3239677416307045,0.0990215736570832,3.7626679696094767,0.0076067447662353516,0.022204138997583556,0.9920990300838914,0.17647204248632975,ADL,ADL_067
76,1.941599891784187,176.64097526559968,1.4021387325714034,0.10771098732948303,1.0052433582852573,0.0007681504303440748,15.582759206539231,3.219259484448072,1.0376300158611858,3.3404002699091255,0.24730050563812256,0.07970976829528809,0.019712266003722334,0.32231816821983994,0.2966806457560711,0.10501951254424213,0.022790729999542236,0.0006197378755778971,0.9892133339345324,0.08657088448077221,ADL,ADL_067
77,1.681214779269415,176.85105088397705,1.4155565359976054,0.10874173045158386,1.010781994456372,0.133553427093913,7.811553375443161,3.268042080186837,1.0550903079157643,3.4480795246660048,0.25104793906211853,0.0810510516166687,0.020347699467182068,0.3228496082057282,1.4634778721629527,3.230377642706377,0.11242300271987915,0.01906300390379201,0.9906599178929477,0.0,ADL,ADL_067
78,1.1414015158543278,178.54430957946573,1.4321421840394513,0.11001582443714142,1.0158636199169082,0.051215848011046984,16.194397902452614,3.2907742895131054,1.0503169125142726,3.4563558915427537,0.25279420614242554,0.0806843638420105,0.020396539705547667,0.3191688840671793,0.6819662797880488,0.24829100630246792,0.052388012409210205,0.0014652071509679843,0.993658880467476,0.0,ADL,ADL_067
79,1.049797127722322,178.33903050560394,1.4375793700400938,0.11043350398540497,1.0201974625721475,0.015351369963997495,2.7481316439601766,3.2951411083231825,1.0151728664617428,3.345137844332369,0.25312966108322144,0.07798463106155396,0.019740223230311216,0.3080805412028496,0.131004564302315,3.336541416311536,0.010063648223876953,0.019689494257093543,0.9941677937348761,0.0,ADL,ADL_067
80,0.8048707437781756,177.3251737844266,1.4481301877692037,0.11124400794506073,1.0219050454606118,0.03966449494867586,7.3477915183243905,3.3082912229630526,0.9997586478261717,3.307492759684733,0.25413984060287476,0.07680052518844604,0.019518073229608746,0.30219670717331104,0.3945034391961011,1.1293525394290782,0.03030538558959961,0.0066645000210741046,0.995528495867899,0.0,ADL,ADL_067
81,1.0256683230354575,177.56595881894523,1.46366428442648,0.11243732273578644,1.0271255587262307,0.05398002569599726,6.623927377718458,3.3408883459978003,0.9819460928469708,3.2805722579905185,0.2566439211368561,0.0754321813583374,0.01935921080371017,0.29391651712489236,0.9779136910424313,0.8076150508264401,0.0751224160194397,0.004765872776957281,0.994301842649803,0.03679959654288023,ADL,ADL_067
82,1.16937263400972,178.16360357050536,1.474335950064202,0.11325711011886597,1.0329970600838279,0.0010998517525381071,4.311129329227872,3.3614829245810403,0.9701227834958769,3.261051171468419,0.2582259774208069,0.07452392578125,0.01924401357609895,0.28859852880439274,0.6178373574971996,0.5856325956629815,0.04746168851852417,0.0034559168283365693,0.9935034853666127,0.023950718495709955,ADL,ADL_067
83,1.3254491380023807,178.37553968510977,1.47870703637667,0.11359289288520813,1.0381075881741926,0.010276921666573001,4.682295119779825,3.3850085013972344,0.9662820313441565,3.2708728908473583,0.26003319025039673,0.07422888278961182,0.01930197320050553,0.2854581650133547,0.7057673044858248,0.29465158136817493,0.05421638488769531,0.0017387887321973494,0.9926363936777646,0.02601275066544395,ADL,ADL_067
84,1.1909030344403744,176.78942811698872,1.4934681331690671,0.11472682654857635,1.0506594765698252,0.20479937950832594,4.036383106860191,3.463668657283519,0.9567546382793132,3.313881053318687,0.2660757899284363,0.0734969973564148,0.01955577162897626,0.2762247596875416,2.359804676588535,1.290244874139863,0.18127799034118652,0.007613952854121919,0.9933838720308867,0.0,ADL,ADL_067
85,1.0914606993162064,176.47071027300294,1.5001520117999676,0.11524027585983276,1.0564452399248434,0.00226371604093822,2.98327005372504,3.5334035258968255,0.9517019154486055,3.362746903648865,0.2714327573776245,0.07310885190963745,0.019844137262545303,0.2693432556656055,2.0920460583991973,1.4659755099053395,0.16070902347564697,0.008650969007071296,0.9939363294482433,0.0,ADL,ADL_067
86,0.3125532655823472,177.278329201343,1.5209322267372074,0.11683659255504608,1.0651074938686427,0.23516459879268492,23.367223012015774,3.584713646915233,0.9488628624944347,3.4014016522348527,0.2753743529319763,0.0728907585144043,0.020072245460625027,0.264696014869602,1.5393036305522312,1.1596424575796282,0.1182478666305542,0.006843245942391718,0.9982635929689869,0.0,ADL,ADL_067
87,0.23034238907917512,177.04833490828864,1.5423256041770528,0.11848001182079315,1.0858345590033789,0.5918366292943417,2.466326295095162,3.654069483725284,0.9393494358010522,3.432448107915188,0.2807022035121918,0.07215994596481323,0.020255455837643765,0.2570684803804853,2.080675104301526,0.9313936704100545,0.15983551740646362,0.005496311310562163,0.9987203200606712,0.0,ADL,ADL_067
88,0.17473355839191276,177.29451333479435,1.5614717536533789,0.1199508011341095,1.1046612277325392,0.5503041321627836,1.6682649206178708,3.7176676839006197,0.9413893019438548,3.4997725858064324,0.28558775782585144,0.07231664657592773,0.02065274894910374,0.25321951440408436,1.9079460052600705,2.0197343367373355,0.14656662940979004,0.011918793343799194,0.9990292580089338,0.0,ADL,ADL_067
89,0.19339238465548417,178.60601785236324,1.5735144514228363,0.12087590992450714,1.1197162002577574,0.44914104821504575,0.5597647879071421,3.752619304390801,0.9423079788221653,3.5361231120095358,0.2882727086544037,0.0723872184753418,0.020867259541844874,0.2511058632895415,1.0485486147054424,1.0905157860931025,0.08054852485656738,0.006435317782234051,0.9989255978630251,0.0031098043772603834,ADL,ADL_067
90,0.18183019074198056,178.29539714554446,1.5924419883903245,0.12232990562915802,1.1395984938964965,0.6185473147131242,0.34686581740510813,3.749862109891581,0.9387535372853913,3.520196319993183,0.28806090354919434,0.07211416959762573,0.02077327285299191,0.25034261285199866,0.0827158349766055,0.47780376049058493,0.006354153156280518,0.0028196006655889505,0.9989898322736557,0.0,ADL,ADL_067
91,0.12176535164510562,178.24314338702354,1.6153095939288098,0.12408657371997833,1.1548197050375746,0.7634949731904743,1.8019451729062483,3.8107504460487585,0.9370690377053136,3.570936253414005,0.29273828864097595,0.07198476791381836,0.021072697767309023,0.2459006040767647,1.8266500847153244,1.5221980026246618,0.1403215527534485,0.008982747429513438,0.9993235258241939,0.0,ADL,ADL_067
92,0.2418631251529789,177.97218028336925,1.6148975859707162,0.1240549236536026,1.1581093674487375,0.18968660172345048,3.6029332052361984,3.8377431745800967,0.9417694976113989,3.614269461485873,0.29481184482574463,0.07234585285186768,0.021328414344750968,0.2453958642630691,0.8097818559401482,1.299996242156034,0.0622066855430603,0.007671497323258336,0.9986563159713724,0.020016295584646127,ADL,ADL_067
93,0.2416716170561232,176.47980904516587,1.6145889679569088,0.12403121590614319,1.1593320068837019,0.15978110883300956,0.005745242905670911,3.88168719851722,0.9668065461834622,3.752840593762992,0.29818758368492126,0.07426917552947998,0.022146145993406918,0.24906780337357232,1.3183207181136947,4.157133968313578,0.10127216577529907,0.024531949459678515,0.9986573799052438,0.0,ADL,ADL_067
94,0.6521731682247616,175.0403883389247,1.646343647224236,0.12647058069705963,1.1683500153449888,0.11135271579268084,12.315046535059151,3.917140832470464,0.9933985174448279,3.891281895598758,0.3009110987186432,0.07631194591522217,0.022963111490707178,0.2536021191576443,1.0636090185973224,4.153239055072979,0.08170545101165771,0.02450896491900778,0.9963768157320847,0.06841692519477416,ADL,ADL_067
95,1.1496573123942742,176.46148595168583,1.658096154831119,0.12737339735031128,1.1796800402151824,0.11348258744045304,14.924524325085377,3.9241372086628,1.0072182420052909,3.9524625806968947,0.3014485538005829,0.07737356424331665,0.023324149043544296,0.25667168276686647,0.20989128577007854,1.8354205529441003,0.016123652458190918,0.010831126585113537,0.9936130149311428,0.08291402402825554,ADL,ADL_067
96,1.5343623182420618,178.54455250758923,1.6746428134193034,0.12864449620246887,1.1906859288810567,0.18371597792395788,11.54115017543363,3.945282683009216,1.0196335703244177,4.022742668015785,0.3030729293823242,0.07832729816436768,0.023738883705277658,0.25844287670668864,0.6343642303924835,2.108402619566707,0.04873126745223999,0.012442039852000875,0.9914757648986552,0.06411750097462976,ADL,ADL_067
97,1.6349137968515945,178.57663094606326,1.6859297753108264,0.12951155006885529,1.2011688545266765,0.32316437763861744,3.016544358285982,3.9540764536176045,1.0390569134787644,4.108510475554967,0.3037484586238861,0.07981938123703003,0.024245014019060207,0.2627803242799039,0.26381311825165454,2.573034226175457,0.02026587724685669,0.01518390941347647,0.9909171455730468,0.016758579768252346,ADL,ADL_067
98,1.692761090482527,178.46086548048754,1.7062867316018513,0.13107535243034363,1.2139403253180538,0.359674800365729,1.7354188089279732,3.9884713590231677,1.0459151777755433,4.17160273052538,0.306390643119812,0.08034622669219971,0.024617332068473274,0.26223374069240185,1.0318471621668968,1.892767649112388,0.0792655348777771,0.01116954148239202,0.9905957717195415,0.009641215605158404,ADL,ADL_067
99,1.4158827647175078,178.3090192539611,1.7236907702158237,0.13241231441497803,1.2332100383863316,0.5892295732883254,8.306349772950574,3.9723681327288634,1.0538721299605722,4.1863680650264685,0.30515360832214355,0.08095747232437134,0.024704464800421988,0.26529985167029396,0.48309678882913154,0.44296003503266235,0.03711104393005371,0.002613981958461409,0.9921339846404582,0.0,ADL,ADL_067
100,0.9998389531295133,178.19596440151798,1.7273656717064472,0.13269461691379547,1.2307189808543926,0.07282880784663709,12.481314347639836,3.963705102875539,1.0551306552110955,4.18222676226063,0.3044881224632263,0.08105415105819702,0.02468002627356114,0.26619719746470116,0.259890895599737,0.12423908297516384,0.01996457576751709,0.0007331558058254473,0.9944453391492805,0.0,ADL,ADL_067
101,0.9430498633744275,178.35749545603775,1.7541727638837856,0.13475391268730164,1.2483645213082082,0.5636071009791969,1.7036726926525736,3.9704807328078413,1.0571759527205773,4.197496751464826,0.3050086200237274,0.08121126890182495,0.024770137058121477,0.2662580573540839,0.20326889796907555,0.458099676125876,0.015614926815032959,0.0027033235368101316,0.9947608340923643,0.0,ADL,ADL_067
102,0.9142884285305592,178.4023938885167,1.7908401143124497,0.13757066428661346,1.2808111178949892,1.1423386183861532,0.8628430453160485,4.0128632388246945,1.0517942442510153,4.220706457562301,0.3082644045352936,0.08079785108566284,0.02490710145265318,0.2621048288161451,1.2714751805055968,0.6962911829242557,0.09767353534698486,0.0041089318359510685,0.9949206198414968,0.0,ADL,ADL_067
103,0.6783837926403329,177.66097927316824,1.8270300864054885,0.14035074412822723,1.3128786826785148,1.1645858842589214,7.077139076706791,4.089771391002174,1.0523218627284232,4.303755848312822,0.3141724169254303,0.08083838224411011,0.025397189929973862,0.25730497199671504,2.307244565324371,2.4914817225156494,0.17724037170410156,0.014702654319620478,0.9962312011519981,0.0,ADL,ADL_067
104,0.6499467777003672,176.3897820200843,1.8322921108307269,0.14075496792793274,1.3233245586442872,0.49770910496998244,0.8531104481989693,4.131610372396344,1.056192875351642,4.363777439053963,0.3173864483833313,0.08113574981689453,0.025751387471302678,0.25563629006179583,1.2551694418251191,1.8006477222342099,0.09642094373703003,0.01062592623986447,0.9963891845683313,0.0,ADL,ADL_067
105,0.3252860853184687,174.59963005535403,1.8273074740608906,0.14037205278873444,1.3288513621951366,0.3253408038579257,9.739820771456957,4.179180221546596,1.065996492207599,4.454991456472047,0.32104071974754333,0.08188885450363159,0.02628965678914774,0.25507231448930157,1.4270954745075493,2.7364205225425398,0.10962814092636108,0.01614807953535191,0.9981928550815641,0.0,ADL,ADL_067
106,0.18147918661457751,173.8294794013429,1.8381574049121192,0.1412055343389511,1.34087272245264,0.7649847194796264,4.314206961116736,4.214918226340973,1.0732341762623965,4.523594290660415,0.32378607988357544,0.08244484663009644,0.02669449369696153,0.2546267339009983,1.0721401438313016,2.0580850256510264,0.08236080408096313,0.012145107234413643,0.9989917822965857,0.0,ADL,ADL_067
107,0.6915056203739706,174.18730587324146,1.858757220884657,0.14278799295425415,1.368167473766818,1.0128238003729886,15.300793012781792,4.252659629530449,1.0760041732687888,4.575879508866464,0.3266853392124176,0.08265763521194458,0.02700303759771039,0.2530183398890121,1.1322420956842816,1.5685565461814743,0.08697777986526489,0.009256317022465765,0.9961583021090334,0.08500440562656753,ADL,ADL_067
108,1.4524408913837643,174.7740834045902,1.8928167393977793,0.1454044133424759,1.3883785590670301,1.0193181631022612,22.82805813029381,4.328319731236,1.0828694207512983,4.687005080189943,0.3324974775314331,0.08318501710891724,0.027658808357124087,0.250181648128158,2.269803051166548,3.33376713970436,0.1743641495704651,0.019673122782410957,0.9919308839367569,0.12682254516829694,ADL,ADL_067
109,1.5576826995353312,174.68809064182432,1.899796045580552,0.14594055712223053,1.3921333792387904,0.31373125758113457,3.1572542445470075,4.383920631930977,1.107585242779763,4.855565797444482,0.3367686867713928,0.08508366346359253,0.028653513610333192,0.25264644297201644,1.6680270208492942,5.0568215176361875,0.1281362771987915,0.02984115759627315,0.9913462072248037,0.01754030135859508,ADL,ADL_067
110,1.0269505352216999,178.27156954391464,1.9091911460712805,0.14666227996349335,1.3886722408224699,0.17653493526452918,15.92196492940894,4.422010030542684,1.1279156241695363,4.987654203683501,0.33969467878341675,0.08664542436599731,0.02943298959806029,0.25506778501365845,1.1426819583512238,3.9626521871705656,0.08777976036071777,0.023384279631812888,0.9942947192487683,0.0,ADL,ADL_067
111,0.890655597224336,178.11667962210348,1.9234325774589072,0.14775629341602325,1.3879442437100755,0.02630333291784256,4.088848139920918,4.433021738530001,1.1670393101788687,5.173510631741982,0.3405405879020691,0.08965086936950684,0.030529759761023456,0.2632596797407549,0.33035123961949964,5.575692841754414,0.025377273559570312,0.03290310488889503,0.9950519133487536,0.0,ADL,ADL_067
112,0.7468319120255242,174.99679617971057,1.9397559680811,0.14901024103164673,1.3949846527679892,0.09162521610429893,4.314710555964352,4.436495097521349,1.1851513662349513,5.257918226122091,0.34080740809440613,0.09104222059249878,0.031027863227288677,0.2671360753731155,0.1042007697404479,2.5322278314032776,0.008004605770111084,0.014943103987956619,0.9958509338220805,0.0,ADL,ADL_067
113,1.144509777395473,174.68547745242168,1.9483035813924918,0.14966686069965363,1.3989262731580376,0.07578502313917337,11.930335961098466,4.446249832077194,1.1547364887409541,5.134246919157874,0.34155675768852234,0.08870577812194824,0.030298057963570102,0.25970945213559443,0.29264203667533906,3.7101392089264973,0.022480487823486328,0.021894157911557244,0.9936416123478029,0.06627964422832644,ADL,ADL_067
114,1.3405453777914043,174.0126429858781,1.959130428935334,0.15049856901168823,1.409023377792053,0.14235806043565988,5.881068011877935,4.4780768649077825,1.1514660300905497,5.156353390075699,0.3440016806125641,0.08845454454421997,0.03042851198103058,0.2571333002019326,0.9548109849176623,0.6631941275347408,0.07334768772125244,0.003913620523814387,0.9925525256789367,0.032672600065986046,ADL,ADL_067
115,0.6919337312881632,174.362499563499,1.9683598727423468,0.1512075662612915,1.419788734504991,0.12483608357379615,19.458349395097233,4.496897326360738,1.20947147440536,5.438869039563044,0.34544745087623596,0.09291046857833862,0.032095684530103696,0.2689561013884116,0.5646138435886705,8.475469484620346,0.04337310791015625,0.050015176472193446,0.9961559237150658,0.0,ADL,ADL_067
116,0.6316898415151766,175.26108220646006,1.9767305786819018,0.1518505960702896,1.4305271283619148,0.14333570643791596,1.8073166931895968,4.51405191006223,1.284667970169366,5.799057904538794,0.3467652499675751,0.09868699312210083,0.034221219838533656,0.2845922667829661,0.5146375110447643,10.805665949272516,0.03953397274017334,0.0637660592528988,0.9964906119915824,0.0,ADL,ADL_067
117,0.07949803280897237,176.59338541481006,1.9804182826796977,0.15213388204574585,1.4475604762000318,0.10999099457525272,16.565754261186125,4.52584689871564,1.2775288266243197,5.781899877997507,0.3476713299751282,0.09813857078552246,0.03411996742686085,0.2822731702363059,0.35384965960229664,0.5147407962386286,0.027182400226593018,0.0030375723501840923,0.9995583442621724,0.0,ADL,ADL_067
118,0.2653648313519237,177.84949480458835,2.0023309375695506,0.15381719172000885,1.471694560061678,0.564992099482393,5.576003956288539,4.624707859100922,1.233624762027765,5.70515413213131,0.355265736579895,0.09476590156555176,0.03366707782234357,0.2667457766461626,2.965828811558451,2.3023723759859127,0.22783219814300537,0.013586688135518443,0.9985257509369337,0.030977799757159197,ADL,ADL_067
119,0.3976384623225839,178.43751301539427,2.018174816104923,0.15503430366516113,1.491376087110668,0.4644691408932752,3.9682089291198057,4.802980831702795,1.2515699975358434,6.011266707698971,0.36896049976348877,0.09614443778991699,0.03547349981644743,0.26058122013149715,5.348189178056204,9.18337726702985,0.4108428955078125,0.05419265982311572,0.9977908974315413,0.022045605161774562,ADL,ADL_067
120,0.4000324506688593,178.990711250621,2.053840273358656,0.15777409076690674,1.5220743655588909,0.8981191554297154,0.07181965038826232,4.96051257882109,1.2769383594753378,6.334268794556581,0.38106194138526917,0.09809321165084839,0.03737958966838839,0.25741997186672744,4.725952413548846,9.690062605728293,0.36304324865341187,0.05718269555822886,0.9977775974962841,0.0003989980577134844,ADL,ADL_067
121,0.26240286996532924,178.04237828799927,2.084649700846421,0.16014084219932556,1.5481363906142718,0.8336294352094652,4.128887421105901,4.94452341122705,1.3206306007714037,6.529888923097049,0.3798336684703827,0.10144960880279541,0.03853397707645101,0.26708886055961967,0.47967502782120697,5.868603856214039,0.03684818744659424,0.034631622241878546,0.9985422062779704,0.0,ADL,ADL_067
122,0.8932665652423554,177.18546148909536,2.1148562466327947,0.1624612808227539,1.5753884669045417,0.9169737569017973,18.925910858310782,5.068685617377862,1.2855889747762532,6.516246346307946,0.38937169313430786,0.09875774383544922,0.03845346992733312,0.2536329474994394,3.7248661845243625,0.40927730367310566,0.2861407399177551,0.0024152144735367642,0.9950374079708758,0.1051439492128381,ADL,ADL_067
123,1.7320873641245793,175.61733994238983,2.168794955146554,0.16660480201244354,1.6194469374966909,1.624399567998596,25.164623966466717,5.119645415245461,1.3048928278636573,6.680588583558858,0.3932863771915436,0.10024064779281616,0.03942328121777017,0.25487888400749703,1.528793936027979,4.9302671175273804,0.11744052171707153,0.02909433871311151,0.9903772924215302,0.13980346648036934,ADL,ADL_067
124,1.9790930173844972,170.99192123103745,2.213968795681753,0.17007501423358917,1.6486744794391388,1.4967527521683137,7.410169597797536,5.202987021254454,1.2977707543281745,6.752284391333093,0.39968860149383545,0.09969353675842285,0.03984637028494831,0.24942739662432892,2.5002481802697663,2.1508742332270536,0.1920667290687561,0.012692672015344186,0.9890050387923084,0.04116760887665327,ADL,ADL_067
125,2.205228147671922,176.77883733740916,2.240705862024406,0.17212893068790436,1.667562832975584,0.8541716398997271,6.784053908622751,5.344879923929517,1.2671378462574834,6.772699635312909,0.41058868169784546,0.09734034538269043,0.03996684408669182,0.23707450460073562,4.2567870802518915,0.6124573193944727,0.3270024061203003,0.0036142140523054422,0.9877487325129337,0.037689188381240246,ADL,ADL_067
126,2.61612879022637,177.00386745660293,2.2417164841815,0.1722065657377243,1.6591120143775109,0.03251836821789917,12.32701927663343,5.449536928471032,1.2478852031987686,6.800396497324266,0.4186283349990845,0.09586137533187866,0.04013028794590667,0.22898867164215406,3.139710136245455,0.8309058603407138,0.2411895990371704,0.004903315776445538,0.9854659511654091,0.06848344042573729,ADL,ADL_067
127,2.447933235632398,177.3035411242669,2.251212258933175,0.17293602228164673,1.6659316771753914,0.25668444948520297,5.045866637819159,5.477058439344066,1.300559373163181,7.123239690651429,0.4207425117492676,0.0999077558517456,0.04203544014029603,0.2374552501983283,0.8256453261910401,9.685295799814888,0.06342530250549316,0.05715456583168077,0.9864003709131534,0.0,ADL,ADL_067
128,2.606305675170863,176.76942460371302,2.2497853613155967,0.17282640933990479,1.6581803410146467,0.27676692778154693,4.751173186153954,5.470361176273849,1.3530760334938965,7.401814602171625,0.4202280342578888,0.10394203662872314,0.0436793577292498,0.24734615686962588,0.20091789210651356,8.357247345605883,0.015434324741363525,0.04931752766861308,0.9855205240268285,0.026395406589744264,ADL,ADL_067
129,2.5455465365112393,177.05885345641727,2.2676499022330128,0.17419874668121338,1.6741437096169611,0.17521976861863706,1.8227741597887137,5.511691548973988,1.3173097080018354,7.260604784975109,0.4234029948711395,0.10119450092315674,0.042846054755354857,0.2390022346245332,1.2399111810041585,4.236294515895498,0.09524881839752197,0.024999089216848347,0.9858580747971597,0.0,ADL,ADL_067
130,2.1517986968720084,175.34369254295723,2.3012250592247794,0.17677795886993408,1.7083314471791888,0.8157408410967554,11.812435189176927,5.565277412630981,1.3948626409950886,7.762797549652763,0.42751941084861755,0.1071520447731018,0.045809579052621174,0.25063609141001625,1.6075759097097908,15.065782940329635,0.12349247932434082,0.08890572891798953,0.9880455627951554,0.0,ADL,ADL_067
131,1.62207290688142,177.2356906470056,2.3210704971610525,0.17830246686935425,1.7300175364875667,0.46260113871039305,15.891773699717655,5.5776644202524235,1.4422784721045092,8.044545317953348,0.4284709692001343,0.11079448461532593,0.04747222020515807,0.25858047335548134,0.3716102286432754,8.452433049017554,0.02854675054550171,0.04987923457610677,0.9909884838506589,0.0,ADL,ADL_067
132,1.5375458405536981,179.08053764179365,2.3446381670690104,0.18011291325092316,1.7507996911986206,0.6101383952294335,2.5358119898316533,5.60222118082814,1.8304256604668958,10.254449404998981,0.4303573966026306,0.14061158895492554,0.060513237354800964,0.32673137102692246,0.7367028172714996,66.29712261136899,0.05659282207489014,0.3912305144892869,0.9914580786635906,0.0,ADL,ADL_067
133,1.0389089479899924,175.07917325645073,2.339566628432307,0.17972332239151,1.7446663203761335,0.2292987227791483,14.95910677691117,5.591993141461679,1.5728415438867596,8.79531912602076,0.4295716881752014,0.12082421779632568,0.05190266321121584,0.28126606072089827,0.3068411809938265,43.77390836934666,0.023571252822875977,0.25831722430755377,0.9942282836222778,0.0,ADL,ADL_067
134,0.830988345263713,174.9301093027664,2.3423643642042395,0.17993824183940887,1.7486729231889508,0.014146770425503377,6.2376180817883835,5.581491206032682,1.4784436150927287,8.251920036255234,0.4287649393081665,0.11357265710830688,0.048695973432110407,0.2648826473753059,0.31505806286991067,16.30197269296577,0.024202466011047363,0.09620069337316295,0.9953833980818683,0.0,ADL,ADL_067
135,0.37018046688412365,171.53531241143457,2.3409925561629783,0.17983286082744598,1.751963167532258,0.04015331794980391,13.82423635138768,5.5597991034254814,1.3068403607729135,7.265769866145478,0.4270985722541809,0.10039025545120239,0.042876534771441044,0.23505117301184483,0.6507630782160234,29.584505103292678,0.04999101161956787,0.17458315982008088,0.9979434418506438,0.0,ADL,ADL_067
136,0.4356084095591455,170.31228305375652,2.3516448240625607,0.18065115809440613,1.7702113957100833,0.26130499071015145,1.962838280250655,5.5824622568039715,1.2582381639988505,7.024067060593908,0.4288395345211029,0.0966566801071167,0.04145020570549107,0.22539072761639864,0.6798946013547003,7.251084166547086,0.05222886800765991,0.04278987197849915,0.997579953280227,0.010904657112503768,ADL,ADL_067
137,0.5623821825008914,167.49201091140947,2.3673100494296633,0.18185454607009888,1.7844640777858312,0.3564916315369547,3.803213188252379,5.5684656248716715,1.119722795488725,6.2351378960641775,0.42776432633399963,0.08601605892181396,0.03679460149859537,0.20108235433428406,0.41989895796899823,23.667874935891923,0.032256245613098145,0.13966812620687108,0.9968756545416617,0.021128962156957698,ADL,ADL_067
138,3.9069385905075595,177.1280093086637,2.4002270411663393,0.18438319861888885,1.8186512334159146,0.9627310814002478,100.33669224020005,5.561586411017701,1.3963391968223056,7.765861102218306,0.427235871553421,0.10726547241210938,0.04582765759357699,0.2510679193537187,0.20637641561911835,45.921696184623855,0.0158536434173584,0.2709916828494485,0.9782947856082913,0.5574260680011123,ADL,ADL_067
139,6.340035312979313,178.50103147378448,2.4166654603757025,0.18564598262310028,1.83608339875019,0.46611600886136134,72.9929016741526,5.56571657742247,1.7098896674839752,9.516761267878957,0.4275531470775604,0.13135212659835815,0.05616001510245816,0.30721752436780886,0.12390499214307127,52.52700496981954,0.009518265724182129,0.3099707252664352,0.9647775815945594,0.4055161204119573,ADL,ADL_067
140,6.131832010831396,177.12752226849986,2.4187433460852596,0.18580560386180878,1.8282577692523692,0.06488543407830633,6.246099064437498,5.572225294477967,1.5267214816850911,8.507236057868544,0.4280531406402588,0.11728131771087646,0.05020263638456868,0.27398711185331326,0.19526151166490813,30.28575630031238,0.014999806880950928,0.1787213615366845,0.9659342666064923,0.0,ADL,ADL_067
141,4.701622526364719,177.4930968387081,2.4220605532845814,0.18606042861938477,1.8183897519057874,0.09738634433187948,42.906284534000314,5.5744711645998155,1.4346768864822053,7.997564934212897,0.42822566628456116,0.11021053791046143,0.04719498102828723,0.2573649578310599,0.06737610365545876,15.290133709669425,0.005175769329071045,0.0902296606884434,0.9738798748535293,0.0,ADL,ADL_067
142,3.973104834864927,177.6974790568412,2.421998674499915,0.18605567514896393,1.8161023706243185,0.04461673749581835,21.855530744993764,5.575551618614214,1.364510612172665,7.607899352315574,0.4283086657524109,0.10482043027877808,0.04489549863629705,0.24473048044489074,0.032413620431954726,11.689967456919694,0.0024899840354919434,0.06898447175970546,0.9779271953618616,0.0,ADL,ADL_067
143,2.927167914224838,174.16204031706317,2.5032885817458395,0.19230028986930847,1.8522046649409643,1.8345352652692366,31.378107619202677,5.5873908341105825,1.243882285956198,6.950056483264179,0.4292181432247162,0.09555387496948242,0.04101345679232793,0.2226225844718569,0.3551764648910538,19.735286071541847,0.027284324169158936,0.11646125531907359,0.9837379560320842,0.0,ADL,ADL_067
144,2.914443632880649,170.27823044470964,2.511870141098976,0.1929595172405243,1.8499337717369142,0.03398483722128331,0.3817284403256638,5.580567873697219,0.80538322483952,4.494495750554089,0.4286940097808838,0.06186878681182861,0.02652277829864147,0.14431888732143447,0.2046888124009083,73.6668219813027,0.015724003314971924,0.4347203548105938,0.9838086464839964,0.0,ADL,ADL_067
145,1.3158711700020933,174.9549730547251,2.5115159384005397,0.19293230772018433,1.895350277976245,3.1574125120720153,47.95717388635668,5.48907572607656,0.7887492764297056,4.329504507210747,0.42166566848754883,0.06059098243713379,0.02554913711367135,0.14369402887466537,2.744764428619755,4.949737300300248,0.21085023880004883,0.029209235549103596,0.9926896046110996,0.0,ADL,ADL_067
158,18.237387808039475,179.30412648941282,2.6933829239249927,0.20690315961837769,1.9098665753133153,0.014221526324027537,39.04965378008627,6.456276822253789,2.0277541951079816,13.09174241110355,0.4959651529788971,0.1557701826095581,0.07725658244750022,0.31407421993207263,2.232002529639759,20.22054900898339,0.1714603488261883,0.1193248738472974,0.8986811788442252,0.2169425210004794,ADL,ADL_067
159,16.905171330600734,178.7950380700226,2.8993364688526486,0.2227243185043335,1.9860562352700892,2.376052222054599,39.96649432316225,6.755597112215954,1.9698469033481594,13.307492051766365,0.5189586579799652,0.15132179856300354,0.07852975750537095,0.2915868242090706,8.97960869886493,6.472489219884476,0.6898051500320435,0.038195251736121705,0.9060823814966625,0.0,ADL,ADL_067
160,16.773948117041975,178.55202529439762,2.9702429608496117,0.22817128896713257,1.9904313951075665,0.42368151690629324,3.9366964067627563,6.805718927795905,1.9731643045248626,13.4288016549561,0.5228089690208435,0.15157663822174072,0.07924562595635365,0.2899268323165766,1.5036544673985297,3.6392880956920415,0.11550933122634888,0.02147605352948112,0.9068113993497668,0.0,ADL,ADL_067
161,16.093946057595108,176.5858353837547,3.048484125592072,0.2341817021369934,2.0548650558645924,2.6345232032224963,20.40006178340601,6.868271977840258,2.0223953759694244,13.89036148888451,0.5276142358779907,0.15535852313041687,0.08196936846858804,0.29445420178567966,1.876591501330589,13.846795017852305,0.1441580057144165,0.08171227536703185,0.9105891885689161,0.0,ADL,ADL_067
162,15.240534187812052,178.9759869986284,3.097889776679894,0.23797699809074402,2.0800528248620034,1.3302270497840256,25.60235609349167,6.892136239164376,2.054990947185121,14.163277578249298,0.529447466135025,0.15786248445510864,0.08357989239253705,0.29816402266212066,0.7159278397235536,8.187482680943639,0.05499690771102905,0.0483157177184701,0.9153303656232663,0.0,ADL,ADL_067
163,14.323486975330104,179.20308407090107,3.159834901610939,0.24273556470870972,2.075235978527078,0.3215175096705313,27.51141637445846,6.854780850963886,2.0101744129864607,13.77930507323716,0.5265778601169586,0.15441972017288208,0.08131400580849579,0.2932508914972087,1.1206616460147067,11.519175150364163,0.08608818054199219,0.06797659752123764,0.9204250723592772,0.0,ADL,ADL_067
164,13.894236017399777,177.81342128601108,3.187099586431,0.24483001232147217,2.094848061673527,0.955974849206085,12.877528737909802,6.831951652946918,2.0361410011701926,13.91081687857769,0.5248241424560547,0.1564144492149353,0.08209007917696454,0.2980315471986603,0.6848759405090377,3.9453541602158992,0.05261152982711792,0.023282201054062313,0.9228097999033346,0.0,ADL,ADL_067
165,14.33884622345478,170.9674120637786,3.1582605811834963,0.24261462688446045,2.1158618253779724,1.2371179067120164,13.338306181650097,6.784001608129122,2.068318745106353,14.031477692925108,0.5211406648159027,0.15888631343841553,0.08280211901544376,0.30488123319509164,1.4385013445338757,3.6198244304225646,0.11050432920455933,0.021361195154376844,0.920339743203029,0.07410170100916602,ADL,ADL_067
166,11.658284150307331,162.9276107171192,3.175464823094627,0.24393624067306519,2.1923866782498056,2.8557970817331264,80.41686219442347,6.743365286499632,1.9170815640144891,12.927581270163726,0.5180190205574036,0.1472684144973755,0.07628783983697218,0.2842909707213839,1.219089648884708,33.11689268284147,0.09364932775497437,0.19542837535414748,0.9352317547205149,0.0,ADL,ADL_067
167,11.563567190826728,165.23368575121165,3.2094628507778453,0.24654793739318848,2.2228601369129857,1.0116075621916105,2.841508784418103,6.882253479536808,1.973446735592181,13.581760662709842,0.5286882817745209,0.15159833431243896,0.08014826288752275,0.2867437255463289,4.166645791115284,19.62538177638347,0.3200778365135193,0.11581269151651696,0.9357579600509627,0.0,ADL,ADL_067
168,11.251463365177553,167.34603799411624,3.3474156848819105,0.25714534521102905,2.2974845933792425,2.4240732625939883,9.363114769475231,7.067036333058466,2.0137482522613745,14.231232064364118,0.5428831279277802,0.15469425916671753,0.08398090328889829,0.284948944367179,5.543485605649741,19.484142049628286,0.4258453845977783,0.11497921204126627,0.937491870193458,0.0,ADL,ADL_067
169,11.067986802422423,175.40695999341915,3.4589798360203177,0.2657155990600586,2.3583702138530804,1.7973439819334112,5.504296882653907,7.191448382076522,1.9776036708755833,14.221834719306804,0.552440345287323,0.15191766619682312,0.08392544796901724,0.2749932956553265,3.732361470541674,0.28192035171942464,0.2867165207862854,0.0016636595964314438,0.9385111844309866,0.0,ADL,ADL_067
170,10.864213964862065,178.66638927716903,3.5196559609222433,0.27037668228149414,2.376763925066956,0.514230158543822,6.113185126810734,7.321353870535826,1.9852789679028193,14.534929855748675,0.5624195635318756,0.15250727534294128,0.08577307523381261,0.27116233870474016,3.8971646537791216,9.392854093256151,0.29937654733657837,0.05542881794386112,0.9396432557507663,0.0,ADL,ADL_067
171,11.398142037585112,176.32228246956035,3.5633788506445705,0.2737354338169098,2.419270188653142,1.3025154410772188,16.0178421816914,7.470466611346597,1.8801408994554323,14.045529814008967,0.5738742649555206,0.14443066716194153,0.08288504295459465,0.25167606269480164,4.473382224323146,14.682001252191252,0.3436410427093506,0.08664096837653901,0.9366769886800828,0.08898801212050778,ADL,ADL_067
172,10.741208632112112,174.95046118918253,3.58795811259653,0.2756235897541046,2.4445706585091465,0.9264010576378382,19.70800216418999,7.444766548084909,1.7798724391907113,13.250734795145299,0.5719000101089478,0.13672813773155212,0.07819482335085226,0.23907658023808223,0.771001897850665,23.843850565910056,0.05922764539718628,0.14070658811227155,0.9403266187104883,0.0,ADL,ADL_067
173,12.097843797227789,178.0050313017419,3.5912041300968776,0.27587294578552246,2.4497318146960567,0.15685399014768328,40.699054953470295,7.549597744314921,1.8495347602633745,13.96324345411641,0.5799530446529388,0.14207953214645386,0.08239945725120101,0.24498412151169377,3.1449358869003774,21.37525976913336,0.24159103631973267,0.1261390170104626,0.9327897566820679,0.2261058608526123,ADL,ADL_067
174,12.19250754162748,179.3890600967871,3.566819621435844,0.27399975061416626,2.4664633337287154,0.7009023517603162,2.8399123319907282,7.654658221809748,1.9028242264815876,14.565469109896059,0.5880236923694611,0.14617317914962769,0.08595329252894679,0.24858340312312224,3.1518143248448016,18.066769673389445,0.2421194314956665,0.10661505833237328,0.9322638469909584,0.015777290733283156,ADL,ADL_067
175,12.045699729852615,178.86595499363045,3.5634060074779663,0.27373751997947693,2.4699378565843526,0.08720835112982049,4.4042343532459505,7.505893088466445,1.894983660725399,14.223544761795615,0.5765956938266754,0.14557087421417236,0.08393553921847641,0.25246567622174204,4.46295400029908,10.257730443013298,0.34283995628356934,0.06053259931411148,0.9330794459452633,0.0,ADL,ADL_067
176,4.452957309260182,175.79661749589604,3.356099276337664,0.25781241059303284,2.502920412675942,1.5168177725003316,227.78227261777297,7.274660023239976,1.0699551826072107,7.783560193571104,0.558832585811615,0.08219295740127563,0.04593210292005878,0.1470794875041444,6.936991956794074,193.19953704673534,0.5328932404518127,1.1401030889525288,0.9752613482818879,0.0,ADL,ADL_067
177,4.027172402500118,174.62701050196338,3.12539344163384,0.2400898039340973,2.4900599062665023,0.5216556127038148,12.773547202801936,7.014054902921916,1.8831316427218578,13.208388731480648,0.5388131439685822,0.14466041326522827,0.07794493207923203,0.2684792425821385,7.818153609541811,162.74485613728632,0.6005832552909851,0.9603848747751975,0.9776268199861105,0.0,ADL,ADL_067
178,2.060127704717013,172.23493243958947,2.903936448475169,0.2230776846408844,2.4905398063080857,0.12198461606721588,59.01134093349315,6.94793228110504,2.019264581033628,14.02971356665559,0.5337336659431458,0.15511801838874817,0.08279170860846286,0.29062758761348956,1.9836786545062601,24.63974505524824,0.15238434076309204,0.1454032958769247,0.9885548460849054,0.0,ADL,ADL_067
179,1.7498188162561088,173.94031963083575,2.840541924550303,0.21820777654647827,2.4821277831862925,0.1488582424863745,9.30926665382712,7.097803473477086,2.0660216649558145,14.664215749802292,0.5452466309070587,0.15870985388755798,0.08653601312394255,0.29107848414404425,4.496135771161365,19.035065494401078,0.3453889489173889,0.11232913546439072,0.9902787843541327,0.0,ADL,ADL_067
180,0.31223719831361896,174.86905987795552,2.7044982158339765,0.20775702595710754,2.4486051940648856,0.502265633659069,43.1274485382747,6.909346688351712,2.0583661536214812,14.22196536693983,0.530769556760788,0.1581217646598816,0.08392621894275898,0.29790982684660333,5.65370355376122,13.26751148587384,0.43431222438812256,0.078293825435507,0.9982653488982577,0.0,ADL,ADL_067
181,0.6172582384191185,175.1546429483059,2.5812589540638653,0.1982899010181427,2.4597575356537167,0.6031959447491267,9.150631203164988,6.73600229305645,1.9948692096392362,13.437443570477603,0.5174534022808075,0.1532439887523651,0.07929662335899312,0.29614974397145827,5.200331858857847,23.535653893866826,0.39948463439941406,0.13888786751297566,0.9965707875643383,0.05083684001758293,ADL,ADL_067
182,1.033177360540981,173.0772994807461,2.537184577326441,0.1949041485786438,2.455508849068912,0.6208284887183885,12.477573663655877,6.606838186148856,1.924520208636417,12.714993604434245,0.5075311362743378,0.14783984422683716,0.07503332412706776,0.2912915925129219,3.874923207227825,21.67349898130075,0.2976679801940918,0.12789897695776098,0.9942601257747723,0.0693198536869788,ADL,ADL_067
183,0.4756699884977596,175.29599106479955,2.572450829129253,0.19761326909065247,2.483354884101029,0.9260053437797822,16.725221161296645,6.538702467067812,1.7948614594062535,11.736065052664602,0.5022970139980316,0.13787958025932312,0.06925650145555995,0.27449756203866543,2.0440715724313296,29.367856553089293,0.15702366828918457,0.17330468014523426,0.9973573889527902,0.0,ADL,ADL_067
184,2.1286422260582665,174.4960913413319,2.5386471667821975,0.1950165033340454,2.5009395156570853,2.1922198577018013,49.589167126815205,6.4681796623312575,1.6480648085293985,10.659979276733713,0.496879518032074,0.12660279870033264,0.06290633759973296,0.25479525581270696,2.1156841420966277,32.28257327792665,0.16252487897872925,0.19050491567480954,0.9881742098552319,0.27549537292675175,ADL,ADL_067
185,2.268513960558525,173.53923228880993,2.557836961169339,0.19649064540863037,2.527370873646652,2.0915223194694237,4.196152035007761,6.520971382588798,1.5762264491921898,10.278527567661827,0.5009349286556244,0.12108424305915833,0.06065532665815976,0.24171602820367757,1.5837516077262226,11.443551272156576,0.12166231870651245,0.06753032824719618,0.9873971446635638,0.023311955750042745,ADL,ADL_067
186,3.9947233119940937,176.09086444677985,2.5288769140358416,0.1942659616470337,2.4886886801573853,0.4375315019382546,51.78628054306706,6.5837001761407,1.5006423866201468,9.87977954511526,0.5057536959648132,0.11527794599533081,0.0583022472503707,0.22793252720158827,1.8818638065570426,11.962440676397001,0.14456301927566528,0.07059238223367181,0.977807092711144,0.28770155857259394,ADL,ADL_067
187,5.728187407211636,170.35635079479982,2.601306516431557,0.19982993602752686,2.5926411588496556,2.9089391251414756,52.00392285652627,6.711236424863584,1.4178303388623765,9.515394614449859,0.5155509114265442,0.10891640186309814,0.056151950249820004,0.2112617555072658,3.826087461686525,10.931547919962057,0.2939164638519287,0.06450891001652082,0.9681767366266021,0.2889106825362564,ADL,ADL_067
188,3.735124568739621,171.8385163847894,2.5417849449037244,0.1952575445175171,2.5366171934858466,1.2691707292145555,59.791885154160454,6.653710880590357,1.1431180195046184,7.60597680417678,0.5111318528652191,0.08781325817108154,0.04488415335511675,0.17180124047756534,1.725766328196796,57.28253430819235,0.1325717568397522,0.3380339068410976,0.9792493079514466,0.0,ADL,ADL_067
189,3.7737704599959523,168.5799372106314,2.6038976662922986,0.20002898573875427,2.6381668743547144,3.493082611489492,1.1593767376899367,7.151760609842078,1.322393467213567,9.457441509530481,0.5493915677070618,0.1015850305557251,0.055809959192579583,0.18490426796215892,14.94149187755161,55.54394116061103,1.1477914452552795,0.32777417512388496,0.9790346085555781,0.0064409818760546855,ADL,ADL_067
190,3.3205036733301845,170.44608826394133,2.5945207996754216,0.19930866360664368,2.6434190059335014,0.4447707378121033,13.598003599973035,7.011472288065956,1.1376416500729332,7.976542903235998,0.5386147499084473,0.08739256858825684,0.04707092647402078,0.16225401615736568,4.208649653283638,44.42695818883449,0.32330453395843506,0.2621709815567641,0.9815527573703879,0.0,ADL,ADL_067
191,2.8431553265543186,169.31095526603445,2.507445517029242,0.19261962175369263,2.586413127065045,0.8230731861136762,14.320450403275977,6.926607959612974,0.997841375388414,6.911656013196545,0.5320955514907837,0.07665324211120605,0.04078684913471875,0.14405889663529184,2.545929853589479,31.946606701183597,0.19557595252990723,0.1885223201790609,0.9842046926302538,0.0,ADL,ADL_067
192,0.2891510030677188,162.76553883868155,2.254872224165431,0.17321717739105225,2.364962341182579,8.021853137297594,76.62012970459799,6.66725903681686,0.9299554991746122,6.2002542057094665,0.5121726095676422,0.07143831253051758,0.03658874695186398,0.1394806588938136,7.780467683883403,21.342054224612355,0.5976882576942444,0.12594306548564305,0.9983936055385128,0.0,ADL,ADL_067
193,0.8248785073205132,163.68106397368874,2.3018849702763022,0.17682865262031555,2.3698420361890777,0.5218883855614949,16.071825127583832,6.622384309403779,0.9863920544286592,6.532267264168912,0.5087253749370575,0.07577371597290039,0.038548012068687854,0.14894788182011506,1.3462418223924288,9.960391753783355,0.1034170389175415,0.05877795350471615,0.9954173416259972,0.08928791737546793,ADL,ADL_067
194,0.4000982907220116,170.87942905509158,2.465057191690947,0.18936339020729065,2.6019223946175023,8.346000980259909,12.743406497955048,6.827301627159997,1.0412511856171613,7.108935913846322,0.5244669318199158,0.07998794317245483,0.04195103113824317,0.15251255285503315,6.147519532686534,17.300059490322308,0.4722467064857483,0.10209057208665939,0.997777231718211,0.0,ADL,ADL_067
195,0.5429438491454656,171.10194534263246,2.4957587677546536,0.1917218565940857,2.643618996613725,2.7542382839273323,4.285366752703619,6.865565993369727,1.1102923911145817,7.622785683133433,0.5274063646793365,0.08529162406921387,0.04498334538794069,0.16171868233404577,1.1479309862918985,15.415493078613327,0.08818298578262329,0.09096942749092563,0.9969836452825251,0.023807593070575006,ADL,ADL_067
196,0.13519940347875098,171.13596439641816,2.4527182904600915,0.18841552734375,2.621275905914545,0.883023835609166,12.232333370001438,6.918387586144004,1.1880129205653644,8.219133841818099,0.5314640700817108,0.09126204252243042,0.04850249656294103,0.17171785628056271,1.5846477832282968,17.890444760539985,0.12173116207122803,0.10557453525001037,0.9992488922028958,0.0,ADL,ADL_067
197,0.23814354827115014,171.26829827050585,2.552419560861599,0.1960744857788086,2.618563326213047,1.6519191390978167,3.088324343771975,6.829681341675012,1.1205739682383082,7.653163122843901,0.5246497392654419,0.08608144521713257,0.04516260778876102,0.16407380905944077,2.6611873340697567,16.979121569225928,0.20442992448806763,0.10019666322540033,0.9986769802873825,0.01715735746539937,ADL,ADL_067
204,31.26543464036267,163.23144899042467,1.0820415252874829,0.0831214189529419,1.2379898350414096,5.357729539894543,132.97410468039223,2.9445033262021174,1.3398630701824528,3.9452312668076135,0.22619399428367615,0.10292702913284302,0.023281475839310062,0.45503672377364796,16.65076292345526,15.891136525869806,1.279096049921853,0.09377627978336125,0.8263031408868741,0.738745026002179,ADL,ADL_067
205,29.448632331179848,35.050404410202475,1.2802836933949626,0.09835019707679749,1.3631292992397153,7.106543706328209,54.504069275484675,3.155496015543783,1.431437464212825,4.516895214823666,0.24240225553512573,0.10996168851852417,0.026654961319341197,0.4536312364113032,6.329780680249968,17.149918440481585,0.48624783754348755,0.10120456440093406,0.8363964870490008,0.0,ADL,ADL_067
206,26.981264532345588,140.2446937614955,1.3662746424791166,0.10495594143867493,1.5058537829488399,5.045409883428911,74.02103396502781,4.43248830073115,1.4514815349876518,6.4336749225600585,0.340499609708786,0.11150145530700684,0.037966202013997474,0.3274633058729872,38.30976855562102,57.503391232091765,2.9429206252098083,0.3393372208396883,0.8501040859314134,0.0,ADL,ADL_067
207,22.22646580057222,137.85584483719657,1.5290042075094064,0.11745667457580566,1.595873060312528,5.079988291437278,142.643961953201,5.031185522050848,1.4805377949023233,7.448860318561657,0.38649097084999084,0.11373353004455566,0.04395698244511692,0.29427139144553943,17.96091663959092,30.455561880047952,1.379740834236145,0.1797234129335834,0.8765196344412655,0.0,ADL,ADL_067
208,22.84144694918512,139.0840039067325,1.4602939274246545,0.11217841506004333,1.5988317973110224,0.07749008432167954,18.449434458386946,4.555296932714554,1.4708334944656432,6.700083305873172,0.3499336540699005,0.11298805475234985,0.03953832286573977,0.32288329674768407,14.276657680088816,22.463310380654537,1.09671950340271,0.13255978738131446,0.8731030725045271,0.10249685810215015,ADL,ADL_067
209,21.31473966169772,126.43608435538368,1.5638025858682814,0.12012985348701477,1.6720413827573477,4.097256202240875,45.80121862462203,5.428283214745794,1.4705844275079256,7.982748763707826,0.416995644569397,0.11296892166137695,0.047107548304495594,0.2709108649496017,26.189588460937205,38.479963735039604,2.011859714984894,0.22707676316267467,0.8815847796572349,0.0,ADL,ADL_067
210,19.556914683125754,117.9910351756966,1.638847779274795,0.12589475512504578,1.668949577275213,2.594009087343289,52.734749357158925,5.423724358328131,1.4556264436734072,7.894916599178011,0.41664543747901917,0.11181986331939697,0.04658923587155428,0.2683807018631422,0.13676569252989879,2.634964935894457,0.010506212711334229,0.01554937298823944,0.8913504739826347,0.0,ADL,ADL_067
211,18.962650247648956,113.03211604492601,1.6172650799107036,0.12423679232597351,1.6403613847818594,0.03772084158704767,17.827933064303956,4.802061378914959,1.4446263743289751,6.937184519127117,0.36888986825942993,0.11097484827041626,0.04093749715858408,0.30083381785523344,18.64988938239515,28.73196240152682,1.432667076587677,0.169552161389106,0.8946519430686168,0.0,ADL,ADL_067
212,18.561643395786053,120.31549556339291,1.576016565665515,0.12106812000274658,1.5904692384214862,0.9724784448155988,12.030205555887079,5.5565713197989846,1.4395224414695778,7.998809112476868,0.4268506169319153,0.11058276891708374,0.04720232313429662,0.25906606542086075,22.635298226520764,31.84873780049255,1.7388224601745605,0.1879447792713762,0.8968797589122997,0.0,ADL,ADL_067
213,19.539180070738087,118.1789969568668,1.5485722577902776,0.11895987391471863,1.6416600633503327,2.5649473960619376,29.326100248561033,4.861132922917944,1.3792567727066942,6.704750506962064,0.37342768907546997,0.10595321655273438,0.03956586480740043,0.2837307889092614,20.86315190643121,38.82175816544413,1.6026878356933594,0.22909374980688568,0.8914489996070106,0.1629227791586707,ADL,ADL_067
214,18.917716892954605,114.82580214508093,1.59473305524204,0.12250590324401855,1.6698102549164848,2.6055546210842175,18.643895333504474,4.934870320819059,1.2897928525859543,6.364960468230978,0.37909212708473206,0.09908068180084229,0.0375607064168868,0.2613623796421308,2.2121219370334533,10.193701161932571,0.16993314027786255,0.06015475171540885,0.8949015728169188,0.0,ADL,ADL_067
215,18.5451610842752,108.51592547049086,1.5855594769208703,0.12180119752883911,1.7000067138790258,1.8332608338734386,11.176674260382136,5.173464051760134,1.2946570294019413,6.697861600969506,0.3974206745624542,0.09945434331893921,0.03952521220997873,0.2502489161630014,7.157811928232238,9.987033982155822,0.549856424331665,0.05893517379275792,0.8969713273095823,0.0,ADL,ADL_067
216,17.980886197878394,109.91076546840175,1.565264399414512,0.1202421486377716,1.7039815044012936,0.9715240760991106,16.928246591904177,5.2792197441898985,1.336430446441198,7.055309999588894,0.4055447280406952,0.10266333818435669,0.04163457556372485,0.25314861206984474,3.1726707728929338,10.723451958581638,0.243721604347229,0.06328090061238356,0.9001061877895644,0.0,ADL,ADL_067
217,16.971137601234755,112.7537665305922,1.5772401749873863,0.12116211652755737,1.7203291421961615,1.971981818407848,30.292457899309184,5.370138882625901,1.3075503179888377,7.021726803621719,0.4125290513038635,0.10044479370117188,0.04143639545395672,0.2434847919168578,2.727574153080079,1.0074958790152522,0.20952969789505005,0.005945403293043938,0.9057159022153625,0.0,ADL,ADL_067
218,15.50642116820411,111.27890010452136,1.5960338675617085,0.1226058304309845,1.7510037554038536,2.0073982087038633,43.94149299091936,5.329596834003771,1.294550729796934,6.899433470983012,0.4094146490097046,0.09944617748260498,0.040714721849397506,0.24289784165101067,1.216261458663892,3.6687999791612036,0.09343206882476807,0.021650208136776428,0.9138532157321995,0.0,ADL,ADL_067
219,12.893136612387787,106.25556842040488,1.6964637170077543,0.13032075762748718,1.7757894092896223,3.062790345425086,78.39853667448969,5.240898736584799,1.3484942877452282,7.067322008935784,0.4026009440422058,0.10359007120132446,0.041705460459052546,0.2573014679493571,2.6609429225691716,5.036656138583178,0.20441114902496338,0.02972215828965119,0.9283714632645124,0.0,ADL,ADL_067
220,12.069711367572433,103.74854661816222,1.7545223111250685,0.13478076457977295,1.825104666917712,3.003642762288593,24.702757344460622,5.330982608416494,1.322886169762323,7.052283163917654,0.40952110290527344,0.10162287950515747,0.041616713695361796,0.24814992593614382,2.7025161549508425,0.4511653505439206,0.2076047658920288,0.0026624029107225056,0.9329460479579309,0.0,ADL,ADL_067
221,9.77269928367529,101.97664050633217,1.7955500791102237,0.13793247938156128,1.8299385832622004,1.39798722865468,68.91036251691426,5.129595291046994,1.3785344009383607,7.071323571599703,0.3940507173538208,0.10589772462844849,0.0417290743559775,0.268740675309283,6.041619521085,0.571212230461482,0.4641115665435791,0.0033708198184712046,0.9457072262018039,0.0,ADL,ADL_067
222,9.795879119558924,92.91137683218686,1.800822772291439,0.13833752274513245,1.838906545559086,2.452820710517471,0.6953950765089978,4.54227794678451,1.3901404556222865,6.314404334506083,0.34893354773521423,0.10678929090499878,0.03726236613560907,0.30604390307042584,17.61952032787452,22.707577112808607,1.353515088558197,0.13400124661105295,0.9455784493357837,0.0038633059806059133,ADL,ADL_067
223,8.179385663643307,89.98023759917164,1.774539613021262,0.13631847500801086,1.7593562274695569,0.4403131375875309,48.4948036774685,4.470969533653286,1.4115446957954902,6.3109733302915325,0.3434557020664215,0.1084335446357727,0.03724211920042997,0.31571241435493264,2.139252393936708,0.10293012643651345,0.16433537006378174,0.000607408055373071,0.954558968535315,0.0,ADL,ADL_067
224,6.291608512917747,85.68130683400432,1.7989838667157667,0.13819625973701477,1.741603417523827,1.632273109909623,56.63331452176682,4.423103287064254,1.4173042722040197,6.2688831851558104,0.3397786617279053,0.10887598991394043,0.03699373814725959,0.3204311563566393,1.4359873976709547,1.262704354071662,0.11031121015548706,0.007451431595111302,0.9650466193726792,0.0,ADL,ADL_067
225,5.260462876612487,84.55995419297537,1.8118488346049788,0.13918453454971313,1.7775291924233991,0.9701390775959146,30.934369089157787,4.409928731274328,1.4078855064727602,6.208674745338935,0.33876660466194153,0.10815244913101196,0.03663843797798627,0.3192526311331865,0.3952366736977897,1.8062531945062688,0.030361711978912354,0.010659005078199613,0.9707752062410417,0.0,ADL,ADL_067
226,2.3434631084210884,93.6329129202671,1.832084167077866,0.14073899388313293,1.7252934113409508,0.7050107926983686,87.50999304574196,4.566468478064143,1.444296612780595,6.595334955237401,0.3507918417453766,0.11094951629638672,0.03892018516236817,0.3162821559994077,4.696192403694459,11.599806296953998,0.36075711250305176,0.06845241553145698,0.9869807605087717,0.0,ADL,ADL_067
227,2.7887463740849765,87.98624213281701,1.8386440941620519,0.14124292135238647,1.7635259652601316,0.11697999962709539,13.358497969916643,4.402306584049596,1.4072096892759627,6.194968480237956,0.3381810784339905,0.1081005334854126,0.03655755499338653,0.31965186915282584,4.924856820436432,12.010994249983353,0.37832289934158325,0.07087890506944916,0.9845069645884168,0.07421387761064713,ADL,ADL_067
228,0.5505027203119108,87.747824739871,1.9731282247319222,0.15157386660575867,1.7748602576327162,0.9115501493178527,67.14730961319196,4.634769077919379,1.3641428310575303,6.322487011250841,0.3560386300086975,0.10479217767715454,0.037310063375802116,0.294327285068223,6.973874816093497,3.825555930386537,0.5357265472412109,0.022575251472467528,0.9969416515538227,0.0,ADL,ADL_067
229,2.5609069318676188,95.93650678372879,2.101571511690233,0.16144075989723206,1.7576218757024593,0.5549886859235941,60.312126346671235,5.081774047210447,1.452755578428687,7.3825755953991035,0.39037713408470154,0.11159932613372803,0.04356582510186868,0.2858749412166461,13.410149078732054,31.802657524447877,1.0301551222801208,0.187672851781997,0.985772739267402,0.3350673685926209,ADL,ADL_067
230,3.4482994276087213,95.23201035152746,2.1905279869812304,0.16827431321144104,1.7688640288188788,0.3261846054670158,26.62177487223308,5.131570368744409,1.5613805842841209,8.012334340645227,0.39420244097709656,0.11994379758834839,0.04728213778938972,0.30426877373532923,1.4938896460188555,18.8927623573837,0.11475920677185059,0.11148938062563118,0.9808427809577294,0.14789874929018065,ADL,ADL_067
231,4.993801583911464,90.21565455123078,2.3773732080219334,0.1826275885105133,1.8112630229131508,0.4200851762551369,46.36506468908227,5.198703612718378,1.5651623673118955,8.136815253435202,0.3993595540523529,0.12023431062698364,0.04801672067378426,0.30106706685713863,2.013997319219074,3.734427383699259,0.15471339225769043,0.022037486531836237,0.9722566578671585,0.2575836927171249,ADL,ADL_067
232,4.503691255312011,87.29270376862789,2.3902300288611267,0.18361523747444153,1.8185604520014194,0.006645665086764647,14.703309857983564,5.126793481750052,1.5205436900422633,7.795513478824846,0.39383548498153687,0.1168067455291748,0.04600264127459752,0.29658690848475033,2.157303929049803,10.239053238310678,0.1657220721244812,0.060422381975602235,0.9749794930260444,0.0,ADL,ADL_067
233,5.569036708196805,83.79731323635583,2.4517518951459567,0.18834128975868225,1.8461655671258375,0.38040904266357706,31.960363586543803,5.160705771430692,1.5654960084079037,8.079064285742378,0.3964405953884125,0.12025994062423706,0.04767592246244767,0.3033484428050814,1.0173686904192092,8.506524207525956,0.07815331220626831,0.050198435635504524,0.9690609071766845,0.17755757548079676,ADL,ADL_067
234,5.3778118807035895,86.48369294416912,2.420315144806744,0.18592634797096252,1.8368794819234557,0.7852941513122085,5.73674482479646,5.153160439248993,1.5551120112267978,8.013741694854872,0.3958609700202942,0.11946225166320801,0.047290442824206025,0.3017775404317916,0.22635996545095516,1.9596777266251841,0.017388761043548584,0.011564389147249443,0.9701232673294244,0.0,ADL,ADL_067
235,6.863584267411656,84.8988107435039,2.5217482452693907,0.1937183439731598,1.8362647676017991,0.058914810278813734,44.57317160124199,5.237140618797555,1.6174059074896,8.470582175196904,0.4023122489452362,0.12424761056900024,0.04998633563408639,0.30883300735122726,2.519405386456839,13.705214410260975,0.1935383677482605,0.08087678429641088,0.9618689762921575,0.2476287311180081,ADL,ADL_067
236,7.538802545221821,84.781401438785,2.589663993999928,0.19893556833267212,1.8417931229716997,0.28519330522956376,20.256548334304956,5.28098105881301,1.6270256337879896,8.592291554237606,0.4056800305843353,0.12498658895492554,0.05070456322986594,0.30809078939406465,1.3152132004636652,3.65128137122106,0.10103344917297363,0.021546827873386576,0.9581177636376565,0.11253637963502872,ADL,ADL_067
237,6.555963670070808,85.13933313256837,2.606100473435477,0.2001982033252716,1.8496645311315312,0.003933861294792383,29.485166254530395,5.332179836814494,1.6155041532423542,8.614158672208953,0.40961307287216187,0.12410151958465576,0.05083360478517562,0.3029718161645953,1.5359633400445194,0.6560135391404032,0.11799126863479614,0.003871246659290506,0.9635779796107178,0.0,ADL,ADL_067
238,6.40825021758688,87.88826914976097,2.5691450665954343,0.19735932350158691,1.8487807701818726,0.02273026955245421,4.431403574517843,5.347624315921564,1.594797455732665,8.528377653245842,0.410799503326416,0.12251085042953491,0.05032739650854978,0.29822468433586513,0.4633343732121009,2.573430568893329,0.03559291362762451,0.01518624829877524,0.9643986099022951,0.0,ADL,ADL_067
239,6.6933192571495645,88.11588862053698,2.5318521391117548,0.19449451565742493,1.8439996156851248,0.09379582300216513,8.552071186880541,5.3707161593129475,1.5788517390720578,8.47956454819365,0.4125733971595764,0.12128591537475586,0.050039342133771925,0.2939734414199353,0.6927553017415011,1.464393151565755,0.05321681499481201,0.008641631243335723,0.9628148930158358,0.04751150659377923,ADL,ADL_067
240,7.041036973483063,91.08499608086346,2.506556324712904,0.19255131483078003,1.831326297448736,0.09501788050498525,10.431531490004957,5.363751983365924,1.6457312606311563,8.827294313297667,0.4120384156703949,0.12642353773117065,0.05209135419019795,0.30682389335369165,0.2089252784106943,10.431892953120503,0.016049444675445557,0.061560361692780674,0.9608831279250941,0.057952952722249984,ADL,ADL_067
241,6.891938986569952,90.99327434295749,2.4880295450153884,0.19112810492515564,1.805829134527992,0.15247786042329886,4.472939607393345,5.337419941795634,1.6068822465938861,8.576605347087577,0.41001561284065247,0.12343919277191162,0.05061199627293078,0.30105900323576557,0.7899612471087103,7.520668986302699,0.06068408489227295,0.04438073751801497,0.9617114500746113,0.0,ADL,ADL_067
242,7.901218623202563,94.42621285767139,2.452882395324756,0.18842813372612,1.8103685932075153,0.22626685630786605,30.278389098978355,5.295912273768896,1.69095281960218,8.955137791695305,0.40682703256607056,0.12989741563796997,0.05284578014199681,0.3192931785419042,1.2452300408021433,11.355973338231848,0.09565740823745728,0.06701351607198092,0.956104340982208,0.16821327277210085,ADL,ADL_067
243,8.220552628337824,90.43571049404899,2.395151235027245,0.18399327993392944,1.7583595716839235,1.4656193824536106,9.58002015405782,5.142535522160189,1.711457780635213,8.801232431594023,0.3950447738170624,0.13147258758544922,0.05193755862583771,0.3328034276005987,4.601302548261197,4.6171608030384625,0.35346776247024536,0.02724664548477307,0.954330263175901,0.053222334189210185,ADL,ADL_067
244,6.993032969302421,94.43344183448059,2.306708799796958,0.17719921469688416,1.7118781296207068,1.529957800316369,36.8255897710621,5.00452953825362,1.724586945717892,8.630746311131782,0.3844432830810547,0.1324811577796936,0.05093149124320462,0.3446043122762781,4.140179517197078,5.114583613867243,0.3180447220802307,0.030182021478992738,0.9611498168372088,0.0,ADL,ADL_067
245,6.524444018544256,99.11712243368925,2.23113094450112,0.17139339447021484,1.6637474918608273,0.9629463962936017,14.057668522744953,4.99622459064636,1.7522682939532002,8.754725939658922,0.3838053047657013,0.13460761308670044,0.051663115964524664,0.35071756616628047,0.24914842821780248,3.7193888558141985,0.019139349460601807,0.021948741639601366,0.9637530887858652,0.0,ADL,ADL_067
246,5.146580971487198,99.69431166769408,2.136603050861551,0.16413185000419617,1.6594103515901042,0.16702616402830028,41.33589141171172,4.836242909200982,1.6864634070870579,8.156146694151714,0.3715156614780426,0.12955254316329956,0.0481307987694759,0.3487126059108291,4.799450443361328,17.95737736521625,0.36868929862976074,0.10596951585146286,0.9714078834917378,0.0,ADL,ADL_067
247,4.353326357290361,104.78794252868259,2.0177162535752933,0.15499907732009888,1.576687145473015,1.5772106904254137,23.797638425905127,4.775665712763571,1.6897773166708958,8.069811593430828,0.3668621778488159,0.12980711460113525,0.04762132076284331,0.35382977207548666,1.8173158931223465,2.590053021626577,0.13960450887680054,0.01528434019897773,0.975814853570609,0.0,ADL,ADL_067
248,4.4413016432202985,111.02526299434886,1.8799670957216978,0.14441731572151184,1.467125228865419,2.8196009023638826,2.6392585778981292,4.816172069547522,1.6311790774785269,7.856039113382375,0.3699738383293152,0.1253056526184082,0.04635981326359229,0.3386869582381531,1.2151907035185427,6.413174401453592,0.09334981441497803,0.037845224977530734,0.9753261019821095,0.014662547654987756,ADL,ADL_067
249,4.8050553577076105,116.79048237247075,1.8267598759131982,0.1403299868106842,1.4309542665557575,0.5815480689848845,10.91261143461936,4.77755272472983,1.5617894886041122,7.461531626734983,0.36700713634490967,0.11997520923614502,0.04403175797413894,0.3269006797260588,1.1585803445307707,11.83522459942175,0.08900105953216553,0.06984165868360037,0.9733052480127355,0.06062561908121711,ADL,ADL_067
250,5.045667972261517,120.08943734136211,1.8400706038248675,0.14135250449180603,1.4261488648863347,0.10278085530861401,7.218378436617208,4.6795192718536,1.5460478361487378,7.234760644465575,0.3594762980937958,0.1187659502029419,0.042693544118545645,0.3303851198190356,2.9410035862868966,6.803129468082245,0.22592514753341675,0.04014641566779886,0.9719685112652138,0.04010210242565315,ADL,ADL_067
251,5.076712390136495,122.00911490264534,1.7923157002527597,0.13768401741981506,1.4037070397000224,0.07231088823829905,0.9313325362493341,4.449737545394766,1.5471139358369121,6.8842509672969765,0.3418246805667877,0.11884784698486328,0.040625127331651356,0.3476855419048662,6.893451793765033,10.515290315057948,0.5295485258102417,0.06205250360682868,0.9717960422770195,0.005174069645826895,ADL,ADL_067
57,37.1622410770183,132.60827304646816,0.6249673347782846,0.04688665270805359,0.355766465396525,0.0,0.0,2.055040991510641,1.181170803822921,2.4273544198316763,0.15417444705963135,0.08861446380615234,0.013662085958799253,0.5747637869464287,0.0,0.0,0.0,0.0,0.6217908018136786,0.0,ADL,ADL_068
58,20.303629679105644,122.54579319890038,0.28456073600639264,0.02134847640991211,0.1599500143952977,10.191866975367777,505.7583419373797,3.495501010234609,0.9508427195345276,3.3236716867071645,0.2622414529323578,0.07133466005325317,0.018706904896800935,0.2720179713680953,43.21380056171904,26.889518006264645,3.242010176181793,0.15134456814005048,0.836657467223506,0.0,ADL,ADL_068
59,27.586371909134655,153.83022174226718,0.2563386793050595,0.01923118531703949,0.07681879811733627,8.330383899667385,218.48226690087034,2.4217110316010295,0.6676937914726844,1.616961420540917,0.18168297410011292,0.050092101097106934,0.009100881906245917,0.2757100693399892,32.213699359007386,51.20130798498742,2.416754364967346,0.28818068971665056,0.5654017786512748,8.137670657166934,ADL,ADL_068
60,48.44944365500062,152.4906611432803,0.4347081396128123,0.03261291980743408,0.070432095183039,5.281808292223589,625.892152375979,1.7250799442024312,0.6016121224868126,1.0378290066910567,0.12941992282867432,0.04513448476791382,0.005841301535575383,0.34874179368711694,20.89893262195795,17.37397241549581,1.567891538143158,0.09778741112011602,0.3711805692777253,5.826636281206486,ADL,ADL_068
61,57.45051370433813,128.03612554573502,0.4225588052920194,0.03170144557952881,0.03265133598713096,0.7338342526858473,270.0321014801252,2.191385728026089,0.7822544187975872,1.7142211690383757,0.16440337896347046,0.05868673324584961,0.009648297245945514,0.356965754901756,13.989173514709739,20.29176487041957,1.0495036840438843,0.11420987131110394,0.4126421776832834,0.0,ADL,ADL_068
112,12.359018920748083,132.3998434204978,1.6413318067826899,0.12313692271709442,1.342403720231984,0.7048612047298236,26.52440869622944,4.071111872957062,1.5287568074855953,6.22373998981854,0.3054252564907074,0.11469125747680664,0.03502960673209543,0.37551210820768494,1.105721261724102,2.652658129870685,0.08295404560425702,0.014930182050676422,0.9313387837736218,0.0,ADL,ADL_068
113,7.708671431913122,153.89071461041283,1.6480051218250324,0.12363757193088531,1.3169919717196534,0.5630468048523888,139.51042466504884,3.826495291212986,1.0639534034160976,4.071212688241728,0.2870734930038452,0.07982051372528076,0.022914353688477718,0.278048087414759,7.338497452322286,64.57581904730438,0.5505529046058655,0.3634575913085314,0.9571740476004826,0.0,ADL,ADL_068
114,3.4742995964335344,163.667242844059,1.6856392976974912,0.1264609843492508,1.3491113969477095,1.5659270014561875,127.03115506438762,3.836271087979282,1.1516690230660545,4.418114576109649,0.287806898355484,0.08640116453170776,0.024866851178172666,0.30020428565511414,0.29327390298887757,10.40705663603764,0.02200216054916382,0.05857492469084846,0.9806983355753692,0.0,ADL,ADL_068
115,1.3093353216670578,172.81977731922984,1.6824466414087058,0.1262214630842209,1.351182233980612,0.8374317186000373,64.9489282429943,3.8343583543684194,1.1780627606720615,4.5171147883532425,0.28766340017318726,0.08838129043579102,0.02542406251845364,0.30723749752343843,0.05738200832587914,2.970006367307807,0.004304945468902588,0.01671634020842916,0.9927259148796275,0.0,ADL,ADL_068
116,0.04707270417360599,178.15361089925474,1.6308868511861765,0.12235331535339355,1.3266785870330648,0.21923740730362296,37.86787852480355,3.7926913494996,1.181844530968097,4.482371529056113,0.2845374345779419,0.08866500854492188,0.025228514068203367,0.3116099541225051,1.250010146064584,1.0422977789138788,0.09377896785736084,0.00586645350750814,0.9997384849768133,0.0,ADL,ADL_068
117,0.6433319055866137,178.4310063114158,1.576113350701575,0.11824406683444977,1.2877515780273656,0.0056190273988888225,17.887776042390232,3.7487683915308665,1.1968866017695339,4.48685066096042,0.2812422215938568,0.08979350328445435,0.02525372434841522,0.31927348426596075,1.317688739062004,0.13437395712920797,0.09885638952255249,0.0007563084063555436,0.9964259338578522,0.09937653356883347,ADL,ADL_068
118,0.5181983133544494,178.14018037898052,1.5241847187017485,0.11434824764728546,1.2395858471965724,0.1333312376219897,3.7540077669649277,3.7092679596866875,1.203168630704566,4.4628748519725505,0.27827879786491394,0.09026479721069336,0.025118779257311985,0.3243670503688911,1.1850129553253685,0.7192742696360899,0.08890271186828613,0.004048352733097005,0.9971211204813641,0.0,ADL,ADL_068
119,0.44185601663912794,175.50713787420096,1.4511727173015245,0.10887070000171661,1.2022625153636775,0.15800013839759916,2.290268901459645,3.677039490766797,1.2168505353827228,4.474407472962991,0.2758609354496002,0.09129124879837036,0.02518368929188064,0.3309309370630774,0.9668540675967119,0.34597862971320836,0.07253587245941162,0.0019473010370596455,0.9975452443520049,0.0,ADL,ADL_068
120,0.29595411148055695,173.3479582485079,1.4124904110796865,0.1059686541557312,1.1767512570342085,0.04917691741572583,4.3770571547571295,3.6735405587534062,1.21385451525954,4.459143794231876,0.2755984365940094,0.09106647968292236,0.025097779426733524,0.3304305727484998,0.10496796040172729,0.4579103619334468,0.00787496566772461,0.002577295954413472,0.9983558104917747,0.0,ADL,ADL_068
121,0.4987993495646011,169.6870037653202,1.3753559691392039,0.10318273305892944,1.1563475734506719,0.032522430056346974,6.085357142521325,3.650093582917987,1.2120502294733433,4.424096764774923,0.27383938431739807,0.09093111753463745,0.02490052124097808,0.3320588296766434,0.7034092750625831,1.0514108837085878,0.052771568298339844,0.0059177455726633355,0.9972288925024189,0.033807539680674736,ADL,ADL_068
122,0.2539861195530895,166.2065592994305,1.326059282422611,0.09948436915874481,1.1207834401215577,0.10794133757250374,7.344396900345348,3.6221629052620465,1.206043888414934,4.368487434734573,0.2717439532279968,0.0904805064201355,0.024587530504678767,0.33296112897530583,0.8379203296782078,1.6682799012105054,0.06286293268203735,0.009389722088979369,0.9985889660024828,0.0,ADL,ADL_068
123,0.5275438810259927,165.45940839571162,1.2726052304714426,0.09547410905361176,1.0932162414383984,0.014551076254598626,8.206732844187098,3.578481472118942,1.1994329408028939,4.292148555712291,0.26846686005592346,0.08998453617095947,0.02415786587940616,0.33517805875241513,1.3104429942931306,2.2901663706684428,0.09831279516220093,0.012889938758178232,0.9970692006609667,0.04559296024548298,ADL,ADL_068
124,0.026402132114765168,163.15011732987645,1.1661114528735979,0.08748467266559601,1.0436581676572265,0.04794347237694536,15.034252467336826,3.5060689130902216,1.1979242051322696,4.200004815852564,0.26303428411483765,0.089871346950531,0.02363924540756912,0.3416703095668884,2.172376770861617,2.7643121957918204,0.16297727823257446,0.015558614155111172,0.9998533214882512,0.0,ADL,ADL_068
125,0.6099224612909182,168.07939415470256,1.0832451988632263,0.0812678337097168,0.9866253374920891,0.02220796936973345,17.50560987528459,3.445842234901962,1.1979138767680158,4.127822230342373,0.2585159242153168,0.08987057209014893,0.023232974003644102,0.34763902735937097,1.8068003456477832,2.1654775653057357,0.13555079698562622,0.012188142117750544,0.9966115418817172,0.09725338819602136,ADL,ADL_068
126,0.2590250893646859,172.14106988413042,0.9917607193725512,0.07440443336963654,0.9302384273375983,0.04905774398202723,10.52692115778697,3.358995389583668,1.1907285132055483,3.9996515861032527,0.25200045108795166,0.08933150768280029,0.022511580232432493,0.3544880686088688,2.6054053595488202,3.845119327173605,0.19546419382095337,0.021641813136348276,0.9985609717257518,0.0,ADL,ADL_068
127,1.0404377532337499,175.29422393212943,0.9531296577272037,0.07150623202323914,0.8809572331673862,0.705500768824006,23.442379916071918,3.3074290448222854,1.1801101602630035,3.9031306201437395,0.24813181161880493,0.0885348916053772,0.02196832304551677,0.3568044509219897,1.5469903428414833,2.895628978785396,0.11605918407440186,0.01629771560747173,0.9942197902598124,0.13023544397817943,ADL,ADL_068
128,1.449443017026279,178.50360023090542,0.8500001461626703,0.06376919150352478,0.7953865367016144,0.001990196342766561,12.270157913775877,3.219156885236956,1.1794038590459497,3.796686053322805,0.24150940775871277,0.08848190307617188,0.021369212009290095,0.3663689026792254,2.648164787559879,3.193337004628032,0.1986721158027649,0.017973331086800215,0.9919475387942984,0.06816754396542057,ADL,ADL_068
129,3.462286012138879,177.46573068143107,0.7430755566020051,0.05574743449687958,0.7056368251608119,0.06111809547232518,60.385289853378,3.118947917287596,1.1517174869290918,3.592146857161195,0.23399147391319275,0.08640480041503906,0.02021798660229024,0.3692631603488828,3.006269038480802,6.136175884848303,0.22553801536560059,0.034536762209995686,0.9665260042514212,0.7626460362863163,ADL,ADL_068
130,5.62806965680569,177.57059730535062,0.6603854806511179,0.04954381287097931,0.6331912948154352,0.009021428930983752,64.97350934000433,3.045005965859744,1.1582791761885365,3.526967001625203,0.2284441590309143,0.08689707517623901,0.01985112926088206,0.38038483960380043,2.218258542835563,1.9553956660797578,0.16641944646835327,0.011005720242245332,0.9456796934401555,0.6253893243379727,ADL,ADL_068
131,8.3639140695321,178.27897068895805,0.5088340153733393,0.03817403316497803,0.5519336835376052,0.18221022145346905,82.07533238179232,2.933373429800816,1.174288935271606,3.4446279616348185,0.22006919980049133,0.08809816837310791,0.01938769341775881,0.40031848225236727,3.3489760817678427,2.470171199711535,0.2512487769126892,0.013903075293697498,0.9193459661764496,0.7900118179111759,ADL,ADL_068
132,10.668529916007529,178.53526220785884,0.4322785905444769,0.03243064880371094,0.5130406389605102,1.3687426380584897,69.13847539426285,2.811242905967378,1.198393748461042,3.368975923916759,0.21090665459632874,0.08990657329559326,0.0189618945999932,0.426284069526409,3.6639157150031343,2.2695611315417885,0.27487635612487793,0.012773964532968307,0.8963122270061352,0.6910121751094311,ADL,ADL_068
133,13.726885982678237,178.18970440516713,0.3623658929099743,0.02718561887741089,0.46285968536587374,0.8639716422847148,91.75068200012124,2.704761840202461,1.190679254852953,3.2205038124469683,0.2029181718826294,0.08932781219482422,0.01812623634884858,0.4402137627808395,3.1944319729475135,4.45416334409372,0.23965448141098022,0.02506974753433866,0.8592436868390654,1.1120562050120952,ADL,ADL_068
134,16.545109951240278,175.21114645412987,0.3220530954927501,0.02416124939918518,0.4409476633564918,1.5971861931153293,84.54671905686124,2.603060423618416,1.1922857127392101,3.103591752477113,0.1952882707118988,0.08944833278656006,0.017468210227949754,0.45802993917939827,3.0510424975213457,3.507361799095663,0.22889703512191772,0.019740783626964742,0.827777034902144,0.9439995581076399,ADL,ADL_068
135,18.885704734104447,168.88141157928374,0.3048903334386467,0.022873654961586,0.4188394024262862,1.6645251418267213,70.21784348592509,2.517806529863893,1.1901032499234097,2.9964497338694014,0.18889230489730835,0.08928459882736206,0.016865173664331934,0.47267211972336204,2.5576168126356924,3.2142605582313433,0.19187897443771362,0.01809109690853461,0.800285067282741,0.8247590285820927,ADL,ADL_068
136,23.149651673930812,174.4926802752286,0.19318232087170933,0.014493033289909363,0.384807442209757,0.08892721622589267,127.91840819479096,2.3871765567390715,1.2195629227337028,2.9113120186180788,0.17909210920333862,0.09149473905563354,0.016385985798482494,0.5108780536706876,3.918899193744645,2.554131457539679,0.2940058708190918,0.014375635975483192,0.7650834206475771,1.056049399054917,ADL,ADL_068
137,23.376531288422196,153.19086224325036,0.1698763669328328,0.012744560837745667,0.35837775395125077,2.1962114576013243,6.806388434741528,2.3927570513943976,1.1689944568571564,2.797119729685925,0.17951077222824097,0.08770096302032471,0.015743267596938892,0.4885527112328709,0.1674148396597852,3.425768667964615,0.012559890747070312,0.01928154604630805,0.7483809170146021,0.5010751089892496,ADL,ADL_068
138,21.029396042138824,133.2078873721138,0.16224966442090163,0.012172386050224304,0.38682306221837925,2.433247417227833,70.41405738850116,2.340337424847733,1.1674404352817267,2.7322045419703525,0.17557811737060547,0.08758437633514404,0.0153778999080032,0.49883139661919135,1.572588796399943,1.9474556314671743,0.11797964572906494,0.010961030668070748,0.752642168473835,0.0,ADL,ADL_068
139,23.551352482352176,139.75045995810777,0.14065464374515796,0.010552272200584412,0.3614575927228015,1.6982810169218487,75.65869320640054,2.1609114920502424,1.2423671565167083,2.6846454658627366,0.1621171236038208,0.09320557117462158,0.015110219102680844,0.5749238216104353,5.382777983924716,1.4267722832284768,0.40382981300354004,0.008030424159670702,0.7321999529288566,0.6132664663493514,ADL,ADL_068
140,21.208204381402336,143.96779116262562,0.1502896172373,0.011275112628936768,0.40454335731980257,2.415341608814619,70.2944430284952,2.129925604799049,1.36177575912447,2.9004810573538706,0.1597924828529358,0.10216391086578369,0.0163250249752096,0.6393496721002642,0.9295766175357967,6.475067744734022,0.06973922252655029,0.03644417617586271,0.7744045834038011,0.0,ADL,ADL_068
141,25.18690984171428,153.07685197816429,0.07161648049161355,0.005372852087020874,0.33518143957137697,0.8602534311533185,119.36116380935829,2.0303005866748123,1.3189535664383323,2.677872199736582,0.15231835842132568,0.09895128011703491,0.015072096551115521,0.6496303630910062,2.9887505437271056,6.678265728518653,0.22422373294830322,0.03758785272282239,0.7221975839795328,1.5662099827280496,ADL,ADL_068
142,25.68137301927085,153.12613402525517,0.09737462645122819,0.0073052942752838135,0.34817253557886096,2.450313052933472,14.833895326697153,2.0037225274913513,1.3223150517581908,2.649552457648779,0.15032440423965454,0.09920346736907959,0.014912702130764899,0.6599248335359578,0.7973417755038303,0.8495922626341024,0.05981862545013428,0.004781832610518677,0.7156209277556927,0.19729968671520215,ADL,ADL_068
143,31.09405043429702,158.46960531094777,0.014956265929173856,0.0011220574378967285,0.2761572213291361,0.08362399842630514,162.38032245078512,2.0245389484002643,1.2983850262715124,2.6286310557063772,0.15188610553741455,0.09740817546844482,0.014794948419407206,0.6413195848573869,0.6244926272673901,0.6276420582720466,0.04685103893280029,0.0035326113407307957,0.6827213261499475,0.986988048172357,ADL,ADL_068
144,27.09821790521015,168.0919573326466,0.007280305064647257,0.000546187162399292,0.33892388263429185,3.3955728943439993,119.87497587260617,2.0347687959489518,1.3410769226701398,2.7287814752164454,0.15265357494354248,0.10061103105545044,0.015358633569370284,0.6590764219982287,0.30689542646062495,3.004512585302046,0.02302408218383789,0.01691055449889234,0.7184635949928719,0.0,ADL,ADL_068
145,40.81835727481343,162.43926658986362,0.11713834869580342,0.00878801941871643,0.22111359439481787,0.21627594747621284,411.6041810880984,2.0085673248159783,1.4797733482772402,2.9722243954831993,0.15068787336349487,0.11101639270782471,0.016728824125628705,0.7367258791565097,0.7860441339892033,7.3032876080026154,0.05897104740142822,0.04110571668775265,0.6751610394489014,1.2990766663191167,ADL,ADL_068
146,52.299474165735674,156.0533956413678,0.13804295794565322,0.010356336832046509,0.17535179034411483,2.7377712923578565,344.43350672766735,2.025423215278308,1.469854940635285,2.9770783198542254,0.15195244550704956,0.11027228832244873,0.01675614388225455,0.7256978474853528,0.5056767138698914,0.1456177311307849,0.037937164306640625,0.0008195926987752955,0.6120334460323461,1.8938278024966582,ADL,ADL_068
147,57.86030102518748,158.27883716713654,0.17956814642837116,0.013471662998199463,0.14455101915993357,1.7101030215447495,166.82480578355424,1.933716874578564,1.3757254067836695,2.660263433884041,0.14507240056991577,0.10321044921875,0.01497298763206345,0.7114360648698616,2.751190220992321,9.504446579105528,0.20640134811401367,0.05349468750573294,0.5382975356308519,2.212077312044826,ADL,ADL_068
148,54.0220718899961,162.53905704323617,0.26479105509013245,0.019865304231643677,0.12536489082401753,1.1931763355337177,115.1468740557415,1.9525335652700144,1.0908675316825884,2.129955470873505,0.14648407697677612,0.0818396806716919,0.011988210083266893,0.5586895427215895,0.5645007207435127,15.90923889031609,0.04235029220581055,0.08954332646389673,0.4879082368601099,1.51167896312226,ADL,ADL_068
149,60.729500918652505,174.6658741677194,0.3241239325256527,0.024316608905792236,0.06099256612216267,0.7650815270016195,201.2228708596922,1.9566744448462616,1.0888900471727498,2.1306033285503596,0.14679473638534546,0.08169132471084595,0.011991856475898288,0.5564965762793173,0.12422638728741608,0.019435730305641385,0.009319782257080078,0.00010939177894186969,0.45073235113157045,1.1152765718561841,ADL,ADL_068
150,55.54529775929455,171.0465206483781,0.366807486783921,0.02751883864402771,0.10832428153945522,4.256529448756139,155.5260947807387,1.8776886764595058,1.2346780865744749,2.3183410622335807,0.14086902141571045,0.09262871742248535,0.01304851677829788,0.6575474078273618,2.369573051602676,5.632132010496633,0.1777714490890503,0.03169980907198777,0.5049209873457268,0.0,ADL,ADL_068
151,52.53034748869949,174.47307552192368,0.35563775808813053,0.026680856943130493,0.11620879591295437,1.5992121414882055,90.44850811785174,2.1485635353399517,1.4958967193671022,3.2140291438668167,0.16119074821472168,0.11222600936889648,0.01808979441932479,0.696226764780797,8.126245766413378,26.87064244899708,0.6096518039703369,0.15123832923080727,0.6427933404422067,0.0,ADL,ADL_068
152,55.13202053381935,158.43184291384082,0.35850745437159276,0.026896148920059204,0.12407424253706173,2.303979993694965,78.05019135359579,2.21376490989557,1.5683938915337485,3.4720553619719707,0.16608232259750366,0.11766493320465088,0.019542065394908548,0.7084692873697329,1.9560412366685442,7.740786543154621,0.14674723148345947,0.043568129267512745,0.6632321209469362,0.0,ADL,ADL_068
153,46.20642547010972,158.0206320501545,0.2313851526452999,0.017359107732772827,0.18834248910681983,2.2443694421589275,267.76785191128886,2.2152974802529335,1.5856104802554056,3.5125989015724444,0.1661972999572754,0.1189565658569336,0.019770260057612177,0.7157507982182355,0.045977110720909486,1.216306188014209,0.0034493207931518555,0.006845839881108873,0.7183014055672299,0.0,ADL,ADL_068
154,31.840561898774478,152.3497827443329,0.12237244590384577,0.009180694818496704,0.4162839267630093,4.415042032918643,430.9759071400573,2.453157325551078,1.5984383086587226,3.921220646327621,0.18404215574264526,0.11991894245147705,0.022070140683148054,0.651580559828937,7.135795358944339,12.258652342655303,0.5353456735610962,0.06899641876607632,0.823107989451253,0.0,ADL,ADL_068
155,33.752823355411394,25.492747949279444,0.19612411708255917,0.01471373438835144,0.36316793011876586,0.9818460855559964,57.367843699107475,2.5541830287660523,1.6431982613767995,4.197029112106505,0.19162136316299438,0.12327694892883301,0.02362249700031782,0.6433327869147161,3.030771096449225,8.27425397336652,0.22737622261047363,0.04657068951509302,0.812484314692159,0.31871024277281945,ADL,ADL_068
156,42.54231602441686,124.07282938214907,0.3029817708979637,0.022730469703674316,0.23979403012707287,2.128091922899207,263.6847800701641,2.6102088434164368,1.5881878043815274,4.145501852002797,0.19582456350326538,0.11914992332458496,0.02333248172648439,0.6084492810490401,1.6807744395115343,1.5458178031112535,0.12609601020812988,0.008700458215002982,0.7636537998643508,1.464915444834246,ADL,ADL_068
157,31.425753138389233,142.45758185842396,0.13191069029230243,0.009896278381347656,0.40194656819951013,5.804461261723839,333.4968865808289,2.7134003251664933,1.5817508499826871,4.2919232706754,0.20356625318527222,0.11866700649261475,0.024156597888413955,0.5829376023687494,3.0957444525016964,4.392642560178102,0.23225069046020508,0.024723484857887,0.8254124825645043,0.0,ADL,ADL_068
158,36.09183725418512,133.52614637641526,0.27500024591031225,0.020631223917007446,0.33301307894523097,2.1243737117678103,139.9825234738767,2.7464931987254775,1.5974459912007923,4.387374550164255,0.20604896545410156,0.11984449625015259,0.024693834467711895,0.5816283248872877,0.9927862067695248,2.863538384665647,0.07448136806488037,0.016117097378938183,0.7994897930323048,0.7776806859659835,ADL,ADL_068
159,36.001292812707646,152.11196191714868,0.2603041753113803,0.019528687000274658,0.3363320590737369,0.04341488189639869,2.7163332443242894,2.6998940026806526,1.7694863490672021,4.777425581671823,0.20255297422409058,0.13275140523910522,0.026889191963608283,0.6553878083489934,1.3979758813447463,11.701530945227034,0.10487973690032959,0.06586072487689165,0.7999928177071798,0.0,ADL,ADL_068
160,36.62441391471688,165.0232990833342,0.2703004429300186,0.020278632640838623,0.3359248831752667,0.3882432123032875,18.69363306027708,2.5994649611237293,1.783173020682707,4.635295786885855,0.19501852989196777,0.13377821445465088,0.026089230714518408,0.6859734229118392,3.0128712467077,4.263893843579023,0.22603332996368408,0.023998837472696266,0.7965310338071284,0.10385351700154088,ADL,ADL_068
161,37.423816987701706,159.804259610241,0.40713180429973606,0.03054407238960266,0.33986793485157424,0.05313943408620416,23.9820921895447,2.562177182698554,1.8749723166607357,4.804011287939586,0.19222110509872437,0.1406652331352234,0.02703882656222234,0.7317848957224685,1.1186333527552517,5.06146503161192,0.08392274379730225,0.02848787543111797,0.7920899056238794,0.1332338454974713,ADL,ADL_068
162,36.309085023980614,161.35247439110222,0.28010166336217013,0.02101394534111023,0.36607178945322166,1.2545149018583852,33.44195891163274,2.462023829018254,2.012185430263068,4.95404847771102,0.18470734357833862,0.150959312915802,0.02788329367708897,0.8172847527690433,3.0046006104090095,4.50111569314303,0.22541284561157227,0.02533401344599895,0.7982828609778855,0.0,ADL,ADL_068
163,39.04371120341045,136.62175331167293,0.2928011817018716,0.02196669578552246,0.30929359319142036,1.8088501287074066,82.03878538289516,2.36726108698892,2.025578935231674,4.795074191998392,0.1775979995727539,0.15196412801742554,0.02698852514271266,0.8556586939284702,2.842882260880013,4.769228571378852,0.2132803201675415,0.026843056031289336,0.7830904933143864,0.4557710299049722,ADL,ADL_068
164,58.70220396000116,172.14844095926006,0.5114947609030499,0.03837364912033081,0.10599841335843763,4.696076824266672,589.7547826977211,2.4152792413843165,1.990259107441642,4.807031507179875,0.18120044469833374,0.14931434392929077,0.027055825519827437,0.8240240257348446,1.4405446318618909,0.35871945544450057,0.10807335376739502,0.0020190113134432863,0.6738766446666602,3.2764154594317865,ADL,ADL_068
165,75.74458509003811,161.61908649007415,0.5982621572655451,0.044883161783218384,0.020638455247922932,2.4150138818719475,511.27143390110876,2.356552956726322,2.0219830754922086,4.764910195001746,0.1767946481704712,0.15169435739517212,0.02681875054512517,0.8580208787090974,1.761788539739837,1.2636393653438827,0.13217389583587646,0.007112249241068014,0.5791967494997883,2.8403968550061576,ADL,ADL_068
166,76.75596152179797,130.30922592095186,0.7616537018036688,0.05714121460914612,0.15570326908544824,4.14437533030239,30.341292952795698,2.4174926892928785,2.0074232598524717,4.852931055009829,0.18136650323867798,0.1506020426750183,0.027314165860570228,0.8303694983154033,1.828191976996698,2.640625800242482,0.1371556520462036,0.01486245946335174,0.5735779915455668,0.16856273862664528,ADL,ADL_068
167,76.08855731557034,143.15573878734935,0.7210092049959834,0.054091960191726685,0.17233749696109832,2.1577541905467874,20.0221261868289,2.6600471733891897,1.7744527032942017,4.720127897710547,0.19956356287002563,0.1331239938735962,0.02656669852090232,0.6670723096279297,7.276634522889336,3.984094718978435,0.5459117889404297,0.022424020190037197,0.5772857926912759,0.0,ADL,ADL_068
168,57.37488116763006,157.94156443208632,0.7326309982502706,0.0549638569355011,0.2692036500952125,0.2751476237233195,561.4102844382085,2.6522889828554113,1.7911767084899046,4.750718250274993,0.19898152351379395,0.13437867164611816,0.026738872811904457,0.6753290151976724,0.23274571601335392,0.9177105769333593,0.017461180686950684,0.0051652287300640864,0.6812506601798329,0.0,ADL,ADL_068
169,54.060655504205144,160.08662821419608,0.7531566359809588,0.056503742933273315,0.305078428841501,0.09433769011580896,99.42676990274741,2.645076606647972,1.6967071331074692,4.487920346115314,0.19844043254852295,0.12729132175445557,0.025259744948627372,0.6414553660477645,0.21637128622318258,7.883937124790359,0.016232728958129883,0.044373835898312564,0.699663024976638,0.0,ADL,ADL_068
170,56.39827358674586,151.21157539772062,0.8067282723867099,0.06052282452583313,0.33159014814686977,1.1015915517363462,70.12854247622144,2.7097138936174168,1.6506616962845635,4.472820932084375,0.2032896876335144,0.12383687496185303,0.025174759628505683,0.6091615725413944,1.9391186090833479,0.4529824209281852,0.14547765254974365,0.002549559603650664,0.6866762578514118,0.3896030137567852,ADL,ADL_068
171,51.28503281500497,157.64054892492928,0.9184895157540326,0.06890743970870972,0.3758221625536618,2.7873593581198426,153.39722315222673,2.8003667411632653,1.6735223388261864,4.686476298242613,0.21009069681167603,0.12555193901062012,0.02637729435279823,0.597605430942678,2.719585426375457,6.409660984747143,0.20403027534484863,0.03607604172877643,0.7150831510277502,0.0,ADL,ADL_068
172,54.702426035755764,156.11510445059608,0.9240918588722037,0.06932774186134338,0.35866555779363285,0.024704652805719044,102.52179662252388,2.8048595796137024,1.8888925682062898,5.29807841479454,0.21042776107788086,0.141709566116333,0.029819626721177883,0.6734324974896635,0.1347851535131106,18.34806349655783,0.01011192798614502,0.10326997105138958,0.6960976331346902,0.5695655367918007,ADL,ADL_068
173,59.263075030263515,158.66490855501596,0.9152412451961879,0.06866374611854553,0.3430053741160793,0.5917437676870109,136.81946983523255,2.790559562059429,1.8119033520787646,5.0562242246709275,0.2093549370765686,0.13593363761901855,0.02845837815031871,0.6492944003269561,0.4290005266282071,7.255625703708386,0.032184720039367676,0.040837457125775245,0.6707606942763138,0.760108165751292,ADL,ADL_068
174,53.61471458964867,174.76649204095673,0.941896767111553,0.07066351175308228,0.37390903169802037,0.16051469784863956,169.45081321844535,2.793161515361848,1.7348847398375937,4.845813288902918,0.209550142288208,0.1301555037498474,0.027274104330373916,0.6211156967631171,0.0780585990725724,6.312328073040279,0.005856156349182129,0.035528214598343766,0.7021404745019518,0.0,ADL,ADL_068
175,55.97457855833468,167.26678118444147,0.9307453116755963,0.06982690095901489,0.37781672858899734,0.42909586537516636,70.7959190605802,2.7924393243536345,1.7410857308377106,4.861876261862211,0.20949596166610718,0.13062071800231934,0.027364512931413287,0.6234969565358207,0.021665730246400727,0.4818891887787746,0.0016254186630249023,0.002712258031181136,0.6890301191203629,0.3933106614476667,ADL,ADL_068
176,45.756213850552506,172.39332486621117,0.9961405416833641,0.07473301887512207,0.43172562581211543,1.2957012405446202,306.55094123346515,2.845465940922604,1.704462940172574,4.849991243825861,0.21347415447235107,0.12787318229675293,0.027297619470488144,0.5990073299762612,1.5907984970690903,0.3565505410904901,0.1193457841873169,0.002006803827754311,0.745798811941375,0.0,ADL,ADL_068
177,45.16056192284169,175.5735489737185,0.9729454190378273,0.07299286127090454,0.42568750517138654,0.603875623237528,17.869557831324556,2.5990851951150096,1.746063207918522,4.538167033436052,0.19499003887176514,0.13099414110183716,0.025542552665420715,0.6717956982012121,7.391422374227838,9.354726311694277,0.5545234680175781,0.05265200415202287,0.7491079893175462,0.0,ADL,ADL_068
178,30.765949266163904,172.35235001496912,0.9992875148225651,0.07496911287307739,0.47552583514413954,1.411013454991382,431.83837970033346,2.6743400405374413,1.6846277138677797,4.5052673485956545,0.2006358504295349,0.12638509273529053,0.02535738056256065,0.6299196407076668,2.257645362672953,0.9869905452119188,0.16937434673309326,0.005555163085801951,0.8290780596324228,0.0,ADL,ADL_068
179,33.049155268106944,175.92169314366558,0.9726093499547972,0.07296764850616455,0.41255260655390624,0.5599482955762253,68.49618005829119,2.3203639573598482,2.0069465661176773,4.656846476366573,0.17407965660095215,0.15056627988815308,0.026210526298612535,0.8649225182628909,10.619282495327793,4.547373833127546,0.7966858148574829,0.02559437208155657,0.8163935818438504,0.38053433365717204,ADL,ADL_068
180,35.78584066857634,169.37542763240472,0.8515478118216361,0.06388530135154724,0.29384474373629227,4.417866443297299,82.10056201408193,2.2039450189588052,1.9653510653090773,4.331525690893323,0.16534560918807983,0.1474456787109375,0.024379495568609855,0.8917369363360803,3.49256815203129,9.759623564197488,0.26202142238616943,0.05493092190008042,0.8011897740634648,0.4561142334115664,ADL,ADL_068
181,27.939357489403086,173.97976397747993,0.9853962621458776,0.07392695546150208,0.4060143547364222,0.6000620733591728,235.39449537519766,2.503450103551002,1.5778594401276491,3.950092378776489,0.18781524896621704,0.11837506294250488,0.022232641917938167,0.6302706160626033,8.985152537765902,11.442999363505022,0.6740891933441162,0.06440560952015062,0.844781347281094,0.0,ADL,ADL_068
182,18.876809236511313,173.23721275320207,1.1360024834720368,0.08522582054138184,0.5255465004704515,0.18313381556463318,271.8764475867532,2.5461102203673094,1.5819923748083162,4.027926954042606,0.19101572036743164,0.11868512630462646,0.022670724897977834,0.6213337035434846,1.279803504489223,2.335037257983501,0.09601414203643799,0.013142489401190005,0.8951288375749371,0.0,ADL,ADL_068
183,15.798124253329124,177.34472313985515,1.2190997353213942,0.09145998954772949,0.6248104230905814,2.686431377120501,92.36054949546568,2.6670132578336516,1.5631240422955965,4.168872544440886,0.20008617639541626,0.11726957559585571,0.023464020988487988,0.5860924108604804,3.627091123990267,4.228367711948398,0.2721136808395386,0.023798882715304615,0.9122326430370604,0.0,ADL,ADL_068
184,17.357432154814877,161.64799551473078,1.224147127483309,0.09183865785598755,0.6156539309347392,1.5119295186473536,46.77923704457257,2.6976702264078365,1.5546174425981907,4.193845188351433,0.20238614082336426,0.1166313886642456,0.02360457665062654,0.5762786518439776,0.9197090572255462,0.749179317316413,0.06899893283843994,0.004216669864156586,0.9035698213621396,0.25988465024762486,ADL,ADL_068
185,23.57535189569382,170.01000132128488,1.202480602747346,0.09021317958831787,0.5560183529776246,0.507583488809062,186.53759222636833,2.625973899715645,1.7208723275033126,4.518965816766612,0.19700729846954346,0.12910425662994385,0.025434480819583882,0.6553239514928492,2.1508898007657384,9.753618852455386,0.16136527061462402,0.05489712506872024,0.8690258228017009,1.0363199568131598,ADL,ADL_068
186,28.94874013530942,169.41755316668645,1.1228973782129812,0.08424264192581177,0.463174303230838,1.1266179728130514,161.20164718846803,2.2724578259921286,1.7437075463790797,3.962501860010672,0.17048561573028564,0.13081741333007812,0.022302487259821646,0.7673177907234358,10.605482211705498,16.693918702678207,0.7956504821777344,0.09395980679286708,0.8391736659149477,0.8955647066025973,ADL,ADL_068
187,25.966396755487775,170.92259007499553,1.1205719072767426,0.0840681791305542,0.4712494950982549,0.19587345562701314,89.4703013946494,2.3219227458726257,1.7035413322853048,3.955491367967406,0.17419660091400146,0.12780404090881348,0.022263029509389298,0.733672795941135,1.4839475964149118,0.2103147612979761,0.11132955551147461,0.0011837325129704368,0.8557422402472902,0.0,ADL,ADL_068
188,27.945783795307204,173.30254710303166,1.0941857173215364,0.08208861947059631,0.4451433627122404,1.1312299846971872,59.38161119458286,2.5587052633301353,1.5182171090092915,3.8846701076999355,0.1919606328010559,0.11390054225921631,0.021864420168462573,0.5933505596780367,7.103475523725287,2.1246378080241213,0.5329209566116333,0.011958280227801765,0.8447456455816267,0.32989783996990485,ADL,ADL_068
189,33.13466921158734,164.10413146036464,1.0612672342205312,0.07961899042129517,0.4324875412982285,0.8706215198850964,155.666562488404,2.559829466054692,1.5501126868043837,3.9680241313870694,0.19204497337341309,0.11629343032836914,0.02233356873091452,0.6055499539282131,0.033726081736698,2.500620710614019,0.002530217170715332,0.01407445687355846,0.8159185043800703,0.8648142360466915,ADL,ADL_068
190,39.748364131778985,174.28115829491722,0.9964321193511467,0.07475489377975464,0.36885766708831585,1.7466535136601091,198.41084760574944,2.488606655139063,1.687566530742787,4.199689299396439,0.18670165538787842,0.1266055703163147,0.023637469559382396,0.6781133886568949,2.1366843274688696,6.9499550402810994,0.16029953956604004,0.03911702485403623,0.7791757548234501,1.1022824866986047,ADL,ADL_068
191,43.20286286138804,171.5918643701797,0.9132442956921784,0.06851392984390259,0.3318833147937683,2.2159823302519217,103.6349618882717,2.4157885091909885,1.7145418347052432,4.141970462808161,0.18123865127563477,0.12862932682037354,0.023312605707417333,0.7097195669657858,2.1845443784422303,1.7315650976483443,0.16389012336730957,0.009745915558951879,0.7599840952145109,0.5757497882681761,ADL,ADL_068
192,35.62290653699469,176.55403138642527,0.9739464758808954,0.07306796312332153,0.3941597760416439,0.7285548695729995,227.39868973180052,2.448879793770857,1.707091906119965,4.180462875006959,0.18372124433517456,0.1280704140663147,0.02352925583478438,0.6970871411339218,0.9927385373960496,1.1547723659639253,0.07447779178619385,0.006499503821011388,0.8020949636833629,0.0,ADL,ADL_068
193,23.08590175556611,143.8229552684119,0.9155272614370645,0.06868520379066467,0.426244839596317,2.5268462320547105,376.11014344285746,2.3589022623493006,1.923765098375173,4.53797384278582,0.17697089910507202,0.14432579278945923,0.02554146531400292,0.8155294344429784,2.6993259426466887,10.725329033365831,0.20251035690307617,0.06036628437655622,0.8717449902468549,0.0,ADL,ADL_068
194,27.17485595079344,122.94310777749301,0.8851217488079837,0.06640410423278809,0.37012169997507893,0.8252641110194106,122.66862585681992,2.2003753773747534,1.9389326985267725,4.266379768225096,0.165077805519104,0.1454637050628662,0.024012829214456133,0.8811773540851808,4.755806549236414,8.147822236821725,0.3567928075790405,0.04585908298640362,0.8490285780511475,0.6814923658712224,ADL,ADL_068
195,30.62679310872831,132.55742721714788,0.878977166566484,0.06594312191009521,0.3372985556210325,0.5313228368018224,103.55811473804614,2.3238136310206436,1.8309488557629163,4.254783908723515,0.1743384599685669,0.13736248016357422,0.023947563249180348,0.7879024071104753,3.703147609376707,0.34787578504742456,0.2778196334838867,0.001957978958273543,0.8298511493959538,0.5753228596558102,ADL,ADL_068
196,42.27254115776216,104.12706481127007,0.7837115126469419,0.058796048164367676,0.2396561861887615,4.425719972578037,349.3724414710156,2.158790204930407,1.9104963282671714,4.124360760018678,0.1619579792022705,0.14333033561706543,0.023213491514923135,0.8849792479740208,4.950702782707097,3.9126944611451187,0.3714144229888916,0.022022152027716402,0.7651525491235436,1.9409580081723077,ADL,ADL_068
197,49.55060445308384,135.16292230487798,0.6804652111173839,0.05105024576187134,0.18246286913291007,2.904304248608275,218.3418988596504,2.1868555485664265,1.8880297525463121,4.128848340214399,0.16406351327896118,0.14164483547210693,0.023238749345374288,0.8633484026571074,0.8419603090805827,0.13462740587165456,0.06316602230072021,0.0007577349135345912,0.7247188641495342,1.2130105492202803,ADL,ADL_068
198,39.538306911412576,136.02956094594728,0.7818480373886749,0.058656245470047,0.32065280764679155,0.7528066633306639,300.368926250138,2.1589371854986354,1.6067629702473487,3.4689003247492383,0.16196900606155396,0.1205434799194336,0.019524307629751547,0.7442333482016608,0.8375508920337316,19.798440463954833,0.0628352165222168,0.11143325146868222,0.7494372120832283,0.0,ADL,ADL_068
199,61.45290288346002,105.24708265135862,0.6662986678088527,0.04998743534088135,0.20156676779957408,6.128934769655007,657.4378791614233,1.8590316781692116,1.5751804213381047,2.928310302099462,0.13946932554244995,0.11817407608032227,0.016481658687524714,0.8473062324957015,8.997165219882717,16.217700679493287,0.6749904155731201,0.091279468266805,0.554586234369625,5.845529331408102,ADL,ADL_068
200,89.2510131466143,84.84304483744907,0.5039951767203973,0.03781101107597351,0.08188168282563166,7.289374162951721,833.9433078946283,1.8828886106165545,1.5068384295597494,2.8372089170573878,0.14125913381576538,0.11304688453674316,0.01596890499023118,0.8002745111666214,0.7157079734202898,2.7330415512622297,0.05369424819946289,0.015382610918805995,0.38783277732769417,5.002603711257923,ADL,ADL_068
201,89.6076229987128,71.55702983146858,0.6374781618479632,0.047825247049331665,0.06668945349773457,1.182105123543118,10.698295562955025,1.7958514850491216,1.4882179777891227,2.6726184654893967,0.13472938537597656,0.11164993047714233,0.0150425265104559,0.8286915395185261,2.611113767022988,4.93771354703973,0.19589245319366455,0.027791354393258416,0.3635942780738266,0.7271549776160269,ADL,ADL_068
202,58.75621788295499,109.23987147420131,0.7846541745074979,0.05886676907539368,0.17882212073341794,5.243011380883011,925.5421534727342,1.3640821623113166,1.3980759870290624,1.9070905154621318,0.10233694314956665,0.10488724708557129,0.01073384024211066,1.024910642695631,12.95307968213415,22.96583850081795,0.9717732667922974,0.12926058805035723,0.43146971384620497,0.0,ADL,ADL_068
203,74.39317035440448,42.45615798531998,0.7626920996559625,0.057219117879867554,0.13598403825612046,7.931850061364224,469.1085741434845,1.8992050426690084,1.4461410163083803,2.7465183105833604,0.14248323440551758,0.10849320888519287,0.015458463312995718,0.7614400943224043,16.05368641073075,25.182833853636858,1.2043887376785278,0.14173869212655177,0.4581123862633627,0.0,ADL,ADL_068
204,74.51130798514515,68.61463133963126,0.6044297797042264,0.04534587264060974,0.014884761868954696,2.388068768512695,3.5441289222202954,1.9825922832070324,1.448385449309704,2.8715578149107692,0.14873915910720825,0.10866159200668335,0.016162233822324623,0.7305464284757336,2.5016172161407213,3.7511851298222654,0.18767774105072021,0.021113115279867145,0.4743649809815233,0.0,ADL,ADL_068
205,42.16654710871471,70.05517746847583,0.3689367187993359,0.027678579092025757,0.20644255021696264,5.692724250288035,970.3428262929133,1.9050016384841082,1.3892214009052566,2.646469044941702,0.14291810989379883,0.10422295331954956,0.01489534749597965,0.7292443494575089,2.327719341687726,6.752663099072014,0.17463147640228271,0.03800658979034921,0.623619661730073,0.0,ADL,ADL_068
206,51.94242297961399,29.772926107194053,0.3291840365204951,0.0246962308883667,0.1317629152345162,0.7067818832362659,293.2762761269783,1.862467051017963,1.4570946438443972,2.7137907643749437,0.13972705602645874,0.10931497812271118,0.015274260072683177,0.7823409358963058,1.276037623984354,2.0196515829972483,0.09573161602020264,0.011367377301105819,0.578413060895169,1.3561980250471206,ADL,ADL_068
207,45.63680665193352,146.21688955204723,0.36021441518693564,0.02702420949935913,0.1411438506904907,4.307237744794892,189.16848983041405,1.831230899556003,1.4170936835786845,2.5950257409349238,0.13738363981246948,0.10631400346755981,0.014605804759408869,0.7738419929089512,0.9370845438588038,3.562950703200598,0.07030248641967773,0.02005365939822923,0.5973838369811042,0.0,ADL,ADL_068
208,50.74297830442001,86.86121862925295,0.42784295534221517,0.03209787607192993,0.10650211973820368,0.19144020389342536,153.18514957459465,1.606150418798138,1.5111731645881463,2.4271714111797587,0.12049752473831177,0.1133720874786377,0.013661055915591191,0.9408587177714361,6.752414422735951,5.035629892654954,0.5065834522247314,0.02834246531453033,0.5463175136609181,1.5319896996055837,ADL,ADL_068
209,41.80462047975439,166.2672509199492,0.37542730124334045,0.02816551923751831,0.1594159187899385,3.787307888254656,268.15073473996847,1.7072420646464253,1.5832730919757974,2.7030304224438897,0.12808167934417725,0.1187812089920044,0.01521369672222761,0.9273791710182888,3.03274937544862,8.275770337923932,0.22752463817596436,0.04657922419909255,0.6332790801110864,0.0,ADL,ADL_068
54,60.85346721953804,123.64702228050953,0.055184653023279406,0.001207306981086731,0.09747919658770786,0.0,0.0,8.437057167751803,2.8155949527607955,23.755335577676266,0.1845824420452118,0.06159842014312744,0.011369986816145428,0.3337158493774298,0.0,0.0,0.0,0.0,0.6619251821136776,0.0,ADL,ADL_069
55,15.70489311356928,119.95182562176986,0.23750018163990036,0.005195930600166321,0.05509065909433244,8.165702143805314,1354.4572231790628,7.836279305232411,2.2343283227675994,17.508820796798382,0.17143887281417847,0.048881709575653076,0.008380225190879997,0.2851245090961736,18.023335875581754,187.39544342633653,0.39430707693099976,0.0896928487579629,0.8370612180095631,0.0,ADL,ADL_069
56,23.618897031362756,99.65566946791746,0.2554141984894242,0.005587846040725708,0.004193627684974653,3.2535181166481517,237.42011753380427,6.609515498234734,2.520772777887213,16.661086742973758,0.14460024237632751,0.055148422718048096,0.007974475291701921,0.38138277245587743,36.8029142099303,25.432021614738716,0.8051589131355286,0.012172496975342284,0.7725504524116347,1.9353229679378536,ADL,ADL_069
57,15.672043755665193,111.07391303167469,0.3542542637005817,0.007750228047370911,0.033703634681760714,2.0450831257951343,238.4055982709269,6.78385652743026,2.3452602301569856,15.909908920873063,0.14841440320014954,0.051308631896972656,0.007614939982005353,0.34570961497695113,5.230230875865756,22.53533466302086,0.11442482471466064,0.010786059290897043,0.7984955140934047,0.0,ADL,ADL_069
58,15.435239628046034,104.46861867583254,0.19154259930824863,0.004190489649772644,0.0336968235274892,1.2239235556664532,7.104123828574771,6.253605442930746,2.201841841354159,13.769450123565028,0.13681378960609436,0.04817098379135132,0.006590454841548521,0.35208900974844287,15.907532534985416,64.21376391924106,0.3480184078216553,0.030734554213704968,0.7479389865775968,1.5166958254742358,ADL,ADL_069
59,20.1007661643774,112.09243621209893,0.19356006320347274,0.004234626889228821,0.08864717284382832,5.377719610461258,139.965796089941,5.94216541386551,2.2583471771906862,13.4194724888033,0.13000023365020752,0.04940718412399292,0.006422945480117903,0.3800516559476053,9.343200871957071,10.499329042851802,0.20440667867660522,0.005025280842918534,0.713537999509273,1.0320296120497152,ADL,ADL_069
103,29.761785780865413,175.32519972199253,4.45002881971802,0.09735588729381561,3.8118366056697437,2.2702236630547667,6.587058829423645,12.443653280892233,4.402939904661869,54.788657590217,0.272237092256546,0.09632569551467896,0.026223427256505616,0.35382886618198006,4.43283263660913,28.206262569145707,0.09697967632250352,0.013500328483900714,0.8346567456618588,0.0,ADL,ADL_069
104,24.775948561449773,170.66471212690217,4.0244883342962865,0.08804608881473541,3.6562677987619536,18.0683303606994,149.57511658246918,11.764811417036102,2.6658449149471646,31.363162691418033,0.2573856711387634,0.058322250843048096,0.015011311675561245,0.22659390474654825,20.365255915683953,702.764846963969,0.4455426335334778,0.3363634674283311,0.862355841325279,0.0,ADL,ADL_069
105,23.843448225690352,175.04659336668269,4.0692144599356475,0.08902458846569061,3.6830029415085224,4.2994049108113535,27.975010072782638,11.882854169484954,2.886360121180176,34.29819640060096,0.2599681615829468,0.06314659118652344,0.016416103220990408,0.24290031479897528,3.541282573465576,88.05101127548774,0.07747471332550049,0.04214374636287488,0.8675363987461647,0.0,ADL,ADL_069
106,19.767298404569736,172.98540369733553,4.027494777791735,0.08811186254024506,3.5025107588903874,4.190780622489157,122.28449463361848,11.83749733096005,3.0560504942391082,36.17598956883459,0.2589758634567261,0.06685900688171387,0.01731486903705104,0.2581659457501528,1.3607051557471372,56.333795047008905,0.029768943786621094,0.026962974481818947,0.8901816755301681,0.0,ADL,ADL_069
107,16.340207105085128,166.95278566486817,3.5772441057883553,0.07826146483421326,3.0686552163339824,12.375138517844162,102.81273898453826,12.382410106144437,2.927984447164287,36.2555042092008,0.27089723944664,0.06405723094940186,0.017352927030788834,0.23646233759307797,16.347383255531636,2.385439210986391,0.3576412796974182,0.0011417398121338351,0.9092210716384159,0.0,ADL,ADL_069
108,14.582658532398751,168.67448715859837,3.6644779641208434,0.0801699310541153,3.148523492437249,2.1743452115600346,52.7264571805913,12.13327170520079,2.955234513173783,35.856663300924296,0.2654466927051544,0.06465339660644531,0.017162030301335562,0.24356360361458848,7.474152028309398,11.965227248295136,0.16351640224456787,0.0057269018835981456,0.9189852303755626,0.0,ADL,ADL_069
109,13.039538305789115,178.14313447032984,3.606626744200264,0.07890428602695465,2.950258964978438,1.3494258842734743,46.29360679828908,12.093181251158626,3.015060967833103,36.46167876729947,0.26456961035728455,0.06596225500106812,0.017451608103920435,0.24931814955557838,1.202713621264948,18.150463991255137,0.02631247043609619,0.008687334077546183,0.9275581205233938,0.0,ADL,ADL_069
110,12.953341618007782,178.4103448282288,3.9626600813965664,0.08669343590736389,3.127645942364187,13.028355457099984,2.5859006334400014,11.90898720619392,3.019243016555816,35.956126456553555,0.2605398893356323,0.06605374813079834,0.01720963622820193,0.2535254573638421,5.5258213489411645,15.16656932237737,0.12089163064956665,0.007259156271555156,0.9280369910110678,0.0,ADL,ADL_069
111,7.721692990938969,177.4151708043946,3.9959741180539963,0.08742226660251617,3.0031809525527184,3.8161330817842187,156.9494588120644,11.992791648350698,3.067147226778268,36.78365764556842,0.26237332820892334,0.06710177659988403,0.017605716455243225,0.255748255013929,2.5141332647033288,24.825935670445887,0.05500316619873047,0.011882406811238866,0.9571017056058946,0.0,ADL,ADL_069
112,4.194496124938568,178.60495212314285,3.998203408847065,0.08747103810310364,3.151762877408784,2.424777731815269,105.81590598001203,11.831890388763735,3.1892003868621916,37.734269405156354,0.2588531970977783,0.06977200508117676,0.018060706583185038,0.2695417183242404,4.827037787608877,28.51835278763808,0.10560393333435059,0.013649703838254368,0.9766972437503413,0.0,ADL,ADL_069
113,2.6987790898245145,175.94704292646537,4.32366760455736,0.0945914089679718,3.6344673372851006,15.282186839008654,44.8715110534216,11.577658606655847,3.3414133380604043,38.68574289178969,0.25329121947288513,0.07310205698013306,0.018516109158474237,0.2886075898117298,7.6269534632366565,28.544204598999983,0.16685932874679565,0.013662077258675964,0.9850067828343083,0.0,ADL,ADL_069
114,3.1113036794382656,173.6594505834278,4.267333228693048,0.09335894882678986,3.7905578786100893,6.572116812360674,12.375737688412531,11.512298770266344,3.4925419534985913,40.20718643636545,0.2518613040447235,0.07640838623046875,0.019244315795958755,0.3033736490272908,1.9607950916850747,45.643306337272804,0.04289746284484863,0.02184619912453556,0.9827149795586763,0.06875409826896162,ADL,ADL_069
115,2.0343394744260794,164.08606639801135,4.393270108942592,0.0961141437292099,3.9058053333459104,7.568105090330722,32.308926150365586,11.659307999601117,3.5352533397044366,41.2186075442325,0.2550775110721588,0.07734280824661255,0.01972841102687717,0.3032117755491099,4.410276880043167,30.342633236011523,0.09648621082305908,0.014522856927552397,0.9886981140309663,0.0,ADL,ADL_069
116,0.9142795961722234,164.23509253364773,4.134468723433941,0.09045219421386719,3.7809282687010146,0.7359928971175995,33.60179634761568,11.400597202444276,3.5677888614286317,40.67492371251511,0.24941754341125488,0.07805460691452026,0.019468188308550793,0.31294628637863375,7.761323914705223,16.31051495152164,0.16979902982711792,0.00780668154979125,0.9949206689101543,0.0,ADL,ADL_069
117,0.7818456772685232,163.4984675774872,4.174587103208619,0.09132988750934601,3.7620075632501604,2.634302459515757,3.973017567111008,11.26107479388476,3.6094513298766633,40.64630139062791,0.24636512994766235,0.07896608114242554,0.019454488842111317,0.32052328442712874,4.185672256785491,0.8586696566159446,0.09157240390777588,0.00041098399318428847,0.9956564129040637,0.0,ADL,ADL_069
118,0.8092710373538928,161.57357960779265,3.9761516157775927,0.08698859810829163,3.6800407705158387,0.19189064929152327,0.82276080256109,11.069151451052733,3.702268291365516,40.98096842955512,0.24216631054878235,0.08099669218063354,0.019614670112039434,0.3344658368509135,5.757700284960805,10.040011167816232,0.12596458196640015,0.004805438097843506,0.9955040497924783,0.0045708933475618885,ADL,ADL_069
119,0.6504004960081518,160.06896361991753,3.93854314635197,0.08616581559181213,3.648538500894633,1.5813048202930895,4.766116240372233,11.029430161572083,3.683044489549579,40.62188197944999,0.24129730463027954,0.08057612180709839,0.01944280100961393,0.3339274261812912,1.1916386844194804,10.772593503153942,0.02607017755508423,0.0051560730727651105,0.9963866639110659,0.0,ADL,ADL_069
120,0.2507680844562663,159.81729011202017,3.803800124744778,0.08321796357631683,3.5585290971965007,1.093782831000527,11.988972346556563,10.90420572805934,3.683485852346373,40.165487530380865,0.23855769634246826,0.080585777759552,0.01922435750028484,0.33780272526248756,3.756733005382298,13.691833472073682,0.08218824863433838,0.006553305279872745,0.9986068439752429,0.0,ADL,ADL_069
121,0.18006919883080194,161.54787975154056,3.740530631601205,0.08183377981185913,3.5232636648402806,0.7576932346266612,2.1209665687639307,10.868518004138286,3.7288862822586144,40.52746769411203,0.23777693510055542,0.08157902956008911,0.0193976116172756,0.3430891496538131,1.0706317176316205,10.859404911935044,0.023422837257385254,0.00519762350972286,0.9989996155620511,0.0,ADL,ADL_069
122,0.27254102178590944,165.1542022592046,3.6357614565966894,0.07954168319702148,3.469881924352672,0.517375278464633,2.774154688653225,10.946708692944478,3.736928893222425,40.90707200035331,0.23948755860328674,0.08175498247146606,0.01957930115574591,0.34137322863466457,2.3457206641857553,11.388129187238292,0.0513187050819397,0.005450686154109263,0.9984858832123005,0.01541197049251819,ADL,ADL_069
123,0.4698196922171356,165.97267455000153,3.5513937319816566,0.07769592106342316,3.4149683552693997,1.1619897298755248,5.918360112936785,11.085157663590804,3.7344877755315125,41.397385784519315,0.24251648783683777,0.08170157670974731,0.019813979434379903,0.3368894236803036,4.15346911938979,14.709413524980164,0.09086787700653076,0.007040348359019788,0.9973898905987937,0.03287977840520373,ADL,ADL_069
124,0.7758828824470855,169.01543577351632,3.472017221216794,0.07595935463905334,3.3490023261497317,0.21412225683376343,9.181895706898496,11.257418566271808,3.6959257445078766,41.60658309578493,0.24628514051437378,0.08085793256759644,0.019914107284112248,0.3283089028019317,5.167827080430101,6.275919337968361,0.11305958032608032,0.0030038354919703636,0.9956895395419607,0.05101053170498915,ADL,ADL_069
125,1.3073946426102674,170.62320369798488,3.339408815358296,0.07305820286273956,3.2851280025068474,0.9554891546715919,15.945352804895457,11.392874715731228,3.6847418291940413,41.97980201982203,0.24924859404563904,0.08061325550079346,0.020092740595014646,0.3234238186403333,4.0636844837826125,11.196567721113126,0.08890360593795776,0.005358999327071956,0.9927366964299429,0.08858529336053467,ADL,ADL_069
126,1.6759982216536948,171.29107482878453,3.317008291190122,0.0725681334733963,3.1763409275975625,1.306679080065417,11.058107371302823,11.47257884301655,3.69040053616282,42.338411113438504,0.2509923279285431,0.08073705434799194,0.0202643812208958,0.3216701217292019,2.3911238185596417,10.75827280849417,0.05231201648712158,0.005149218776434594,0.9906888987685906,0.06143392984056972,ADL,ADL_069
127,2.728991134688664,171.78715017363749,3.1725348545906376,0.0694074034690857,3.1027538979634914,1.229992294122377,31.589787391049075,11.357320490433894,3.7105778995767698,42.14222241021441,0.2484707534313202,0.08117848634719849,0.020170479665102548,0.32671112601793967,3.4577505774796613,5.885661096722856,0.07564723491668701,0.002817046673797563,0.9848389381406185,0.17549881883916152,ADL,ADL_069
128,3.431998263087494,172.19060100224942,3.039873321728822,0.06650508940219879,2.977103086193351,0.8817243539110341,21.090213851964904,11.22086582575827,3.72885631317982,41.84099637372242,0.24548545479774475,0.08157837390899658,0.0200263042207105,0.33231313709837335,4.093639940268705,9.03678109475969,0.08955895900726318,0.00432526333176142,0.9809333429828473,0.11716785473313673,ADL,ADL_069
129,4.251779889032156,172.49473644030724,2.905730362812951,0.06357036530971527,2.8421523243808777,0.47891950144763307,24.593448778339866,11.046197861157712,3.7636177201199477,41.57366601020423,0.24166414141654968,0.08233886957168579,0.019898352220250715,0.3407147141248691,5.240038938016767,8.019910905545728,0.11463940143585205,0.0038385600137935683,0.9763790006164881,0.1366302709907763,ADL,ADL_069
130,5.448684851011566,173.8467861041906,2.709495559327052,0.05927722156047821,2.61253401046398,0.6161915046358403,35.907148859382296,10.904137616516625,3.7953631479486463,41.38516206988779,0.23855620622634888,0.08303338289260864,0.019808128813000536,0.3480648696641113,4.261807339232604,5.655118209493111,0.09323805570602417,0.0027067022175053523,0.9697295286054912,0.1994841603299058,ADL,ADL_069
131,6.187591448006834,174.35055309867587,2.4391479050973213,0.05336266756057739,2.438096943993226,0.9056723723296972,22.167197909858025,10.710854767292004,3.8563829168363366,41.305157349299925,0.23432764410972595,0.08436834812164307,0.019769836252773842,0.3600428297708966,5.798485476738637,2.400141617635967,0.12685686349868774,0.0011487768068008108,0.9656244919555176,0.1231510994992091,ADL,ADL_069
132,8.317754000853807,173.98691179875968,2.230578782341128,0.048799678683280945,2.225357351476581,0.21019903197336812,63.90487658540919,10.516547520464945,3.850481732775492,40.49377411941567,0.23007667064666748,0.08423924446105957,0.01938148490339131,0.366133941743641,5.829217404811757,24.3414968965277,0.12752920389175415,0.011650540481475957,0.9537902555508122,0.35502709214116135,ADL,ADL_069
133,10.47066696165991,173.85652320793088,2.0908493146917566,0.045742735266685486,2.1090746012914887,0.116429871117357,64.58738882418311,10.316649678211823,3.9565150580128017,40.817979800088004,0.2257033884525299,0.086558997631073,0.019536659066387685,0.38350604622505186,5.9969352675936705,9.726170420170064,0.1311984658241272,0.00465522488989123,0.9418296279907783,0.3588188268010173,ADL,ADL_069
134,12.286280340533855,173.9498423227567,1.879711705659773,0.04112355411052704,2.0026441857601496,0.2641638072666183,54.46840136621834,10.047918310890724,3.9850211008699654,40.04116648871724,0.2198241949081421,0.08718264102935791,0.01916485387424416,0.3965998577450994,8.061941019632961,23.304399341122988,0.17637580633163452,0.011154155764305784,0.9317428869970341,0.30260222981232543,ADL,ADL_069
135,14.6285817274981,172.19495797888445,1.7614285194651353,0.03853580355644226,1.9228842070098002,2.222609050728023,70.26904160892734,9.943442015519883,4.022803935844939,40.00051767587933,0.2175385057926178,0.08800923824310303,0.019145398183351148,0.40456669202422,3.1342888611252206,1.2194643851372433,0.06857067346572876,0.0005836707267903307,0.9187301015138994,0.3903835644940401,ADL,ADL_069
136,16.72671260415821,172.5288940778708,1.6133513011405896,0.035296231508255005,1.899961267309001,2.587366795430715,62.94392629980328,9.791101014621367,4.0245639381087,39.40491205782466,0.21420565247535706,0.08804774284362793,0.01886032420480177,0.4110411223281555,4.5702300269555,17.868168541640088,0.09998559951782227,0.008552219356481316,0.9070738188657878,0.3496884794433508,ADL,ADL_069
137,16.66922785910723,172.09240315209044,1.55740856664689,0.03407233953475952,1.8125870991985196,2.801100816471002,1.7245423515293368,9.571123889575805,3.8934246982265694,37.26445014146079,0.20939308404922485,0.08517873287200928,0.01783583757147511,0.40678672111856445,6.5993137513668465,64.21385749091606,0.14437705278396606,0.0307345989997998,0.9073931785605154,0.0,ADL,ADL_069
138,17.218669210332802,170.2307296185483,1.4399086631934772,0.03150172531604767,1.8053631889781458,3.6577328780457576,16.483240536767134,9.327310449041633,4.011802559465581,37.419327932395284,0.20405903458595276,0.0877685546875,0.01790996653653565,0.4301114368895725,7.314403216025163,4.646333728034762,0.16002148389816284,0.0022238689518161436,0.9043407266092622,0.0915735585375943,ADL,ADL_069
139,15.798607020953758,169.01956405503546,1.50794460209626,0.03299018740653992,1.8690297724157485,5.621388654524875,42.601865681371315,9.27035421479233,4.113215197645092,38.13096184383705,0.20281296968460083,0.08998721837997437,0.018250574993299296,0.4436933931124907,1.7086870274790655,21.349017343252967,0.03738194704055786,0.010218253702909408,0.9122299609947013,0.0,ADL,ADL_069
140,19.185452477915618,169.8712782949812,1.3322004751208012,0.02914533019065857,1.70622138963276,0.3414840305569095,101.60536370885579,9.126151181017425,4.064104050885726,37.08962798376847,0.19965815544128418,0.08891278505325317,0.01775216265887991,0.44532285462562055,4.326091013247169,31.240015802057286,0.09464442729949951,0.014952370032581541,0.8934141529004688,0.5644742428269767,ADL,ADL_069
141,26.154940991197535,170.29392975551485,1.2424192450907647,0.02718113362789154,1.581701229471692,2.4070414860922322,209.0846553984575,8.962955924671816,4.174771685489377,37.41829461260915,0.19608783721923828,0.09133392572402954,0.017909471959967505,0.4657783024227591,4.895857690368288,9.859998865220376,0.10710954666137695,0.00471927903262781,0.8546947722711248,1.1615814188803197,ADL,ADL_069
142,23.56425284755232,170.24663408311272,1.104382349277866,0.024161219596862793,1.5146631246696869,2.263312508654624,77.7206443093564,8.645545237772165,4.226114166388093,36.537061205498055,0.18914365768432617,0.09245717525482178,0.017487688306857763,0.4888172702669118,9.52232060698952,26.437002213332903,0.20832538604736328,0.012653509593292256,0.8690874841802649,0.0,ADL,ADL_069
143,31.941391947447833,171.02449670674355,0.9704995764551669,0.021232187747955322,1.2945204885753272,2.440572798570923,251.31417299686535,8.535799833456878,3.96771259563518,33.867600513027526,0.18674269318580627,0.08680397272109985,0.016210007645165447,0.4648294742394948,3.292362129458617,80.08382077411589,0.07202893495559692,0.03833041985076946,0.8225478225141787,1.3961898499825875,ADL,ADL_069
144,34.37811097382082,172.25268060616378,0.8127518812959175,0.017781049013137817,1.227329132802213,3.2944054757400845,73.10157079118952,8.328130464179951,4.000147312276156,33.31374869257461,0.1821993887424469,0.08751356601715088,0.015944918234996663,0.4803149247988569,6.230081078307794,16.615554613587378,0.13629913330078125,0.007952682305063519,0.8090104945898844,0.40611983772882887,ADL,ADL_069
145,36.39238240876309,177.3706272777628,0.6435301156508658,0.014078885316848755,1.1884898877997263,3.6932258029546463,60.4281430482682,8.01092819860101,3.9339347193718597,31.51446857487158,0.1752597689628601,0.08606499433517456,0.015083731022972557,0.4910682227658877,9.516067967368258,53.97840353109103,0.20818859338760376,0.02583561636072318,0.7978200977290939,0.3357119058237146,ADL,ADL_069
146,40.09570860616317,175.17735523277162,0.4449672596349619,0.009734809398651123,0.9904446795084579,1.6793854418029726,111.09978592200243,7.735288958617734,3.816556735579907,29.5221691766694,0.1692294478416443,0.0834970474243164,0.014130159232024653,0.4933925808814732,8.26917719949825,59.76898194606534,0.1809096336364746,0.02860715372843714,0.7772460632990935,0.6172210329000116,ADL,ADL_069
147,44.15032521982316,174.7119917727235,0.3055633651597691,0.006684988737106323,0.9408540274883777,2.2498059897342007,121.63849840979964,7.568110539254139,3.6878531644652717,27.91008040121135,0.16557198762893677,0.08068132400512695,0.013358567180063119,0.4872855479659563,5.015352580907857,48.362663263741545,0.10972380638122559,0.023147761558846014,0.7547204154454269,0.6757694356099986,ADL,ADL_069
148,44.489849359092744,178.29990748822738,0.17745577004389168,0.003882303833961487,0.8397158788260094,3.0211896444466166,10.185724178087554,7.360546061752995,3.5529977588125994,26.1520036610453,0.16103097796440125,0.07773101329803467,0.0125171010895464,0.4827054494432055,6.226934325034321,52.742302204981506,0.13623028993606567,0.025243982715501545,0.7528341702272625,0.05658735654493152,ADL,ADL_069
149,41.610019137087036,175.8402763462841,0.30363308403922046,0.006642758846282959,1.013629848648711,14.899406780103519,86.39490666017124,7.170491699653073,3.830159972890986,27.464130293958256,0.15687304735183716,0.08379465341567993,0.013145122633108741,0.534152428844685,5.701630862997646,39.363798987388705,0.12473791837692261,0.018840646306870212,0.7688332270161831,0.0,ADL,ADL_069
150,40.85001994058563,170.3809197968446,0.19940743914557238,0.004362553358078003,1.0203926437249027,4.439578465719227,22.799975895042124,7.2984160747190465,3.9386371402809166,28.7458126171117,0.15967172384262085,0.08616787195205688,0.013758572654435142,0.5396530470475785,3.837731251979193,38.450469694603306,0.08396029472351074,0.018403500639792014,0.7730554447745243,0.0,ADL,ADL_069
151,37.65022122817545,161.56441874211373,0.3164639364559092,0.006923466920852661,1.2658414423996664,10.846163795819159,95.99396137230556,7.839133178872178,4.143636537083407,32.48251865903755,0.1715013086795807,0.09065276384353638,0.015547067634587464,0.5285804286920928,16.22151312459394,112.1011812577756,0.35488754510879517,0.05365484940456966,0.7908321042879142,0.0,ADL,ADL_069
152,41.836806807286756,159.296726536236,0.19499926010104485,0.004266113042831421,0.993147345523397,0.964663779475329,125.59756737333927,7.448976639890989,3.7593185195437644,28.003075833991076,0.16296562552452087,0.08224481344223022,0.013403077468760571,0.5046727400626898,11.704696169435662,134.38328475139429,0.25607049465179443,0.06431970497480677,0.7675732955150736,0.6977642631852177,ADL,ADL_069
153,41.073776974866824,164.51220105576078,0.1287594225796619,0.0028169453144073486,1.114274869741821,10.562056928845532,22.89089497259795,7.385070303823029,4.90184333274214,36.200457630626886,0.16156750917434692,0.10724049806594849,0.017326580155131666,0.6637462870331147,1.917190082038811,245.9214538990743,0.041943490505218506,0.11770508059113283,0.7718123501396288,0.0,ADL,ADL_069
154,40.003396890855534,167.29173183901744,0.10279121580406604,0.002248823642730713,1.1722670805558209,5.664605428377667,32.111402520338714,8.205340337203848,4.517974851384419,37.071521290537135,0.17951303720474243,0.09884238243103027,0.017743496274746917,0.5506108824141527,24.608101001424593,26.131909797307458,0.5383658409118652,0.012507483588457546,0.7777589061619137,0.0,ADL,ADL_069
155,37.29552628130575,156.5063510716408,0.1163944531151451,0.0025464296340942383,1.2141141312846104,8.20992015733602,81.23611828649359,8.928001080950375,5.6627963858031505,50.557452253652414,0.19532310962677002,0.12388831377029419,0.024198250692030854,0.6342704646498731,21.679822312395807,404.5779288934584,0.47430217266082764,0.1936426325185181,0.7928026317705237,0.0,ADL,ADL_069
156,47.18097805456023,157.31368279911507,0.21409228775496875,0.004683822393417358,0.8453718613330794,0.9718563583860538,296.5635531976344,8.036489098351169,5.067907447266916,40.72818295141327,0.17581897974014282,0.11087357997894287,0.01949367971203486,0.6306085357466826,26.745359477976205,294.87807906717444,0.5851238965988159,0.14113712939987977,0.7378834552524431,1.647575295542416,ADL,ADL_069
157,52.186283030065134,163.8487053638491,0.2484504743622225,0.00543549656867981,0.8406149511898501,7.6077051412653365,150.1591492651472,8.630729615000755,5.0714873899520265,43.770636408561835,0.1888195276260376,0.11095190048217773,0.020949885438255933,0.5876050759794504,17.82721549948759,91.27360371445704,0.39001643657684326,0.043686171786632144,0.710076205388527,0.8342174959174842,ADL,ADL_069
158,53.684742163926536,164.52649484503007,0.4395823610678985,0.009617000818252563,0.7561784339166752,9.283739495166722,44.95377401584207,7.912635069077855,5.836213822479459,46.17983016238789,0.17310935258865356,0.12768226861953735,0.02210299485777867,0.7375773124495746,21.54283637768699,72.27581261478157,0.471305251121521,0.03459328258568206,0.7017514324226304,0.24974318897689862,ADL,ADL_069
159,59.27549938792249,163.9133548206128,0.7818592099820129,0.017105191946029663,0.3860521374171712,5.31466194421553,167.72271671987852,8.306347030588777,6.373248816633406,52.938416383246334,0.18172281980514526,0.13943129777908325,0.025337848601505897,0.7672703442432011,11.811358845327637,202.75758662575342,0.258404016494751,0.09704561231181685,0.6706916700670973,0.9317928706659928,ADL,ADL_069
160,73.08140404991138,120.85020027590252,0.8164326290642466,0.01786157488822937,0.11226553139574989,14.614748209633898,414.1771398596669,8.484183544156446,5.719598687965917,48.52612506761923,0.1856134533882141,0.1251310110092163,0.023225999079379278,0.6741447593388851,5.335095407030082,132.36873946881303,0.11671900749206543,0.06335548566379856,0.5939921997227146,2.3009841103314823,ADL,ADL_069
161,66.48534435182705,142.34678863306902,1.2338147138995539,0.026992887258529663,0.18571020790554635,0.6925309217110326,197.88179094252996,8.56028593306299,5.4913541838655835,47.00756197361115,0.1872783899307251,0.12013757228851318,0.022499171108378846,0.6414884859084187,2.283071667196346,45.556892820242396,0.04994809627532959,0.021804839130012965,0.6306369758231831,0.0,ADL,ADL_069
162,84.80485823252052,133.10260683642053,1.5420821073051163,0.03373703360557556,0.22239917150451413,5.739596236907098,549.5854164208039,8.462131751086975,5.154226567580738,43.615744289821,0.1851310133934021,0.11276203393936157,0.02087574961549521,0.609089869831126,2.94462545928047,101.75453051370454,0.06442129611968994,0.0487026447865091,0.5288618987082194,3.053252313448911,ADL,ADL_069
163,71.0271206131115,123.06223912815081,2.11556495019682,0.046283453702926636,0.6077838158030764,13.834189930117747,413.3321285822703,8.374731019474835,5.054361423651717,42.32891739829302,0.18321889638900757,0.11057722568511963,0.02025983725578584,0.6035219311026409,2.6220219483642104,38.6048067458394,0.05736351013183594,0.01847737079128109,0.6054048854827139,0.0,ADL,ADL_069
164,57.63020217222454,131.11646696277847,2.465707320063685,0.05394372344017029,0.8371494358965008,7.097522441711429,401.9075532266089,8.218902707589299,4.9303820691398075,40.522330537502896,0.17980974912643433,0.1078648567199707,0.019395152826376716,0.599879913987374,4.674849356566071,54.197605823703796,0.10227441787719727,0.025940532882273715,0.6798322101543082,0.0,ADL,ADL_069
204,39.25920650797175,162.9433553546265,3.5913731642091955,0.07857057452201843,3.5272175398948975,2.5525236546393293,13.778246748189597,7.280630788685254,5.457500022674423,39.73404269433388,0.1592826247215271,0.11939692497253418,0.01901785559330449,0.7495869407873774,0.7037039391780335,0.5912158823767619,0.01539534330368042,0.00028297292480417013,0.7818932971779348,0.0,ADL,ADL_069
205,32.77727744201926,159.25001032396608,3.346480836838415,0.07321292161941528,3.268559869741376,10.653312773775353,194.45787197857456,6.8113586061478015,6.958065420232918,47.39387878224291,0.14901608228683472,0.15222567319869995,0.022684073443546282,1.0215316986658562,14.078165476123585,229.79508263727084,0.3079962730407715,0.10998653550725379,0.8179040142110041,0.0,ADL,ADL_069
206,29.654157221001025,156.89528727152407,4.040255475319427,0.08839103579521179,3.3813212531680925,3.493672605107663,93.69360663054711,7.486927029261042,6.168718027244797,46.18474173406892,0.16379588842391968,0.13495665788650513,0.022105345677243093,0.8239268717805329,20.26705269339722,36.274111445219575,0.44339418411254883,0.01736183298909566,0.8352546821055499,0.0,ADL,ADL_069
207,28.930989242801502,157.8876327786517,4.135148476630239,0.09046706557273865,3.4819138283733118,1.4233950196621779,21.6950393459857,7.4685832285769855,6.60321245607187,49.316641804149015,0.16339457035064697,0.14446234703063965,0.023604363124917427,0.8841264590014489,0.5503140205216983,93.95700210240278,0.012039542198181152,0.04497052343023,0.839272281984436,0.0,ADL,ADL_069
208,30.753883880356078,143.9093349843787,4.0476374043189,0.08855253458023071,3.58091395570985,3.1420535769947326,54.68683912663728,6.931975974911289,6.422667827565844,44.52177907552211,0.1516548991203308,0.14051246643066406,0.021309403921691228,0.9265216008457078,16.098217609970895,143.8458818588071,0.35219013690948486,0.06884877609678597,0.8291450895535774,0.3038157729257607,ADL,ADL_069
210,72.54519724936064,175.11483005958235,1.6939245317109584,0.03705897927284241,2.0164381353908314,25.134650904692993,626.8697005350684,7.668637727378352,13.188775849195379,101.13994405507614,0.16777127981185913,0.2885385751724243,0.04840848603176795,1.7198226995305377,11.04992628700594,849.2724746933105,0.2417457103729248,0.40648623165115083,0.5969711263924409,3.482609447417047,ADL,ADL_069
213,51.78677267768159,170.92943922188294,3.172281479651737,0.06940186023712158,3.2897807019897223,9.522415963149312,207.5842457167905,10.330349633913558,10.119822304304304,104.54130263654022,0.22600311040878296,0.2213972806930542,0.05003647407267664,0.9796161684519976,26.617119065352064,34.013585814640805,0.5823183059692383,0.0162798804090869,0.7122957073462134,0.0,ADL,ADL_069
214,50.09017849046039,107.86884717525322,2.704491404283767,0.05916774272918701,3.1029384802442497,85.625363384343,50.89782561663604,9.15729722727023,8.206465539889503,75.14904413411885,0.20033955574035645,0.17953765392303467,0.03596849382560663,0.89616230353138,35.19157219929982,881.7677550726411,0.7699066400527954,0.42203940741210033,0.7217212306085534,0.0,ADL,ADL_069
215,50.626020460490544,78.19647780550217,2.677143257652761,0.05856943130493164,2.9310753489727026,25.895654360295616,16.07525910090466,7.5578420430743956,7.084965397696455,53.547049356437576,0.16534733772277832,0.1550019383430481,0.025629157846893236,0.9374266501724564,47.98365552587506,648.0598433304383,1.0497665405273438,0.3101800793614018,0.7187443307750525,0.08930699500502737,ADL,ADL_069
216,54.25229032533956,83.14528102967786,3.359394785337216,0.07349544763565063,3.285161377162778,18.997399047951767,108.78809594547043,9.154392951088855,9.082968462935991,83.14906247206362,0.20027601718902588,0.19871342182159424,0.03979753268443176,0.9921928367549239,47.89652724043379,888.0603934687813,1.0478603839874268,0.42505124512615566,0.698598387081447,0.6043783108081668,ADL,ADL_069
217,55.25782548255876,86.90665049594516,2.6318477195163013,0.057578474283218384,2.8641748294869824,14.357899582054893,30.166054716575985,7.651443649535327,7.836611689560861,59.961392745964766,0.16739511489868164,0.17144614458084106,0.028699247071045875,1.0241942872127632,45.08847904660584,695.6300917829656,0.9864270687103271,0.3329485684015765,0.6930120806524513,0.16758919286986806,ADL,ADL_069
218,57.68217436652326,66.74266164361553,1.8796061327685643,0.04112124443054199,2.504893252818592,10.605580204640543,72.73046651893516,7.56632874129671,6.503666074162756,49.208875540734,0.16553300619125366,0.14228451251983643,0.023552783091865592,0.8595485350330048,2.553447247158527,322.575516156923,0.055863261222839355,0.15439391937540847,0.6795434757415375,0.4040581473274152,ADL,ADL_069
219,59.686925768083746,66.69522443757336,2.0668978906959574,0.04521873593330383,2.3781799009820945,18.165879712176103,60.1425420468145,7.2721222947692725,6.908057925571421,50.2362420541055,0.15909647941589355,0.15113162994384766,0.0240445102524518,0.9499310139840585,8.826193395823116,30.820995401145126,0.19309580326080322,0.01475181481758625,0.6684059679550902,0.3341252335934186,ADL,ADL_069
220,63.38255837702994,87.84044138883404,2.0220464398180007,0.044237494468688965,2.31127801926552,8.432440567386566,110.86897826838573,5.519443384081331,8.168132363649391,45.08354413484524,0.12075209617614746,0.17869901657104492,0.021578280835569785,1.4798710942398479,52.580367320638246,154.58093757780787,1.1503314971923828,0.07398688250646046,0.647874675683167,0.6159387681576955,ADL,ADL_069
221,63.89260750498343,125.80324761122033,2.1483674691684587,0.04700109362602234,2.4392977504912947,7.4741111613837505,15.301473838604807,6.892711032766833,9.689695187596127,66.78826892369152,0.15079587697982788,0.21198713779449463,0.031966786352164434,1.4057793638713896,41.19802946056506,651.1417436653884,0.9013134241104126,0.31165516549783945,0.6450410694167588,0.08500818799224819,ADL,ADL_069
222,64.6265985883098,117.92344495934279,2.005115272529857,0.0438670814037323,2.3825444886392844,5.036031245276204,22.01973249979119,6.597632758492641,9.89027005858384,65.25236972885166,0.14434027671813965,0.2163752317428589,0.031231660824715846,1.4990530544175698,8.85234822822576,46.076975845195705,0.19366800785064697,0.02205376582345764,0.6409633411760567,0.12233184722106216,ADL,ADL_069
223,63.09396340651428,118.76910848727553,1.990629309625189,0.04355016350746155,2.5041017966922414,5.334931939327572,45.97905545386581,6.941846699681576,10.239510631625155,71.08111308450148,0.15187084674835205,0.22401577234268188,0.03402146503066916,1.4750315949859394,10.32641823566804,174.8623006694946,0.22591710090637207,0.0836941261785995,0.6494779810749207,0.0,ADL,ADL_069
224,62.94203056444617,130.23944727004337,1.8689630231038878,0.04088839888572693,2.516998036189937,3.866419833770848,4.557985262043189,7.21273175398333,10.764500780565347,77.64145659576202,0.15779715776443481,0.23550128936767578,0.03716143411207895,1.4924210314244493,8.12655162905262,196.81030533781623,0.1777893304824829,0.09419907244229364,0.6503220524197435,0.0,ADL,ADL_069
225,64.43150577624027,132.69555969355648,1.8302402488394443,0.0400412380695343,2.4545615472137703,0.9168086095636319,44.68425635382303,7.343552231845553,10.752744728292704,78.9633425479194,0.16065919399261475,0.23524409532546997,0.037794126746511836,1.4642338558129944,3.924614335866705,39.6565785647212,0.08586108684539795,0.01898077903298656,0.6420471901319985,0.24824586863234965,ADL,ADL_069
226,62.37034288846532,115.823346815935,2.009026237312564,0.04395264387130737,2.342259235584954,2.991091153720771,61.834886633248445,6.384825054433281,9.37909020604458,59.88385013534324,0.1396845579147339,0.20519185066223145,0.028662132947459895,1.4689553718036017,28.761815322368165,572.3847723772848,0.6292390823364258,0.2739598139715582,0.6534980950640815,0.0,ADL,ADL_069
227,61.19191959065912,123.87296305427306,1.8462069566827406,0.04039055109024048,2.3689603225601656,4.096091955806491,35.35269893418615,6.258840496103836,9.514953662529436,59.55257730159075,0.13692831993103027,0.20816421508789062,0.028503576241746487,1.5202311323297344,3.779536749883343,9.938185012574579,0.0826871395111084,0.004756701171402256,0.6600448911630049,0.0,ADL,ADL_069
228,61.890745577658336,127.06023346204235,1.9545383653712607,0.04276058077812195,2.5151099842258713,6.623261769785516,20.96477960997653,6.269035431817446,10.785168547086846,67.61260375981053,0.13715136051177979,0.2359534502029419,0.03236133671278196,1.7203746936799986,0.30584807140829895,241.80079374659323,0.0066912174224853516,0.11573281413106429,0.6561625245685647,0.11647099783320569,ADL,ADL_069
229,61.16423178617695,129.22417415158154,1.5697367558783406,0.034342050552368164,2.519454138420247,2.4232860890298062,21.795413744441632,6.490365252101332,10.558035623363626,68.52550754032731,0.14199352264404297,0.23098433017730713,0.03279827871745056,1.6267129596001886,6.639894608516581,27.387113415503563,0.1452648639678955,0.013108260140057837,0.6601987122990169,0.0,ADL,ADL_069
230,61.87135045163468,143.72067894625133,1.6249111921702126,0.03554913401603699,2.4985234613438667,1.6101160028616177,21.21355996373204,6.697429790878947,11.153752798259278,74.70147627116111,0.1465235948562622,0.24401718378067017,0.03575427497424499,1.6653667189460328,6.211936163328433,185.27906192501405,0.13590216636657715,0.08867988770383306,0.6562702752686962,0.11785311090962258,ADL,ADL_069
231,61.4884312039238,147.0520416885749,1.6754458701723256,0.03665471076965332,2.386039973011428,2.4856490175398407,11.487577431326415,6.6103450968250055,10.644856044631833,70.36617196104005,0.14461839199066162,0.2328837513923645,0.03367927364711676,1.6103217430716503,2.612540821618241,130.0591293036318,0.05715608596801758,0.062250039813847025,0.6583976044226456,0.0,ADL,ADL_069
232,62.34554698423695,143.6792503137863,1.9931467122439428,0.04360523819923401,2.400510951376699,9.881581750195087,25.713473409394325,6.773480415013027,10.626419612249682,71.97784512528355,0.14818739891052246,0.23248040676116943,0.03445066677559794,1.568816509729235,4.894059545640639,48.350194927304955,0.1070702075958252,0.023141793854435377,0.6536358500875725,0.14285263005219262,ADL,ADL_069
233,61.69307250630043,119.50153280955483,2.088081942711238,0.04568219184875488,2.4613754259469984,2.4451090273157554,19.57423433809545,6.089741331235672,10.256323284828975,62.45835581413782,0.1332288384437561,0.22438359260559082,0.029894365408679846,1.6841842279972132,20.51217251332065,285.584679334372,0.4487568140029907,0.13668904100754276,0.6572607082983309,0.0,ADL,ADL_069
234,62.31451862159971,120.50866647322283,2.468943980573511,0.05401453375816345,2.5491316998121123,1.6137940261682382,18.64338345897835,6.396837206106533,10.112343656914174,64.687016145484,0.13994735479354858,0.22123366594314575,0.030961066340022825,1.5808236278983703,9.212876246125843,66.8598099403853,0.20155549049377441,0.03200102794028936,0.6538082298800016,0.1035743525498789,ADL,ADL_069
235,62.60488997894878,103.85401431747553,2.4986433376590456,0.054664283990859985,2.581276261281122,1.1790108044000527,8.711140720472201,5.945282198060157,9.026634768187106,53.66589099569368,0.13006842136383057,0.1974809765815735,0.025686038873352857,1.5182736611795875,13.546650241391278,330.63375449370943,0.2963680028915405,0.15825082400009904,0.6521950556725067,0.04839522622484882,ADL,ADL_069
236,62.631612886951984,113.138774950663,2.5765534069092504,0.05636876821517944,2.572478974424027,1.0958466107447975,0.8016872400960295,5.926279077642617,8.69549824319949,51.53194930835127,0.12965267896652222,0.19023650884628296,0.024664673009159088,1.4672665701634566,0.5700936125262146,64.01825062027221,0.012472271919250488,0.030640975925813052,0.652046595072489,0.004453818000531573,ADL,ADL_069
237,66.53867439295603,115.3361176001848,2.8360120688051027,0.06204509735107422,2.440929703054751,0.504869999222123,117.21184518012123,5.4243896395297115,8.91034384461689,48.333176835387185,0.11867254972457886,0.1949368119239807,0.023133648506199478,1.6426306651852576,15.05668314338716,95.96317418892262,0.3294038772583008,0.04593073508878831,0.630340697816911,0.6511769176673377,ADL,ADL_069
238,66.61023526256191,157.66201896525735,2.7555982192446873,0.06028583645820618,2.3500729917652414,0.1792832027349404,2.146826088176681,5.466635142783384,10.44336575451003,57.090070242545046,0.11959677934646606,0.2284756302833557,0.027324949541043253,1.9103668273093803,1.2673650976101847,262.70680221473583,0.02772688865661621,0.12573903104531325,0.6299431374302116,0.011926811600984077,ADL,ADL_069
239,68.26869311355547,146.56499976685822,2.960424612728681,0.06476694345474243,2.319221187376966,2.631053538928242,49.753735529806704,5.733259138972876,9.364214645115581,53.687469193412554,0.12542986869812012,0.2048664093017578,0.025696366819374816,1.6333013669451548,7.998719885684755,102.07803147397478,0.17499268054962158,0.0488574816500531,0.6207294827024696,0.27640964183225813,ADL,ADL_069
240,70.15784862352245,97.03400715384771,3.0825404354319024,0.06743854284286499,2.273831655311559,1.1450912561278845,56.67466529900949,6.150853731821455,8.40599421758111,51.70404090287834,0.1345658302307129,0.18390285968780518,0.024747040995691805,1.3666284579380101,12.527837785457354,59.502848716026406,0.2740788459777832,0.028479774710490346,0.6102341743137641,0.3148592516611648,ADL,ADL_069
241,69.61458059998196,9.852969418882742,2.8038579717201126,0.06134164333343506,2.1780654640231383,4.2221255544466905,16.29804070621475,6.132327392202921,6.287112235254059,38.55463057810261,0.13416051864624023,0.1375468373298645,0.01845335503432466,1.0252331571510511,0.5557901885560135,394.4823097432719,0.012159347534179688,0.18881057884101438,0.6132523300001003,0.0,ADL,ADL_069
242,69.10514195707273,102.48647966751848,2.82391409658803,0.0617804229259491,2.2457805975597327,4.411380287035136,15.28315928727693,6.240265116174547,8.557381656881613,53.40033023923029,0.13652193546295166,0.18721485137939453,0.025558933857723787,1.3713069583842867,3.2381317191487913,445.3709898338305,0.07084250450134277,0.21316736470197384,0.6160825446829292,0.0,ADL,ADL_069
243,68.73887582755562,114.4886124399825,2.6983668143628163,0.059033751487731934,2.259995476524394,12.797436893832653,10.987983885513444,6.764269009976224,9.311245660576827,62.98377046611542,0.14798587560653687,0.20370757579803467,0.030145843972157138,1.3765246070850659,15.7201168140503,287.5032068065539,0.34391820430755615,0.13760730343300054,0.6181173565135799,0.0,ADL,ADL_069
244,66.70903189652027,142.22768926499253,2.6377202967292055,0.05770695209503174,2.3885478400142017,1.1043060643500249,60.89531793106033,7.086218650082415,10.450501119724873,74.05453593730157,0.15502935647964478,0.22863173484802246,0.0354446307243137,1.4747546225118913,9.658489203185736,332.12296413558425,0.2113044261932373,0.15896360256469677,0.629394267241554,0.0,ADL,ADL_069
245,65.41121914975609,146.50839025070078,2.981382534422147,0.06522545218467712,2.5294706218919436,11.941356535753892,38.934382402925394,7.8898122533448465,10.689311086331188,84.33665758875073,0.17261004447937012,0.23385632038116455,0.04036594986277464,1.354816669388234,24.10780809787294,308.4636495434748,0.5274206399917603,0.14763957415382833,0.6366043380569106,0.0,ADL,ADL_069
246,63.86893680417193,114.2430485800971,2.9991051578366412,0.06561318039894104,2.508505889044206,1.0341784199704587,46.26847036752487,7.8049643423536725,9.025874643370406,70.44662975006018,0.17075377702713013,0.19746434688568115,0.03371778305892548,1.156420630354062,2.5454373297352184,416.7008351607163,0.05568802356719971,0.19944500411547494,0.6451725733101559,0.0,ADL,ADL_069
247,64.23372397107657,118.23328360533915,2.8733208474427787,0.06286132335662842,2.5201475139250875,0.9790489372967784,10.943615007139229,8.025501344280352,9.424468840263152,75.63608734666023,0.17557859420776367,0.20618462562561035,0.03620160671459871,1.1743085895370717,6.616110057800384,155.6837278980015,0.14474451541900635,0.07451470967019702,0.6431459779384635,0.060797861150770904,ADL,ADL_069
