torso_angle_mean,torso_angle_max,torso_angle_std,knee_angle_mean,knee_angle_max,knee_angle_std,head_hip_dist_mean,head_hip_dist_max,head_hip_dist_std,head_hip_dist_raw_mean,head_hip_dist_raw_max,head_hip_dist_raw_std,shoulder_hip_y_diff_mean,shoulder_hip_y_diff_max,shoulder_hip_y_diff_std,hip_velocity_mean,hip_velocity_max,hip_velocity_std,angular_velocity_mean,angular_velocity_max,angular_velocity_std,bbox_h_mean,bbox_h_max,bbox_h_std,bbox_w_mean,bbox_w_max,bbox_w_std,bbox_area_mean,bbox_area_max,bbox_area_std,bbox_h_raw_mean,bbox_h_raw_max,bbox_h_raw_std,bbox_w_raw_mean,bbox_w_raw_max,bbox_w_raw_std,bbox_area_raw_mean,bbox_area_raw_max,bbox_area_raw_std,aspect_ratio_mean,aspect_ratio_max,aspect_ratio_std,bbox_h_velocity_mean,bbox_h_velocity_max,bbox_h_velocity_std,bbox_area_velocity_mean,bbox_area_velocity_max,bbox_area_velocity_std,bbox_h_velocity_raw_mean,bbox_h_velocity_raw_max,bbox_h_velocity_raw_std,bbox_area_velocity_raw_mean,bbox_area_velocity_raw_max,bbox_area_velocity_raw_std,uprightness_score_mean,uprightness_score_max,uprightness_score_std,transition_speed_mean,transition_speed_max,transition_speed_std,torso_angle_net_change,head_hip_dist_net_change,bbox_area_net_change,bbox_area_raw_net_change,aspect_ratio_net_change,uprightness_score_net_change,label,is_mixed_window,clip_id,window_start_frame
9.308736266883667,11.641191838452276,1.695768927491588,165.34917250727818,179.1892998444888,12.902401946217084,1.1481551714909979,1.2035794269442424,0.038666798269303485,0.15359371602535246,0.1610080599784851,0.005172625948522808,0.9661405392938535,1.0384197389826904,0.04324566747296742,0.49424931531912525,1.4989599084324217,0.49135612833790787,36.63348163044214,88.66548362518547,27.55293307329142,2.977785298062577,3.079208647632349,0.08267988059344998,0.6731440768907212,0.9509235741062372,0.18738694387373503,2.011113679265141,2.905014934538978,0.5882050627155836,0.3983513037363688,0.4119191467761993,0.011060447591233945,0.09004941383997596,0.127209186553955,0.02506756731045807,0.03599004113215957,0.0519869205115242,0.010526269409600827,0.22549226770730849,0.3112732469567076,0.060171294620084914,0.9240700537091405,3.360889462763872,1.0251457853295345,8.463810975551699,24.413212220035287,7.365623767101644,0.12361687421798703,0.4496008157730102,0.13713821489130124,0.15146478704089714,0.4368885364492492,0.13181209251128162,0.8497403103708816,0.9421435628654096,0.08943590851952538,0.8012956431095983,5.196543994545624,1.4666744081268237,-1.3416890676713997,-0.01942601728571902,-1.049803791614924,-0.018786845333737697,-0.11148007209508509,-0.1366782233156414,ADL,False,ADL_036,109
8.203692112993854,10.382603190620602,1.2276117196698055,158.07002066031308,175.56946730152043,9.455969630290662,1.1218678775333535,1.1986627718777596,0.03756772726792536,0.15007715026537574,0.1603503376245498,0.0050255984356317104,0.9561875069001783,1.0384197389826904,0.03421614761449296,0.3897619016483823,1.3458796039802272,0.3822626830146021,41.30802625251392,88.66548362518547,26.410854564268064,2.912111080889615,3.047606114523038,0.08808548949341263,0.6049474345109457,0.7770901487080217,0.12224646276186987,1.757208145479312,2.2314454316083787,0.3391096173386954,0.3895657777786255,0.4076915383338928,0.011783579428237132,0.08092645208040869,0.1039547324180603,0.01635344154933999,0.03144625492114142,0.0399330051283328,0.006068562509499764,0.20846336823801928,0.272468615159956,0.044976033360495216,1.3818354915676245,3.408027596637173,1.2220137690539343,7.517073537725945,24.413212220035287,7.540257531378136,0.18485414981842038,0.4559066891670227,0.1634741021802839,0.1345223736507428,0.4368885364492492,0.1349372646107879,0.8262865792999228,0.9294966325350686,0.07092130406373415,0.8230581211091708,5.196543994545624,1.4600647355973384,-3.8697301050293147,-0.12480878593560485,-0.2534534273326412,-0.004535695504851597,0.024755260710567717,-0.03213763951680604,ADL,False,ADL_036,114
7.6643767566411904,9.9557493793224,1.2946002404086825,158.1471788367272,177.0243977270829,9.412500175682815,1.0912968034594,1.1441824598388286,0.021874454064268082,0.14598752458890277,0.1530622690916061,0.0029262409552132237,0.9308655284363858,0.9534560318632432,0.01542413236695937,0.33765643013636437,1.3458796039802272,0.3737223060898373,32.006720450271764,88.66548362518547,23.71172107259359,2.873019200791791,3.008729351311968,0.09472608107987471,0.6781304251352687,0.9614749059107078,0.17342989044532373,1.935573152545215,2.691258192349941,0.4527031957943713,0.3843362867832184,0.4024908244609833,0.012671920275970174,0.09071645935376481,0.1286206841468811,0.02320047150837216,0.03463819976594275,0.0481616201205135,0.008101385220179572,0.23781356783147245,0.3434941799831408,0.06626074068447908,1.207405905451771,3.408027596637173,1.1963599440966557,5.664792910115933,16.317044278053633,4.72731828180009,0.16151994466781613,0.4559066891670227,0.1600422783264267,0.10137474173749082,0.2920029338853691,0.08459809167473971,0.8578798992738483,0.9684883023447052,0.08715385975600942,0.25936463799327036,1.4971085000957696,0.4566285855195382,-2.961341362284368,-0.030231987244247804,1.1792354932961853,0.021103100409391198,0.1582381333454225,0.19647570921526059,ADL,False,ADL_036,119
6.744210692958015,9.9557493793224,1.2633701670349269,165.75599882469754,177.0243977270829,8.146995748767905,1.068024517328428,1.1441824598388286,0.034892614852248226,0.14287428955237066,0.1530622690916061,0.004667737001122085,0.9202039871001458,0.9534560318632432,0.026542707622443464,0.5273692066675356,2.0859476374496504,0.5476970773136934,20.463949909819366,71.94983807141298,16.89747227548011,2.7743524187734647,3.0019465750753453,0.10747838852754568,0.7987833144089549,0.9614749059107078,0.10289204382560321,2.212995763890568,2.691258192349941,0.2769826674503198,0.37113720178604126,0.4015834629535675,0.014377851963097467,0.10685672163963315,0.1286206841468811,0.013764316664702445,0.03960283766595381,0.0481616201205135,0.004956764849849193,0.28871240017375394,0.3496975976314633,0.04046209794669533,1.4765858362974873,3.408027596637173,1.1303802508883811,5.514728649161819,16.317044278053633,4.0532196973257,0.1975293159484863,0.4559066891670227,0.15121588750948567,0.09868925509400125,0.2920029338853691,0.07253470807166625,0.9177749667554248,0.9684883023447052,0.04427019463132244,0.300668871721232,1.2692184223037772,0.42315386479355255,-5.574307028256667,-0.16816143292024122,-0.03564174773040851,-0.0006378296662515048,0.08146971873261108,0.0234258199079016,ADL,False,ADL_036,124
5.081189147691709,7.615113421361511,1.9298745776234643,171.29517267688092,177.0243977270829,4.522790059164369,1.0210064918687543,1.0801650243911844,0.053999760464169225,0.1365844835837682,0.1444983780384063,0.007223783056605506,0.8867973177921722,0.9468557128866154,0.03612428961640609,0.4915429773528083,2.0859476374496504,0.5273408632494584,21.899774697852955,51.43055946239144,14.980793026548195,2.6639465282383514,2.8111350449345367,0.11878218825337543,0.8266971067908903,0.9614749059107078,0.07320540388815859,2.209258578913837,2.691258192349941,0.2806794197130216,0.35636772513389586,0.3760577738285064,0.015890010465891054,0.1105908711751302,0.1286206841468811,0.009793005593240253,0.039535958581783784,0.0481616201205135,0.0050229203672432525,0.3099572667864514,0.3496975976314633,0.017961344885067638,1.1288717560271637,3.2565613371772484,0.9335344362496826,4.920808873972571,16.317044278053633,4.349157632148335,0.15101408958435056,0.4356443881988525,0.12488296587561519,0.08806071760323417,0.2920029338853691,0.07783068838180207,0.9262231074514022,0.9684883023447052,0.03628334132115058,0.27557850373732773,1.2692184223037772,0.4199014827866131,-6.875389303847736,-0.14371082339774977,-0.462359288676784,-0.008274186580737697,-0.0012188638276607877,-0.03602993664164966,ADL,False,ADL_036,129
3.006885987150414,6.389412573216929,2.381249524276054,174.43903293091844,178.15199254987184,2.5267291691426412,0.9743090921582673,1.0587348733925095,0.048624503177340454,0.13033756911754607,0.1416315734386444,0.00650471148703339,0.8437443180561334,0.9112384517158134,0.04526220562249801,0.5876830270739354,2.0859476374496504,0.5367112760427888,19.715475893881813,51.43055946239144,15.588229737735052,2.5327710755535695,2.7535010516105234,0.125946688594749,0.7864889476811664,0.9573514609470462,0.05899902064221572,1.9977893570282275,2.6208910881474528,0.24102425233141803,0.33881981372833253,0.3683478236198425,0.01684843686871555,0.10521205067634581,0.1280690729618072,0.007892555855953335,0.03575159468812768,0.0469023601389873,0.004313268237738514,0.3104098144168498,0.3496975976314633,0.014275261763497919,1.2916846738094947,3.2565613371772484,0.7978075740740734,2.836559341942616,7.14345600544934,2.27796226625283,0.17279428243637082,0.4356443881988525,0.10672619260694562,0.05076186813449009,0.1278362720678405,0.040765450757564214,0.9021443338543065,0.9650710952493696,0.03384565252384524,0.3650059374411853,1.2692184223037772,0.42013736550634984,-6.14715032222344,-0.12228746720546047,-0.9589441827914003,-0.017160860143280696,-0.0382218249946078,-0.11414582437307697,ADL,False,ADL_036,134
18.926372480028473,87.35969702933792,18.837797643627955,174.35234746640887,179.07664503212945,4.1188369381902525,1.2421163006930374,1.4401255746670147,0.2860330263529441,0.14155208766460417,0.1641173064708709,0.03259644205513881,0.91575153685023,1.091257000955298,0.24153200172754724,0.8187132514971702,2.862742479270959,0.8130840486011767,44.06337347529737,229.77486521100167,59.44820169902006,2.806336968381131,3.3220412537345374,0.30095247379393364,0.9166332597816971,1.6125892829490989,0.23634960186377757,2.564618318803838,3.767431749787784,0.6558780700593804,0.3198113222916921,0.3785811960697174,0.0342966684597807,0.1044599056243896,0.1837713420391082,0.026934498439356386,0.033306636357024966,0.0489275454246218,0.008517872704038034,0.3334109768010476,0.7776546513351404,0.12311475308695508,1.770701992821374,6.539104234233464,1.90184526010489,6.345038506354853,27.46451097887428,7.325162572287053,0.2017899318895441,0.7451990246772766,0.2167350729015259,0.08240286231015044,0.3566809428092732,0.09513170995559592,0.8723587079578934,0.9544793407241838,0.10110662900319568,0.4507448004239057,2.460302753483929,0.767528001287247,-68.7909867000721,1.2388983885743377,0.34976749162899656,0.0045424219923022036,-0.44295772952360646,0.3821721483337339,ADL,False,ADL_042,17
16.433509599819438,20.33861081344825,3.9128952798279326,175.3493279688923,179.07664503212945,1.9849249089260046,1.354628768584532,1.4462257971017238,0.08792271903322485,0.15437405506769813,0.1648124903440475,0.01001970944697963,0.98284115197787,1.0249742719717774,0.045310620461702596,0.8599002823753508,2.862742479270959,0.794375362253887,88.74222477486045,367.90739891964114,117.65089294394363,3.024010830811893,3.3220412537345374,0.2680876599237718,0.9768610345234843,1.151263508117208,0.1404348537944002,2.9874796886423183,3.7686349355289153,0.6609616989695196,0.3446175257364909,0.3785811960697174,0.03055138067035678,0.11132348775863644,0.1311984658241272,0.016004014055994154,0.03879832678572496,0.0489431711688723,0.00858389367029357,0.32187678741930603,0.3518057390544944,0.02555030095371145,1.6137106579432035,4.78531872397717,1.4693396524667854,8.662037648000277,27.46451097887428,8.639166185531993,0.1838991343975067,0.545336902141571,0.1674465548668918,0.1124936743754392,0.3566809428092732,0.11219664324304841,0.9022664367956406,0.9644879665194536,0.030794576171558,0.47931145974170186,2.460302753483929,0.7428713508187337,12.144892143801352,0.19701653805626984,1.5256287965894875,0.019813304448169,0.03013362421603799,-0.06747162302111853,ADL,False,ADL_042,75
19.03590286518032,23.03565974592863,3.785691803885758,173.86969502564864,179.07664503212945,3.3549568626243964,1.4124199499321357,1.495259147838092,0.07669035192456022,0.16095996201038357,0.1704003512859344,0.008739664242871443,0.9934247386856985,1.0262002528422005,0.04344940368373389,0.5325822190302072,1.7937031126584386,0.4407161398313491,72.7078204831052,367.90739891964114,112.40079628947339,3.205500840686778,3.3393315590307986,0.1774367837910919,1.1177060127323064,1.3075452103625984,0.14868699041595973,3.6027110991454387,4.3427483108005625,0.609956312044682,0.36530020236968996,0.3805516064167022,0.02022076931130224,0.12737423976262408,0.1490083932876587,0.016944430960452728,0.04678832230077078,0.0563991677503814,0.007921487938376597,0.3477116198163242,0.4023682440337492,0.03468085011106211,1.0127111943339107,3.4400688485258746,0.8982718858095223,6.1443769731171844,21.72860095155833,6.797770800815655,0.11540898680686949,0.3920316696166992,0.10236743584784655,0.07979687580939607,0.2821888173901854,0.08828248571770701,0.8942449840823313,0.9644879665194536,0.021031621132698703,0.2534630866550948,1.830367496000852,0.455987429198324,4.312062646912008,0.19665264036403607,1.7042439447033737,0.022132975076139903,0.06967440418592263,-0.023955903593955608,ADL,False,ADL_042,80
20.787382336177856,24.1471329169182,4.353094942358696,174.8102379439559,179.14158752826972,3.876376934937872,1.4292003974700762,1.495259147838092,0.030109065945218356,0.16287226875623065,0.1704003512859344,0.003431241615458153,0.984050291302206,1.0262002528422005,0.03646782107079298,0.45786619698743203,1.7937031126584386,0.46055115687044956,66.08541922544585,367.90739891964114,112.20857348181598,3.2823395752954054,3.347532921248659,0.03915142762478015,1.1702591332777965,1.3075452103625984,0.10187305420491168,3.842111542043647,4.3427483108005625,0.3439538946825009,0.37405677636464435,0.3814862370491028,0.004461712894553558,0.1333632151285807,0.1490083932876587,0.011609495416354186,0.04989741008855522,0.0563991677503814,0.004466920948734263,0.3564923678411286,0.4023682440337492,0.03060996699886865,1.025054426224501,3.4400688485258746,0.9104332090564426,6.03896063657996,21.72860095155833,6.566399247483108,0.11681562662124631,0.3920316696166992,0.10375334527790958,0.07842783638493597,0.2821888173901854,0.08527766892539716,0.8845145425767899,0.9644879665194536,0.024183860790881685,0.21456184555764074,1.830367496000852,0.44303628947951773,5.491386926431769,-0.04065402777142535,0.19543087902329326,0.0025380561204127045,0.016442611632067894,-0.03050770514684309,ADL,False,ADL_042,116
23.19267902795615,24.162666799809955,0.9797245429431374,174.8256952682538,179.14158752826972,3.874299048935651,1.4166889331789017,1.495259147838092,0.03215795397510749,0.16144645710786182,0.1704003512859344,0.003664733743256495,0.961112689581371,1.0262002528422005,0.02934067951874332,0.4721668663385837,1.7937031126584386,0.4577785002721118,18.723275812378116,47.5083587058872,12.838816121360082,3.332061677272907,3.4783692440801977,0.06579078726931567,1.201947042703929,1.3075452103625984,0.06539740280629246,4.0031763813156855,4.3427483108005625,0.19771713272122524,0.37972312768300376,0.3963963985443115,0.007497545344082058,0.13697438240051266,0.1490083932876587,0.007452715087877618,0.05198915527816244,0.0563991677503814,0.002567747642140737,0.3610229376330512,0.4023682440337492,0.023642293170351512,0.9194197511149981,2.1580610707482872,0.6692249368475357,3.600446190197909,8.930627888224096,2.7933107571682547,0.10477745532989499,0.2459335327148437,0.07626515075530929,0.04675890798280232,0.1159818493582776,0.036276659547749786,0.8711517831780214,0.8845275653891923,0.0054429141274618615,0.06477699834744131,0.2639353261438204,0.07650996442841752,0.7146098394874834,-0.028766223714846273,0.16353058259603337,0.002123767738787301,-0.02978169385908852,-0.003970054663819278,ADL,False,ADL_042,121
23.21245510569938,24.162666799809955,0.960682042862357,176.4442270903161,179.14158752826972,2.5121940772787874,1.4166463498700848,1.4999090097976808,0.03258123071452392,0.16144160429636636,0.1709302514791488,0.00371297053564932,0.9672360037632768,1.042329302154009,0.03607629614186115,0.32261498314597914,0.9574105132754228,0.31094124957481106,13.952233129044536,39.54407682900541,10.223777291663865,3.4072133457426235,3.572746757809962,0.08861408960569397,1.1683100642873403,1.233427501243014,0.03583592797597126,3.981129518852931,4.229853114399085,0.1703386272730615,0.38828744292259215,0.4071516990661621,0.01009849832353513,0.13314109841982522,0.1405619084835052,0.004083877182488337,0.051702833206189264,0.0549330005529355,0.0022121836510880233,0.3430874026131347,0.3774621133912114,0.013012498419158507,0.9268823343313793,2.107403059995394,0.6196097654459383,2.603281241728968,6.566551706570505,1.9476321701078565,0.10562789440155025,0.2401605248451233,0.07061098528963193,0.033808750806151935,0.0852796489078944,0.025293852099318035,0.871041916079448,0.8835430142202308,0.0053371224603464135,0.027237301438622446,0.0957657291325142,0.03464556829796599,-2.6479966803652886,0.104376658689459,0.10044535803076204,0.001304481446284797,-0.053840243368469876,0.014711092668695969,ADL,False,ADL_042,126
21.349126412768825,24.162666799809955,3.6256456401042314,174.10904812097934,178.99622741918552,3.00784973905184,1.439626874868835,1.5175505293236726,0.04661110795368563,0.16406047443548835,0.1729406863451004,0.005311821151951027,1.0237249901424053,1.1808406888881935,0.07311129358510102,0.4340352785171717,1.5030883746509582,0.4070253826612407,57.20063996543686,340.83363738734755,107.07381818535943,3.5057832189147518,3.631559319651071,0.08668118117308378,1.1679397594851817,1.2160448812609042,0.030167915801875667,4.094151451379903,4.313093645770277,0.1347100206397485,0.39952050646146137,0.4138540029525757,0.009878223278639695,0.13309889833132427,0.1385809779167175,0.0034379481694772566,0.05317064632264544,0.0560140433296396,0.0017494757945845476,0.3333796519390833,0.3496011286290674,0.01261364630744024,0.9708787813657911,2.107403059995394,0.5785841060554622,2.65091096231783,5.933061430914481,1.7219020821423396,0.11064174771308898,0.2401605248451233,0.06593568416742737,0.03442731684064076,0.0770525259507337,0.022362300881898167,0.8813937421512843,0.951126789601133,0.020142475778356844,0.13650600447353353,1.7600729934415005,0.43472563565884054,-4.252206768112348,-0.012442738230435069,0.3630289229553494,0.004714647881637099,-0.018028586271495117,0.0236233709339575,ADL,False,ADL_042,131
19.574925848500285,22.979755223874037,3.385284956454235,172.5114309934099,178.99622741918552,2.7105876795850152,1.450529300287674,1.5175505293236726,0.04044665099215212,0.16530291934808092,0.1729406863451004,0.004609317085514722,1.0933551158851922,1.1808406888881935,0.06781394101289638,0.3796852033597007,1.5030883746509582,0.37532754871311397,57.56131166265071,340.83363738734755,107.29025559627645,3.5839362391877247,3.702099769315341,0.06575940298421293,1.1772240017346647,1.2416560609887164,0.03475570788432558,4.218948369003972,4.5046309058898935,0.14290963997272613,0.4084268569946289,0.4218928217887878,0.007493968777963638,0.13415693442026774,0.141499638557434,0.0039607748538059125,0.0547913808870469,0.0585015331150984,0.001855964053436608,0.3285943631633603,0.3462629833819737,0.011715118802919698,0.8724796947210609,2.107403059995394,0.606853397683995,2.9398049078633823,9.028294342980328,2.2863304108779445,0.09942814707756041,0.2401605248451233,0.06915726434038343,0.0381791755556326,0.117250241254645,0.029692517997234175,0.8912504119527763,0.951126789601133,0.018807138646967984,0.1309410275509055,1.7600729934415005,0.4360144813215371,-6.314471393228565,0.011738609925483479,0.08940707201566411,0.0011611274915796985,-0.029743323113062603,0.035080396629047605,ADL,False,ADL_042,136
17.79613929069876,21.678854932022453,3.1269283911764942,171.1788662907766,174.04032784674652,1.1721934655536819,1.458769750234651,1.5175505293236726,0.04179587856507188,0.16624200443426768,0.1729406863451004,0.004763075618089232,1.1582087281036408,1.2343107671111568,0.05150285247365544,0.4794195840156038,1.5030883746509582,0.36955256565900263,71.79030805468626,340.83363738734755,105.80115244883501,3.6748495549801588,3.835008073042008,0.08082303506615404,1.1800850421891564,1.2456878329766234,0.03698892265711905,4.336536822479015,4.647776324170005,0.16243040720270163,0.41878737608591715,0.4370391070842743,0.009210626523957785,0.13448297977447507,0.1419591009616851,0.004215272933507442,0.05631849930110581,0.0603605592157361,0.0021094797874434456,0.3212837546087554,0.3422491380587038,0.01246071810231611,1.098031931292247,3.077876232075778,0.8172404078923216,3.25219869790992,9.028294342980328,2.2512007073740024,0.1251321732997894,0.3507560491561889,0.093133055090321,0.042236226185344124,0.117250241254645,0.029236289383659565,0.901132559496118,0.951126789601133,0.017371824395424996,0.1635596056630746,1.7600729934415005,0.44289798816900733,-7.621179513895132,-0.02981175944862402,0.514119209978996,0.006676853801355499,0.013966003328951704,0.04233988618830642,ADL,False,ADL_042,141
18.41674579862673,22.12623953397123,2.105687431243014,167.89025143475135,172.9053752766534,5.896454518741899,1.4430635788950057,1.5135432089593546,0.058419463814958474,0.164452122648557,0.1724840104579925,0.006657506272673709,1.174729404382064,1.2343107671111568,0.04378423646165209,0.44698247858614054,1.1356432356363309,0.29137878730622,64.57272145210959,242.0485864760388,62.81523267977093,3.688358811139731,3.835008073042008,0.0729629965668289,1.223332040422701,1.3408127556926648,0.053814477215588574,4.509523081437667,4.806555694884715,0.15400461625595033,0.4203268965085348,0.4370391070842743,0.008314893283775002,0.13941142559051511,0.1527995765209198,0.006132720094081076,0.058565067681146575,0.0624226230802174,0.002000054243288934,0.33198876627062435,0.3740255100146871,0.019515404530404994,1.1200914800044421,3.077876232075778,0.7880491451632637,2.7753255679315503,9.028294342980328,2.3321080285964273,0.12764608860015866,0.3507560491561889,0.0898064067092003,0.03604308632816884,0.117250241254645,0.03028703081633916,0.8976847455631849,0.9236246970812338,0.011698263506905665,0.1814147496092697,1.3447143693113306,0.3827376320227468,0.37028096879575756,-0.13397489139305319,0.3019247889948211,0.003921089965119001,0.03177637195598332,-0.002057116493309752,ADL,False,ADL_042,147
20.669276617156775,28.691888488728967,4.20661911286348,161.04722276201528,172.9053752766534,9.869367917015964,1.3314963384190586,1.5135432089593546,0.1805196801613186,0.15173787375291187,0.1724840104579925,0.02057209745747966,1.1168474512852873,1.2343107671111568,0.10827611851495166,0.6277484937567297,1.5695196439788477,0.4604662271025852,76.91202924898695,242.0485864760388,60.26664627443411,3.551559970792496,3.835008073042008,0.2625054409519899,1.2658733674146192,1.3887387224708834,0.07325814317701415,4.486854589720211,4.806555694884715,0.30955379750844647,0.40473724404970807,0.4370391070842743,0.029915228686186058,0.1442594528198242,0.158261239528656,0.008348528313615237,0.05827067252500977,0.0624226230802174,0.00402016771499892,0.3592583031241639,0.425986166675315,0.0416887351894495,2.077464858193773,8.947631000085723,2.10016367638778,3.828765282699019,22.648711075512256,5.269871569543463,0.2367487549781799,1.0196757316589355,0.23933552169325198,0.049724082539789514,0.2941382654161373,0.06843969518897987,0.8851706854602402,0.9236246970812338,0.023370106182574926,0.28045899601431684,1.3447143693113306,0.3889838729013943,12.17658334330574,-0.4259455830722787,-0.6822761646587949,-0.008860704123003799,0.0992106006172464,-0.06764768524058751,ADL,False,ADL_042,152
25.421700404810288,33.53935554083104,5.0300998900843785,148.3607469303118,169.58481754822074,13.4580512659046,1.1417335466642593,1.5056640328405475,0.22013170062566229,0.1301124274730682,0.1715860962867736,0.0250862997026417,1.0070668181567215,1.2328813278112996,0.1284327013291751,1.0482256738872477,2.1687426382936037,0.7052902726225946,73.26932274159766,242.0485864760388,59.646005577002704,3.1859415641959727,3.6914869801337074,0.41667527509181035,1.2732770749569446,1.3887387224708834,0.06514622261364011,4.074318024220523,4.806555694884715,0.6733225408666551,0.36307121912638346,0.4206833839416504,0.047484486786430934,0.14510318239529926,0.158261239528656,0.007424090489174518,0.052913070081663495,0.0624226230802174,0.00874442362639503,0.40488792175934907,0.4742294295287715,0.042047160414667745,2.3492764284187713,8.947631000085723,2.2024453627372482,4.13520840966792,22.648711075512256,5.271860910623152,0.26772451400756836,1.0196757316589355,0.2509915849979084,0.05370385205138814,0.2941382654161373,0.06846553071368366,0.8587683310843872,0.9038304036535076,0.027944999389357652,0.29663826569158774,1.3447143693113306,0.37544213015685063,8.691940237818962,-0.5872435293590546,-1.5245176878049302,-0.019798874505136496,0.13491792546330988,-0.048288556876771915,ADL,False,ADL_042,157
28.69517757009867,34.45347153378535,3.692459498405127,132.47416234559054,159.57259688594488,21.356362565843888,0.9837044904265743,1.2084739002051927,0.107020426431979,0.11210337082544959,0.1377181857824325,0.012196092085540199,0.8967813309175858,1.0803637372677926,0.08705951294243344,1.5647183214275098,3.458690002083572,0.9296347690092454,59.41077001315913,146.88512460953783,46.1443862666637,2.7546519545688737,3.4823879403335654,0.3967435256515402,1.2924972366310457,1.7000261967853003,0.1348310439712003,3.558777807289402,4.7661691643891855,0.6284744487213435,0.31392127672831216,0.3968543708324432,0.0452130563716591,0.14729351997375487,0.1937356889247894,0.015365401569460655,0.04621776169723482,0.0618981241810736,0.00816198253352826,0.47980713789752083,0.7907719853616536,0.09845597132791069,2.547402921994315,8.947631000085723,2.1294221962273565,6.9578021800309084,26.121070604406448,7.740232043816992,0.2903030912081401,1.0196757316589355,0.24266983472252118,0.09036080938643978,0.339233715012579,0.10052220718857131,0.8405823468327853,0.8869000675555772,0.020513663880028475,0.25365673063262295,0.8160284700529885,0.2773665396962698,9.532299858795454,-0.18481622394419683,-1.9821172691554572,-0.0257417092503385,0.18918584941593553,-0.0529572214377525,ADL,False,ADL_042,162
30.032344674318193,34.45347153378535,2.31323952532059,121.42811364914944,159.57259688594488,18.820358438157253,0.9668006428232062,1.1004033465083274,0.08401343876649059,0.11017700135707852,0.125402420759201,0.00957420624996537,0.8377549372309746,0.9477880802278104,0.057727130253162194,1.8422581094395702,3.864915154595424,0.9914658869546337,59.43537237296372,154.33426126478378,49.072151404764654,2.4077340276529147,2.814077471976568,0.23928190447264247,1.3230305063944023,1.829620063320897,0.20034888283208915,3.167018545064134,4.078164873374501,0.42666287144009163,0.27438636620839435,0.3206934332847595,0.027268664858167247,0.15077310403188066,0.2085042595863342,0.022831841599961364,0.04112999359125046,0.0529630290190041,0.005541060438469942,0.5580052868691927,0.8208340029544032,0.11892636872006902,2.4388413744654924,5.2986459105285455,1.4424547372675134,12.708520333327591,33.71884670794769,11.081123457054336,0.27793137232462567,0.6038358807563782,0.16438273880472495,0.16504524758109854,0.4379058503347544,0.14391028353238483,0.8320771967592653,0.8568288985169681,0.012806389232531804,0.2289258910728466,0.8160284700529885,0.2880920681702279,-1.2802412295616108,0.09126221997573014,-1.3452612953711602,-0.017470876052622798,0.10092791157175507,-0.009034207809161199,ADL,False,ADL_042,167
30.02274274653074,34.45762818943951,2.398357715241259,98.5297928617629,159.57259688594488,30.42367028643107,0.9875554598744257,1.1004033465083274,0.07366253569507093,0.11254222889741258,0.125402420759201,0.008394613052326859,0.8013213904483298,0.9429696720500076,0.047738246808900334,1.5165951725724356,3.864915154595424,1.10730965014955,64.08208612588814,154.33426126478378,55.5185113405659,2.0861049374569003,2.4979151023111377,0.2984726233593379,1.271493666805947,1.829620063320897,0.24233512204102073,2.688585516435846,4.078164873374501,0.7522318285016867,0.23773338198661803,0.284663438796997,0.034014063677992416,0.14489994446436563,0.2085042595863342,0.027616610795803735,0.03491659536786697,0.0529630290190041,0.009769216644982572,0.6133661425326025,0.8208340029544032,0.09898743856446354,3.2876558202729087,8.926479691894636,2.3463685996770454,13.780039179664048,33.71884670794769,10.675575989207083,0.3746626178423564,1.0172653198242188,0.26739313664078485,0.1789610370391076,0.4379058503347544,0.13864344833197156,0.799649106962287,0.8568288985169681,0.05329077993454957,0.5768340377421872,3.800888105874256,1.0397757270750763,0.18356705931794082,0.12646418947356886,-1.0144684109953939,-0.013174876827859401,0.22652464249726406,-0.07693715614890684,ADL,False,ADL_042,172
30.38873064864402,36.0572175709015,2.4577364849048453,105.3390392750691,163.97442470709808,35.576981684220854,1.0131198546240556,1.1004033465083274,0.052583126162587,0.115455557902654,0.125402420759201,0.005992394818498486,0.7914462470378513,0.8498489979241797,0.03286068926163874,1.297298541748071,3.864915154595424,0.922812360966459,53.07558807050366,154.33426126478378,47.357044004493595,1.9248780970145503,2.36074515518336,0.2254511972310119,1.3466733522162033,1.829620063320897,0.2753997089505831,2.6219691512736523,4.078164873374501,0.7257646792685001,0.21935990452766416,0.2690314948558807,0.025692511737208726,0.1534674525260925,0.2085042595863342,0.031384664803471844,0.03405145023745286,0.0529630290190041,0.00942548841515069,0.7006987723213766,0.9137023962977804,0.12496197551535503,3.400864483857068,8.926479691894636,2.2953228299917425,14.41984736693991,33.71884670794769,9.689484255635923,0.38756392399470013,1.0172653198242188,0.2615759396026576,0.1872702105623567,0.4379058503347544,0.1258370987305847,0.7976158408394354,0.8512053512901729,0.05208015640646496,0.5279640114222129,3.800888105874256,1.0395609919295175,4.696186045246289,-0.11084169411782019,-0.06959005448666611,-0.0009037643620724012,0.2835932785365306,-0.026089922473590432,ADL,False,ADL_042,179
32.55072647812672,37.8208422191511,3.059305871436736,89.6312384095062,163.97442470709808,37.19539720699426,0.9956208257359189,1.0864201559917943,0.04130577696476544,0.11346136132876077,0.1238088905811309,0.0047072234368945925,0.775600522742044,0.8388691728740227,0.028930723843944087,1.0684875706149535,2.387657893527233,0.6110913498323346,47.21823077904942,139.10189440192676,37.80230655881317,1.8704949140972253,2.140142345650063,0.15439952435630294,1.3050517200888554,1.767109160722638,0.2496760605356347,2.453493205969072,3.4175904872096425,0.559020648565407,0.21316237449645994,0.2438915073871612,0.01759543369237026,0.14872423410415647,0.2013804912567138,0.02845318718462519,0.031863457192241006,0.0443841653707792,0.007259987703168404,0.6985685676357796,0.9137023962977804,0.12377398033923519,3.070554169419907,8.926479691894636,2.5708099002629954,8.733192540558289,21.191996404770936,6.654968760553067,0.34992162386576336,1.0172653198242188,0.2929705601383867,0.11341776125186695,0.2752199470610872,0.08642791905911529,0.786681196836832,0.8435900890421062,0.04593307294669814,0.4628707828870399,3.800888105874256,1.0497248246374669,2.7569529653981846,0.01537209503931769,0.7200592168173956,0.009351391711670699,-0.052926163547557636,0.12021272385780102,ADL,False,ADL_042,184
32.67277733392686,37.8208422191511,2.9017227670783483,101.35831633495515,163.97442470709808,35.3109416462964,1.0208182194856508,1.1042049855683391,0.04673098649951317,0.11633286674817399,0.1258356571197509,0.005325482560644106,0.7905938747718472,0.8388691728740227,0.03110982946600229,1.3251150748633136,3.145221495247967,0.8178371880717418,45.413283013367526,89.2296007742635,25.5109448637966,2.0511498726957926,2.385135322819874,0.18182730168252303,1.3439322772675333,1.767109160722638,0.2196733209234283,2.730836332084879,3.4175904872096425,0.34223951054949353,0.2337498883406321,0.2718110084533691,0.02072111454718244,0.15315507849057514,0.2013804912567138,0.025034062562079185,0.03546530569341218,0.0443841653707792,0.004444656283276781,0.6662884348019088,0.9137023962977804,0.15017446058818165,1.9697357990972955,6.184882585558609,1.7197074327262287,8.676557354080987,21.191996404770936,7.247823916583057,0.22447190682093301,0.7048317790031433,0.19597857071750371,0.11268224144871294,0.2752199470610872,0.09412731469608004,0.8184845703670729,0.8435900890421062,0.016120682039324163,0.11307265202896169,0.4957200043014653,0.172890985333549,1.4920031006028864,0.005947105583251844,0.18509855406266595,0.002403870464924303,-0.36179225932196524,-0.008288906114460537,ADL,False,ADL_042,189
32.4125429271417,37.8208422191511,2.7574607851612627,93.10081909747709,153.39914459428448,27.89238090317465,1.0075557024368402,1.1042049855683391,0.04428717159289795,0.1148214648167292,0.1258356571197509,0.005046984402537445,0.8143437585565881,0.9012181978786826,0.04775255150190783,1.436188994026555,3.165352896144969,0.8700763075040683,45.809067762529004,137.32648809331772,34.29474769798528,2.2516686154911203,2.576708955616735,0.1956670134919365,1.2103222598882262,1.5208161940249108,0.14397155607153855,2.714709223658127,3.4835207218025053,0.32335999051002684,0.25660108725229896,0.2936428189277649,0.022298293832411942,0.13792882561683656,0.1733128428459167,0.016407058111126308,0.035255863324572395,0.0452403997400097,0.0041994684110935425,0.5439047839834351,0.7536231380148317,0.09621747419140558,1.8388023671439104,6.184882585558609,1.7401930722407775,6.6537782950337485,19.555052007633584,6.845776222573012,0.209550678730011,0.7048317790031433,0.19831312267436224,0.08641245851207907,0.2539609895887906,0.08890593097422525,0.8199303170714349,0.8410254309593913,0.015319226584229233,0.08949337777973641,0.4749584887169733,0.13360960622860135,-7.6775382050368,-0.03775526818136543,0.6027899198407152,0.007828418175371603,-0.18438548319269088,0.042652990027982174,ADL,False,ADL_042,198
28.802903134118925,33.19297203042015,3.1387164710302016,118.3247583956908,153.39914459428448,28.87337512679312,1.0209674397682151,1.1042049855683391,0.047163805118738106,0.11634987195332842,0.1258356571197509,0.005374806749608696,0.8658720030288731,0.9607110901878811,0.04803555575471012,1.6400940905529204,3.2342476338600985,0.9326401335626223,47.91485136872573,137.32648809331772,39.754658717158215,2.554069297583117,3.0888676945296645,0.2977507116300091,1.2026765466510436,1.3843818877223246,0.10797378672671756,3.0840291568351614,3.792162929543186,0.5294525701124788,0.2910627941290537,0.3520086407661438,0.03393179431856206,0.13705751697222388,0.157764732837677,0.012304737419267395,0.040052212404487524,0.0492487286606433,0.0068759877802219834,0.4753658451641014,0.6250755001222285,0.0574610329456887,2.1137746039217964,7.411030825383489,1.918151399580279,5.1643562848397,16.887040469425436,6.05989621318839,0.2408866286277771,0.8445641398429871,0.218593327304277,0.06706937072706326,0.2193115879807994,0.07869972621427586,0.839983871477117,0.8677960128659883,0.017437313727945575,0.08389494340030311,0.4749584887169733,0.13284117415231123,-5.8863494671983965,0.019825690223468806,1.3216785260014743,0.0171646071946299,-0.1547389793382396,0.032701941484435504,ADL,False,ADL_042,203
27.170743543884644,33.19297203042015,2.9431552280459585,134.85849153942246,152.22066359789264,22.532743743417903,1.0643751910821888,1.2068425715640458,0.08883325358957511,0.12129663725694018,0.1375322788953781,0.010123474341837085,0.9131271759080595,0.9806653148818733,0.04530381268490512,1.6468456153250417,3.2342476338600985,0.8998793913426364,52.93335718187451,137.32648809331772,41.48615991655042,2.8634857911937472,3.4322806795194687,0.3159449597604778,1.2361784265783704,1.3519263455071606,0.09179013849795985,3.555722988717892,4.431076016594971,0.5619248719006004,0.32632402578989667,0.3911441266536712,0.03600521836502107,0.1408754050731659,0.1540660858154297,0.010460442169674358,0.04617808884199866,0.057546277538834,0.007297704781696487,0.4350098862909785,0.5246699432598283,0.04132028367454663,2.4253442525875766,7.411030825383489,2.1020825552076774,5.065249074811104,16.886314381966784,4.846437023736533,0.27639323472976685,0.8445641398429871,0.2395541979176767,0.06578226777666348,0.2193021583004561,0.06294056093777818,0.8490514247561963,0.8760664383797447,0.01635086237803312,0.11369484877791435,0.6213054789027916,0.18102867305834364,-6.486711942160628,0.23067753223862986,1.8191700059779468,0.023625517066794798,-0.0692921990757045,0.036037288567559056,ADL,False,ADL_042,208
26.46431139885698,29.66740105074663,2.1817546083702664,152.76597586269006,168.5167113447078,8.30314471089377,1.1700406551879547,1.3848426766074964,0.11444573962906542,0.13333831727504727,0.1578172445297241,0.013042283850373076,0.9602755113189018,1.0647454261470963,0.04918891052551655,1.3467130501462654,3.2342476338600985,0.8681660747509032,54.42869098091959,120.10057927383968,32.25862604661298,3.2083096479403626,3.5322467621914115,0.25304674651158043,1.2675105539848395,1.317415559337079,0.03910342098043373,4.065939289829858,4.548019654570422,0.33697839350332065,0.36562029520670575,0.4025363028049469,0.02883731195336924,0.14444602727890013,0.1501332223415374,0.004456242037496758,0.052804255659869834,0.0590650217495252,0.004376330282872023,0.39762760603920383,0.4627999480822639,0.034899692311576705,2.2348715966389405,7.411030825383489,2.1584023225264057,3.9097761445983963,10.442213989536311,3.3086567033332774,0.2546868920326233,0.8445641398429871,0.24597242190870128,0.050776168652747665,0.135612781660992,0.042969444942416606,0.8529760477841279,0.8760664383797447,0.012120858935390387,0.13419687036882877,0.6213054789027916,0.1896996277095216,0.9444438183906314,0.3695424868347619,0.5801811298874417,0.007534798364608804,-0.12053744613039508,-0.005246910102170266,ADL,False,ADL_042,213
25.697210144730935,29.66740105074663,4.6688558394986455,162.01075379829237,175.65765558349804,10.548143565264478,1.2865281463794547,1.40821777497171,0.0905882058593381,0.1466132799784342,0.1604810804128646,0.010323469428769013,1.0168715705295959,1.1536995174619151,0.061851631833646274,1.0912071824067027,3.031796035985144,0.6860782845579294,110.60781947699347,406.87495456635736,108.79928895225571,3.445589022659262,3.679826040071388,0.21036929286382983,1.2137897180420343,1.317415559337079,0.08494175635893655,4.172267740177992,4.548019654570422,0.2637665755269881,0.39266075094540914,0.419354498386383,0.023973771674026742,0.13832397858301795,0.1501332223415374,0.009679997706975614,0.05418514068443094,0.0590650217495252,0.0034255301655618906,0.3544850714989605,0.4133168200426038,0.04096815920371908,1.527920502114908,6.769987709291083,1.6732267059863364,4.416311055328303,10.442213989536311,3.426985506795857,0.17412245273590088,0.7715106010437012,0.19068160786263336,0.057354525342365265,0.135612781660992,0.04450617826393801,0.8572377214181616,0.9166908080706584,0.02593808799721467,0.2586515831189246,1.5018312390295996,0.3865323583996324,-7.25794818461414,0.22367586866476796,0.5130895366497308,0.006663481458620203,-0.08503078450622059,0.04032193435896725,ADL,False,ADL_042,218
22.734577349949458,29.65228513335047,6.5099477568533946,171.0989012713733,178.9789494392648,6.445181631743199,1.3767517433264005,1.4800013347186496,0.07146449926994311,0.15689519842465716,0.1686615645885467,0.008144123911683497,1.0700074852806674,1.174604348056928,0.05675039965171214,0.8284774943634523,1.4600796686036612,0.3123773202804344,157.44245539806604,406.87495456635736,140.09752911268947,3.5967164098236872,3.679826040071388,0.0740592462092713,1.1427116290421258,1.2989989102675863,0.0941952772568508,4.103603087401789,4.548019654570422,0.2605504733567515,0.4098832905292511,0.419354498386383,0.008439822346699877,0.1302238901456197,0.1480344533920288,0.01073453277798061,0.053293394492091056,0.0590650217495252,0.00338376272411233,0.3183460481057319,0.3729703780134992,0.03262834436815924,1.139637087994072,3.341569340239885,0.9907854117546274,3.5301294933420793,9.143483112841505,2.4198653999906674,0.12987351417541498,0.3808066248893738,0.1129103155503643,0.04584570673377714,0.1187461950353885,0.03142673368566886,0.8736967925002809,0.9320320137443514,0.03616637642696329,0.4247345252750085,1.876228428463824,0.6484050537436631,-4.303973046882916,0.18204966003033118,-0.6896147466597355,-0.008956010110756203,-0.09139636293531728,0.02391096137157178,ADL,False,ADL_042,223
22.064960212879956,29.65228513335047,5.979962490616204,174.85582654784255,178.9789494392648,2.3120289536963106,1.4609536158316552,1.5741509383953902,0.07134616405264668,0.16649087866147355,0.1793908923864364,0.008130638381348535,1.0844645840026934,1.174604348056928,0.039734358040298234,0.580291684333788,1.2033768481243534,0.39023184960693497,147.10264268558078,406.87495456635736,148.59339250572103,3.6682280553122992,3.772036250801232,0.048406895231888764,1.126254701328161,1.3125618466760198,0.08824529844630101,4.133491796750521,4.951030867080555,0.3582187138994343,0.41803278724352516,0.4298628121614456,0.005516469813343979,0.12834845185279845,0.1495800912380218,0.010056470730390097,0.053681558440761355,0.0642989186629416,0.004652177812445166,0.30692722066101896,0.3479708852110665,0.022100237636628585,1.2680737520229242,3.341569340239885,0.999246982203276,7.01034594644277,24.81359705020729,6.440454283301792,0.14451020956039426,0.3808066248893738,0.11387459962043002,0.09104319401571455,0.3222535874447274,0.0836420247079988,0.8774168877062224,0.9320320137443514,0.033222013836756666,0.40211892132440713,1.876228428463824,0.6568959218972952,-3.7378054477039235,0.11485581386409893,-0.27882106877464796,-0.003621042506896502,-0.033876320496879,0.020765585820577304,ADL,False,ADL_042,228
22.31886444299977,26.64975671124959,5.415980484593613,174.23199850564177,178.9789494392648,3.2085760893160673,1.5122666685820458,1.5741509383953902,0.04981170587135183,0.17233853538831073,0.1793908923864364,0.005676562615184275,1.068531348174192,1.174604348056928,0.03893539436134549,0.4356685685184996,1.2033768481243534,0.3716993621835458,127.8585963717088,357.0240690369981,150.97528380346787,3.646125007989868,3.772036250801232,0.0841330456000496,1.1215694041279702,1.3125618466760198,0.10476810490700111,4.094148884658669,4.951030867080555,0.44076279293093307,0.4155139148235321,0.4298628121614456,0.009587836694215866,0.1278145134449005,0.1495800912380218,0.01193941659245258,0.05317061298869858,0.0642989186629416,0.005724175779382378,0.3074096841803494,0.3479708852110665,0.025542184050549737,1.8808996944938035,5.934565953828388,1.6877961124558802,9.603777937883478,24.81359705020729,6.9450762876859065,0.21434810757637024,0.6763055920600891,0.19234194345330877,0.124724032845517,0.3222535874447274,0.09019553852896138,0.8760063086500013,0.9320320137443514,0.030088780469964528,0.4056958649216164,1.9834670502055447,0.7268570393128467,10.12660074315053,0.14522041536905217,0.307451938788851,0.003992870926414704,0.0028046867763605876,-0.056258893017502976,ADL,False,ADL_042,233
16.37158356774859,22.68314614842642,4.128825241135312,175.35728252179604,178.92468271562214,4.218484261742622,1.4112412893282547,1.5220470644041586,0.056417592184900056,0.15005979835987088,0.1618419736623764,0.005998983002577352,1.001044493387482,1.2034628246484194,0.06346716859650325,0.7932475134577545,2.6306968997311477,0.8146507236818052,94.3761292541513,325.9074216465138,97.17086653841794,3.066915324284627,3.360473011204104,0.17362305251097887,0.9127589900177324,1.1754738309800414,0.12796922534168004,2.814978562557736,3.618530539440549,0.5083949509045896,0.32611056566238406,0.3573250770568847,0.018461648229428074,0.09705528815587358,0.1249902248382568,0.013607195520889235,0.03182740718036535,0.0409127253774599,0.005748140794429361,0.2968627340506855,0.3818496185114874,0.0322907529601057,3.883567685704029,13.614066033024988,3.4022387581114195,9.94921168885378,48.38711859968373,11.4199840375668,0.41294666492577753,1.4476078748703003,0.3617661032702295,0.11249023909335909,0.5470864135311437,0.12911944935973454,0.8669342341701495,0.9020669228058152,0.03505837181857626,0.3762624432573025,3.6038326361858086,0.895263707607443,16.521286830673976,-0.05484426801019948,0.8044716348731942,0.009095716261831501,0.033596973037668454,0.048034803943536764,ADL,False,ADL_043,73
17.108058477463107,22.68314614842642,4.008376906458748,175.25908376018722,178.99506670078608,3.3410395384637206,1.4068858638623625,1.4871967565271855,0.06057155888288905,0.1495966782172521,0.1581362783908844,0.0064406816758003724,0.9854600521268295,1.034280930548784,0.0315933109306505,0.8193389573024075,2.603235386847091,0.6779694161860363,136.12772539758888,398.3361442539174,127.87075736247395,3.1257996130267713,3.361949789234172,0.17342739717374525,0.8931893594938418,1.0441655897204365,0.08400210189747911,2.8051374082066483,3.508890283483543,0.40632703362476275,0.33237183690071104,0.3574821054935455,0.018440843849145752,0.094974414507548,0.1110279858112335,0.008932093021839747,0.03171613868588265,0.0396730835854697,0.004594115251739183,0.2852722460743632,0.3107189565500375,0.014102840072735353,3.7641496430888046,13.614066033024988,3.5664917704726005,10.791675094863814,48.38711859968373,11.408091002765106,0.4002487318856376,1.4476078748703003,0.3792314184514856,0.12201550731894575,0.5470864135311437,0.12898498138677067,0.8687497636945254,0.8946899767222961,0.028997160601023364,0.3585102567998606,3.6038326361858086,0.8985816419433648,10.896720544199852,-0.03541100145244336,1.5166374612658045,0.0171477817510776,0.04308738197147732,0.09681990737476398,ADL,False,ADL_043,90
17.917540766236318,22.68314614842642,3.9376269909159096,175.16554980411195,179.1021880941298,3.5330092349873543,1.3945418418832878,1.4938202559400866,0.0608289745211998,0.14828411638736722,0.1588405668735504,0.006468053138832013,0.981250604118518,1.026976498848153,0.02976007561101507,0.6460245931952119,1.8308151726459323,0.5935052721957564,121.0794233988724,398.3361442539174,126.09189098400473,3.2607419782745093,3.5658923026608425,0.17903902432691896,1.016880576428611,1.3533077272431222,0.17867439224581924,3.345430291522786,4.825749607707689,0.7645833272291909,0.3467204988002777,0.3791676759719848,0.019037538153262132,0.10812672177950539,0.1438996195793151,0.01899876617501917,0.037824931776772715,0.0545620843291416,0.00864472120772781,0.3100240263851695,0.3795134690660663,0.03857116230054385,2.1643784813086153,7.345862205168032,2.136632636209627,7.227366604126122,17.697848157257297,4.6406895608908645,0.23014221659728457,0.7810986042022705,0.22719195149920188,0.08171584068558206,0.2000997901047974,0.05246971263537472,0.8820549635850229,0.9109595459595092,0.016782946539353714,0.173830299591581,0.8466550621447511,0.24164086699527174,9.7048269043368,0.11843022673378178,2.1928720403675914,0.0247935924811457,0.10524612319281562,-0.011518206698173938,ADL,False,ADL_043,97
19.71653867075439,22.448855988404105,3.1766031097137546,175.34625473868073,179.1021880941298,2.873056658413355,1.4481078425206142,1.563797785091965,0.08123675662739643,0.15397988458474474,0.1662814021110534,0.008638048936847354,0.9864094708258214,1.032119997048722,0.03338344883126144,0.4531612783146764,1.8308151726459323,0.556049855631181,66.93182308975335,398.3361442539174,115.02810562833596,3.4104893258860405,3.6071515581226623,0.13738570181164267,1.1325344287011698,1.3533077272431222,0.16241996764890337,3.882410157701607,4.825749607707689,0.6842395182290374,0.36264340082804364,0.3835548460483551,0.014608466225642837,0.12042440176010129,0.1438996195793151,0.017270404274107153,0.04389626641351063,0.0545620843291416,0.007736318153622152,0.33085944870454653,0.3795134690660663,0.036831080976176864,1.6251512997127222,7.345862205168032,1.7622385170612374,8.923034007806697,36.43969122711895,9.110739443743459,0.17280523053237368,0.7810986042022705,0.18738195837373792,0.10088781507190839,0.4120034538232886,0.10301009671873528,0.8857101976643083,0.9109595459595092,0.009120214405304805,0.08167532509694328,0.4697021218241493,0.12154782462143188,12.807816430934077,0.12633346964360626,1.6244576749861617,0.018366845331168898,0.07374983469880486,0.00014761007843044904,ADL,False,ADL_043,102
19.90564239727041,22.632156505237923,2.8230036402578733,175.9702462695235,179.1021880941298,2.254861464101793,1.4798712013045328,1.563797785091965,0.0737633370908443,0.15735733906428015,0.1662814021110534,0.007843386934541889,1.0002048871068203,1.0520616855739378,0.036528560281344574,0.3628976005504774,1.529343928633389,0.4237500175772245,53.10914038369183,235.84192433434265,74.13709320347823,3.469061087401881,3.6071515581226623,0.0665275892417748,1.1905195523599588,1.3533077272431222,0.11209008278374966,4.135166619577817,4.825749607707689,0.44769424867616014,0.36887144049008685,0.3835548460483551,0.007073996985831505,0.12659006317456561,0.1438996195793151,0.01191873802719948,0.04675404406645773,0.0545620843291416,0.005061831494722679,0.34287929288035557,0.3795134690660663,0.02825872608266472,1.2680426446160007,2.95481169983578,0.8967097155349536,11.2575020705688,36.43969122711895,8.95300992496462,0.13483323156833646,0.3141903877258301,0.09534874023177307,0.1272823555388802,0.4120034538232886,0.10122673620391279,0.8894130977929423,0.9274464504319646,0.01568335355698816,0.16594888744119007,1.3102329129685677,0.3291331394316923,4.893754672769472,0.19183343807820386,-0.40717876812810827,-0.004603745343139599,-0.03583506648504481,-0.027187525959830205,ADL,False,ADL_043,116
20.8483046964525,23.48579531421519,2.7915820055479474,176.4722378196016,179.03555054005278,1.65227117976771,1.521710199816127,1.563797785091965,0.02059525180577931,0.1618061542510986,0.1662814021110534,0.002189929784875476,1.0235041318968559,1.0520616855739378,0.019578533163821906,0.3592023622238635,1.40099120537095,0.38827700706496293,49.39833820398208,235.84192433434265,73.6225522752833,3.476559909691945,3.6071515581226623,0.05690419043006571,1.153490195764348,1.3058064289823557,0.0992553918718073,4.0147883137574105,4.638052207922046,0.4008345747212932,0.36966880361239113,0.3835548460483551,0.006050723860150026,0.12265266577402748,0.1388487219810485,0.010554002496272597,0.04539299307800988,0.0524398935426351,0.004532015053795481,0.33149822835612924,0.3687002622993364,0.024363083811269812,1.0642017314998071,2.95481169983578,0.8007258769123315,10.736808997359107,36.43969122711895,9.261720845085682,0.11315846443176267,0.3141903877258301,0.08514260781598128,0.12139516667091851,0.4120034538232886,0.10471715999839837,0.8841760850197085,0.9274464504319646,0.015508788919710801,0.13887065683883135,1.3102329129685677,0.3206020733208834,0.1917863689421786,0.04078306531699405,-0.40109701822097854,-0.004534982357432396,-0.01772611778945421,-0.001065479827456528,ADL,False,ADL_043,121
20.816615648801235,23.48579531421519,2.7988107557280797,176.60410328281532,179.03555054005278,1.6146527617779993,1.5368416485016931,1.6147742343861002,0.03679228614006022,0.16341510812441504,0.1717018187046051,0.0039121892770045885,1.0436183307423421,1.1275529584715973,0.03775589514588457,0.5692947074090764,2.17312974146996,0.5809873407876268,51.87167062717731,235.84192433434265,72.37464890959382,3.4699226019793765,3.549812547040601,0.04599713350379751,1.1324265969049843,1.267366757309203,0.06604413310431767,3.9316066644408294,4.40508835039351,0.2675112074268819,0.3689630468686422,0.3774578869342804,0.004890957082185009,0.12041293581326801,0.1347613632678985,0.0070225902341645415,0.04445250413150521,0.0498058999305728,0.0030246014081011133,0.3262300823267906,0.3646270003655368,0.01634662127283936,0.8355704827657479,2.6982071529295792,0.7351886681420318,7.480294593444798,22.403866426923145,6.082852779581569,0.08884769678115842,0.2869051694869995,0.07817391974859828,0.08457555770454304,0.2533081383526792,0.06877545527666491,0.8843521352844375,0.9274464504319646,0.015548948642933763,0.1336796069040953,1.3102329129685677,0.32208493745313066,-1.6575674580849977,0.061114198342642645,-0.5081526394688445,-0.0057454011129155005,-0.044990072630855305,0.00920870810047214,ADL,False,ADL_043,126
20.19256719290896,23.48579531421519,2.8130265595070925,176.27144296969544,179.05812554570437,1.4445068110150552,1.5850525607010555,1.6816751659983966,0.060397418369471,0.16854146023591357,0.1788155138492584,0.006422165005031593,1.0774560362054038,1.1530591208286525,0.050457258070654216,0.5693331053195184,2.17312974146996,0.6338467274675291,29.431887222036174,80.29163765385478,21.849390731954475,3.5332137376227104,3.680853964864142,0.07917014538330154,1.05895855755556,1.2004476077102006,0.1484133243723646,3.734821410784123,4.261363979914544,0.4915636927534701,0.3756929059823354,0.3913917541503906,0.00841830248461259,0.11260094841321307,0.12764573097229,0.01578105296213094,0.04222756200280471,0.0481808878889822,0.00555783905868656,0.30038816518361416,0.338729710903719,0.04528090991182815,1.321665046271655,3.979590268657014,1.2132223635300663,9.089879290285573,37.192554115210015,10.197441865034293,0.14053499698638913,0.4231569170951843,0.12900409349818984,0.10277424248993934,0.4205156585018521,0.1152968405349603,0.8814565814890194,0.9113832946088882,0.010927819424781927,0.17246122649139448,1.4195181052191674,0.3651037619926904,-8.052864293737327,0.13306641711510325,-1.2848130276542524,-0.014526670975651898,-0.1378312576314876,-0.01744795699651569,ADL,False,ADL_043,131
15.568636528894103,22.296634740281917,5.863345548994743,176.7213134807922,179.05812554570437,1.5439114257502022,1.610479647653249,1.6816751659983966,0.04202394249232166,0.1712451676527659,0.1788155138492584,0.00446848060949682,1.1266025494615335,1.199142779446966,0.05066741101010459,0.5785239394743866,2.17312974146996,0.5732938928262196,48.54148299689606,220.08530037372512,54.680753550605566,3.571833739336581,3.680853964864142,0.0657589306009654,0.9385568176706734,1.2004476077102006,0.1943406919798419,3.3451013322432996,4.261363979914544,0.6629625040036278,0.3797994395097097,0.3913917541503906,0.006992264144311315,0.09979841709136959,0.12764573097229,0.020664591712374152,0.03782121241596719,0.0481808878889822,0.007495750710465785,0.26342723479883917,0.3381712164973202,0.05722995271369054,1.3012709911226892,3.979590268657014,1.2191018476857045,13.617421530314788,37.97866678373258,11.789355373888892,0.13836646080017087,0.4231569170951843,0.12962926951417425,0.15396466088828828,0.4294038000754696,0.1332957269620751,0.8936248136032267,0.9701591804055728,0.047457239374797885,0.45834632549345283,2.9430167527169,0.8061543237606744,-16.20018534667649,0.02929620428372015,-0.8878832257118123,-0.010038805030070902,-0.0749949797584889,0.09000102970375823,ADL,False,ADL_043,136
10.337171542373417,19.95852189435445,5.120943885280707,176.99791501647783,179.05812554570437,1.4354435937619314,1.6044870417912591,1.6816751659983966,0.04494339206980254,0.17060796320438384,0.1788155138492584,0.004778910879806671,1.1648775211923055,1.199142779446966,0.0295295078496503,0.35505959204689636,1.5910944952655115,0.3864657344934695,47.059121487465745,220.08530037372512,55.539857381759866,3.6008617188006444,3.680853964864142,0.03894501158788095,0.8686806552653389,1.0797108437210674,0.14004818316021117,3.127380756704176,3.9252535245880735,0.5042258359186447,0.3828860362370809,0.3913917541503906,0.00414109240580824,0.09236836036046343,0.1148075759410858,0.014891572606758777,0.03535956617062919,0.0443806726896403,0.005701002914942689,0.2413157690625212,0.2969929160066153,0.03904813430582463,1.1456109071714013,3.979590268657014,1.1732952847645095,15.099569828501899,37.97866678373258,10.940291521458656,0.12181484699249266,0.4231569170951843,0.12475857614126078,0.17072249272954562,0.4294038000754696,0.12369583113591548,0.9226885079727861,0.9701817424876829,0.05618035777050041,0.4556613349110908,2.9430167527169,0.8071039987230765,-14.591235542137339,-0.1357209179165415,-0.2712684382858499,-0.003067082341352098,-0.02410512272292653,0.08106241967854089,ADL,False,ADL_043,141
6.065494639239663,12.707524206121056,2.606578268591569,172.9177624618593,179.02338663679552,9.335187979034924,1.5349867398080645,1.63875064641328,0.09932594769764375,0.16321787238121033,0.1742512732744217,0.010561504822825972,1.187928085792524,1.22969350232294,0.01996190039643093,0.28168330728722135,0.7679217728683441,0.24940638539559493,43.409142652949214,220.08530037372512,57.29647196559388,3.6481765209328847,3.901449119523781,0.10304898216933697,0.8636771552856881,1.0307223971916455,0.12813833785579332,3.147275560581948,3.814251168547745,0.4502996605887647,0.3879171033700307,0.4148480296134949,0.010957381705350478,0.0918363293011983,0.1095985472202301,0.013625177555541924,0.035584505725130104,0.0431256303846412,0.005091289447588819,0.23717966530728382,0.2864910748310926,0.0373279239694376,0.836340883385994,2.384073006772711,0.7204993934173763,10.0609088341811,37.97866678373258,9.27947448999545,0.08892961485045295,0.2535027265548706,0.07661198301963269,0.1137531369969179,0.4294038000754696,0.10491789065155312,0.9527825359850152,0.9986388973264858,0.05289990555389208,0.3748092001076289,2.9430167527169,0.7652424126965297,-8.357132350141033,-0.38917010952524245,1.16488857931992,0.013170751503018604,0.07090198252691571,0.20986569034464708,ADL,False,ADL_043,146
5.625053503900909,10.555609770133136,2.032740578085756,160.63956001898393,178.6699047882034,17.233562888053893,1.3669908459855535,1.6033189044836638,0.21384802235774197,0.1453545699516932,0.1704837530851364,0.02273884087527983,1.164849259956518,1.22969350232294,0.0475827382064297,0.7667086151118426,4.524591150655155,1.2889854730971533,29.358322854570748,132.11262879680817,36.82622270648892,3.636822025251227,3.901449119523781,0.12557029919837076,0.9230579075219668,1.098435851011034,0.09926077355771758,3.347622087516711,3.814251168547745,0.28739569528241216,0.3867097596327464,0.4148480296134949,0.013352113433887274,0.09815039038658141,0.1167986392974853,0.010554574740515061,0.037849713202991304,0.0431256303846412,0.003249424325038702,0.25481115674668015,0.3254278639489921,0.03416383886647155,1.71085581619501,4.655903596065532,1.471212634121253,7.584526006072228,18.993665326461,4.983262368617827,0.18191834432738166,0.4950705170631408,0.15643665820308855,0.08575404469368139,0.2147508788285712,0.05634299408251307,0.9687497027561061,0.9986388973264858,0.011293003211587532,0.1351963887599867,0.7339590488711578,0.2175414922291065,3.796854575119885,-0.5115941393600791,0.6850163430165406,0.007745101282257201,0.0865587467308746,-0.02109363652844376,ADL,False,ADL_043,151
8.313215607084658,19.797236339742152,4.828970478856496,138.25225247238453,178.6699047882034,23.96209542463183,1.1796853250083985,1.6033189044836638,0.2149145708808193,0.12543804049491883,0.1704837530851364,0.022852248878237436,1.1258115898766556,1.22969350232294,0.06965094497659965,1.3236425586791893,4.524591150655155,1.3344431445372213,45.75082328443945,142.1379131788252,47.37779863824654,3.4737569182850163,3.901449119523781,0.3005113366925594,0.9836520150431006,1.2069917888117505,0.1440471860246684,3.386497847970872,3.96680675801668,0.3630263392850692,0.3693707565466563,0.4148480296134949,0.03195390535264571,0.10459346969922383,0.1283415853977203,0.015316793699720574,0.03828925994550599,0.0448504921396297,0.004104538226793843,0.287900155084255,0.374608061701997,0.0616964092747157,2.4879947692297657,4.655903596065532,1.205754981528117,7.721275028011783,21.139127556091918,5.359927428884458,0.26455291254179814,0.4950705170631408,0.12821007347768548,0.0873001903235907,0.2390084347761778,0.06060173779132134,0.951681133555871,0.9986388973264858,0.03249366024091122,0.30015444660269924,1.7501059553620812,0.4528744295890689,13.825288240141234,-0.7279041432697246,-1.0113370875271959,-0.011434629630744403,0.032559516369628005,-0.1088221862945532,ADL,False,ADL_043,156
15.00741334998446,27.38209409206972,7.500624557580171,119.30689861190145,153.51992932297756,16.887793543415913,0.9735508234212499,1.1360140921897066,0.1223407104658184,0.10351939201354979,0.1207944005727768,0.013008705515158658,1.0301847890752274,1.1482998820092227,0.09687127233701577,1.914541395949827,4.524591150655155,1.203212241443458,53.88861205619642,142.1379131788252,47.7354772070003,3.021013210239479,3.6656657694856256,0.48281034243101595,1.0331318987708373,1.211327109094365,0.11660091147919416,3.112200064966994,3.96680675801668,0.5547221798802178,0.32122971216837565,0.3897767663002014,0.051338083132293134,0.10985475381215411,0.1288025677204132,0.01239838247184051,0.0351879264773024,0.0448504921396297,0.006271937174180692,0.35192952469513317,0.4798151672704412,0.07105370004250258,3.344549369716098,11.968569826687876,2.5188509269827972,9.16417657311721,21.94389189558761,6.359095790555922,0.35563188791275024,1.2726393342018127,0.2678339027208655,0.10361428081368726,0.2481074604874411,0.07189878236268796,0.8895729782933058,0.9706590872312768,0.07939199272246246,0.5524470316114858,2.99216787155572,0.812034588860828,22.10072979369952,-0.32197811054072634,-1.0653740781385572,-0.012045596025254502,0.14357960560367788,-0.23018217676614194,ADL,False,ADL_043,174
23.05220097780731,35.009929788247454,7.597077913434442,109.13184090806878,121.83574151156736,5.814106644692619,0.8355248724010799,1.0530178495992897,0.14499963554991696,0.08884284694989518,0.1119692623615264,0.015418069353138253,0.9370417538408505,1.1482998820092227,0.11228091500469463,1.507246351589045,3.0952976022444822,0.9581792313181962,54.63766006463869,142.1379131788252,44.073181830697834,2.5123938345445747,3.2865234003968578,0.45138440795880613,1.1048868307611066,1.2987507428694425,0.11323970210190033,2.7755964670130746,3.96680675801668,0.5882547758378945,0.26714730858802793,0.3494618833065033,0.0479965075804504,0.11748458345731097,0.1380984783172607,0.012040979095666536,0.03138213558675964,0.0448504921396297,0.0066510717081182825,0.4543493368216629,0.6447709890098393,0.09758962154626769,3.119099261737644,11.968569826687876,2.787912288917323,7.6634237632827595,21.94389189558761,6.312293204721722,0.33165937662124634,1.2726393342018127,0.2964436762752841,0.08664609803922294,0.2481074604874411,0.07136961138559691,0.8159671306941791,0.9367960956448624,0.0861869356775587,0.7555820007742948,2.99216787155572,0.9602101499526535,23.63322700432272,-0.41100212437875505,-1.9902420870010633,-0.022502567562336002,0.15540444803094566,-0.2877624743358871,ADL,False,ADL_043,179
30.33273339602954,38.88423814265487,5.356380579778638,103.1212236828035,117.7345833345507,9.678054765943285,0.7169575810093674,0.8794180937234249,0.09429223828452474,0.07623537580172217,0.093510091304779,0.010026261540726144,0.8344634644679106,0.9577763171751876,0.06672811702488456,1.1538359077541285,3.059453012708434,0.8816537339852715,45.417769886366905,131.61162558695915,37.450876735275386,2.179523040271354,2.5245608711184384,0.1849906908390077,1.1113772921582665,1.2987507428694425,0.10997092811376694,2.411654954877282,3.05806902174465,0.2226818395527531,0.23175256450970966,0.2684410512447357,0.019670389447695516,0.11817472577095028,0.1380984783172607,0.011693404538960664,0.02726725000622472,0.0345758966818889,0.002517740516175909,0.5157887734153725,0.6456062754614782,0.08206083738702723,3.3628110795902946,11.968569826687876,2.988136414639856,5.73927234944872,21.94389189558761,5.62872629458052,0.3575736880302429,1.2726393342018127,0.31773386397026454,0.06489078119974852,0.2481074604874411,0.06364089803997193,0.7485379799520399,0.8846978854345462,0.05225007472015891,0.6136224444903746,2.99216787155572,0.9489306016641931,18.12985752087319,-0.2456314330980357,-0.5503094257488543,-0.006222044601500401,0.16579110819103698,-0.16486483066858115,ADL,False,ADL_043,184
35.314030618639045,39.790792266285706,3.7945097615211214,99.1508376128799,117.7345833345507,9.9793105807065,0.6526654277231554,0.7517495259309798,0.04436487484296863,0.06939907670021055,0.0799348652362823,0.004717396113293757,0.7801352606370301,0.861680080897851,0.04045497548565969,0.6746938885287036,1.5871846350416636,0.39481310467938563,37.45527829829305,84.96126029509573,31.69939793158206,2.0427930701126695,2.2446154396443854,0.09185507926595744,1.1852138019670178,1.319770375654222,0.09295306968860283,2.417308123202155,2.7586333212709326,0.16950686964000272,0.21721382339795428,0.2386739552021026,0.009767114084041956,0.12602589329083758,0.1403335332870483,0.009883865360148443,0.027331167256795665,0.0311903426709001,0.001916520513392298,0.5821857684267636,0.6552575143053854,0.06020763752426474,2.4751427603794713,6.995765753253322,2.0529378425146727,4.364110398257472,12.7782918758921,4.018899494673435,0.26318633556365967,0.7438722252845764,0.21829253510555735,0.04934258486828463,0.1444770855498234,0.04543947592897972,0.7239467871312009,0.7867541257513647,0.034746081997861354,0.3558317951814349,2.115562857001944,0.6845328224038559,11.69081701064071,-0.07382040323999162,0.30678606289541266,0.0034686604974218972,0.11200244392218495,-0.011628589158731772,ADL,False,ADL_043,189
38.09860445542187,40.69245159965227,2.1120077317134958,89.92818080764901,101.23346420924942,8.066209349434079,0.6316432911330233,0.6835467089609938,0.032732902276435084,0.06716375549634293,0.0726827383041381,0.0034805477649206542,0.7513880063342725,0.779730111297801,0.012293897869662132,0.5469168536461773,1.3365079407329126,0.2954806528533213,32.5077501121867,84.8102733658613,25.780466226259033,2.044369178211794,2.2446154396443854,0.08221894676247755,1.197362358962572,1.319770375654222,0.08001354320666708,2.443656729851796,2.7586333212709326,0.12962014646410014,0.21738141377766923,0.2386739552021026,0.008742486962248006,0.12731767098108926,0.1403335332870483,0.008507982476452685,0.027629076393166314,0.0311903426709001,0.0014655433739939523,0.5875590784004795,0.6552575143053854,0.05510310853324786,1.7963551500995478,6.995765753253322,1.7997813465670567,3.4975848566900702,12.7782918758921,3.6097610218759004,0.19100964069366455,0.7438722252845764,0.1913739542628206,0.03954525937156989,0.1444770855498234,0.04081357328798477,0.713056404185941,0.7623568556190552,0.020850628375853213,0.24080958734268298,1.2330517582297795,0.3582272869083876,5.077086251636025,0.03793124970569306,0.10129247146672649,0.001145258005356798,0.08322820053549418,-0.010601080775646698,ADL,False,ADL_043,194
38.801734873862166,40.69245159965227,1.1585437676829304,86.11113143165703,101.23346420924942,8.374759801514509,0.6418217457036224,0.694835414354249,0.033399137192297035,0.06824604868888849,0.0738830864429473,0.0035513897094488905,0.7448581940858272,0.7585825321910008,0.006335347651136283,0.34842319990494186,0.8781546062761773,0.24907397347572294,26.949530421427287,67.7349376814496,19.804361847625138,2.063502305774206,2.2008460258911837,0.08152509540864802,1.1967811397887465,1.319770375654222,0.06517191191639984,2.4666294479495066,2.7586333212709326,0.11552742807704128,0.21941587328910825,0.2340198755264282,0.00866870851271232,0.12725586891174315,0.1403335332870483,0.006929845402664865,0.02788881622303955,0.0311903426709001,0.0013062047941734376,0.5815528862610422,0.6552575143053854,0.04772712611316264,1.5171081682081342,6.381001193239564,1.6356926104153904,2.9308678774607886,12.7782918758921,3.2484651546608068,0.1613168120384216,0.6785032153129578,0.17392610686334053,0.0331377036289186,0.1444770855498234,0.03672860055270763,0.7131428556112224,0.7623568556190552,0.021590271308707647,0.2559715773712292,1.2330517582297795,0.3720014553091197,-2.800670148962034,0.09770474436512588,-0.08981705147435459,-0.0010155117722874009,-0.09213602378569552,-5.1210829291936655e-05,ADL,False,ADL_043,199
38.05375661864254,40.69245159965227,1.4789380125379465,80.83964622880679,90.07658817644638,5.555709711334259,0.6711847119017025,0.7651361025626221,0.05066600358059423,0.07136826515197749,0.0813582837581634,0.005387406348225137,0.7482491406503844,0.7728039130288604,0.015446965361137715,0.2688604872551875,0.6230635536501786,0.1794798155359147,28.644622313197555,68.7062575466679,18.709160441191045,2.136821088428442,2.2918319767591,0.09759071984833444,1.1573798947495741,1.2717841986703544,0.05137264016444041,2.469804793164283,2.6561418535947894,0.09086785909431594,0.22721198995908098,0.2436945736408233,0.010376994956834341,0.12306626439094542,0.135231077671051,0.005462544274026717,0.02792471809683467,0.0300315282779131,0.0010273926734188207,0.5434903043413258,0.6146211954252161,0.04458845270323948,1.8434248222137406,7.01178356771877,2.086141031763522,2.4253667415139746,7.254378024860428,1.8572119384794612,0.19601464271545407,0.7455754280090332,0.2218230893213843,0.027422281601229007,0.0820212438945677,0.02099846917928678,0.7178501754679198,0.7514807442977915,0.021245569586700527,0.2617766189690038,1.2330517582297795,0.37251397187276264,-2.49645439722768,0.10925326627648202,-0.15685004453577545,-0.0017734167855128005,-0.13311116865389272,-0.013391845899555666,ADL,False,ADL_043,204
36.86899854896175,39.374791858860505,1.3055142477348407,79.51251755591115,88.81997545998537,4.561511150639024,0.715808670684665,0.7860397007859199,0.038988220579332065,0.07611321012179052,0.0835810005664825,0.004145686894782957,0.7708873995124931,0.8382210596931244,0.0333471864584552,0.44646960158998694,1.063877171059718,0.3389338074967932,30.216028637189115,75.95114095874891,22.20085300091428,2.2377815271563075,2.3980445209159744,0.09952051338107386,1.0978782311369106,1.1803327081729178,0.06938612278776804,2.4533472177760207,2.755268367555418,0.1415602784533015,0.23794729312260943,0.2549883425235748,0.010582193338279748,0.11673934658368426,0.1255068778991699,0.007377949946080318,0.02773864138561175,0.031152296998556,0.0016005438488332115,0.4923085100937174,0.5763959157382297,0.04658738331733404,1.955449744960016,7.01178356771877,2.033534522101614,2.964648375587389,8.89592383085487,2.7267883370546526,0.2079264521598816,0.7455754280090332,0.21622934550735506,0.03351964105570098,0.1005812952809392,0.03083028903042663,0.7215717857568502,0.7820962549769563,0.02742350852066089,0.22305547092140543,1.421243746247669,0.38030777411450556,-3.954723536680625,0.06356003312711611,0.362693202178169,0.0041007716296022,-0.018832909846162482,0.0850079193088239,ADL,False,ADL_043,209
36.77799330095014,39.462032197419,1.2728836321679862,81.5181752277892,95.45954648580376,7.050695356514785,0.7266821367768233,0.7860397007859199,0.028230384079916414,0.07726940512657161,0.0835810005664825,0.003001786990423445,0.7714056405076594,0.8382210596931244,0.038344754053020236,0.89627505668422,3.40134296230385,0.8104320272911665,41.128933863553065,86.68421808040229,26.55878413562268,2.321989676935201,2.5706257511966086,0.11652999759266174,1.1006042025015808,1.2581406082877968,0.08550148899465203,2.5573997582245025,3.0473065098221985,0.25954376154820497,0.24690129558245338,0.2733392119407654,0.012390842072055987,0.11702920397122699,0.1337803304195404,0.0090915255208508,0.02891510596585926,0.0344542109064462,0.0029345178999916166,0.47493649877027116,0.5763959157382297,0.0420078742628429,1.9263284333486748,7.01178356771877,1.8620470079166538,5.953572980647042,22.35576055883673,5.388448604886113,0.20482993125915525,0.7455754280090332,0.19799477286947567,0.06731376002412755,0.2527642318832956,0.06092421096889429,0.7365747158682366,0.7965678803347076,0.04025258643078967,0.4223969672134184,3.634198451799693,0.9298043089888707,-0.5982420619826527,0.03749822217552501,0.6302545049809671,0.0071259394384384014,-0.11525161767958297,0.08323223507373012,ADL,False,ADL_043,214
36.773365459563074,39.462032197419,1.132446077507027,89.63212644567355,107.74672228207834,11.644723807930474,0.7470759303341835,0.872318684442417,0.05066287393559489,0.07943791349728897,0.0927551984786987,0.005387073567501463,0.7633047931686959,0.8382210596931244,0.04113984292620223,1.3845891315243704,3.40134296230385,0.8807038281396725,36.49558647872435,86.68421808040229,25.55707324289119,2.485424356782499,2.9049801809369447,0.20623849465384853,1.07567571848914,1.2581406082877968,0.08387486242913524,2.6741177516622554,3.0473065098221985,0.29948594232489656,0.2642795960108439,0.3088917136192322,0.02192970624926303,0.11437851389249162,0.1337803304195404,0.008918563422679443,0.03023477182471511,0.0344542109064462,0.0033861220678387924,0.4353655397119945,0.5248502834411278,0.045505115689793846,2.4084296141686083,6.887315479775498,1.91608072703405,6.892993575467687,22.35576055883673,5.475999603066566,0.25609260797500605,0.7323405146598816,0.2037402744053967,0.0779352696095543,0.2527642318832956,0.06191410172870339,0.7533475358854934,0.798785621377053,0.04539315991475518,0.4438389023663742,3.634198451799693,0.9336474421121105,1.7959410959866915,0.04000067285714681,0.7006831697087126,0.007922237434904403,-0.0874888412856597,0.10514244989454347,ADL,False,ADL_043,219
36.008511531454374,39.462032197419,2.1483241825005255,107.95790629021471,150.70921685995577,21.451098056302868,0.7555585612766058,0.872318684442417,0.05410057743896971,0.08033988674481707,0.0927551984786987,0.0057526107002642095,0.7603304499185997,0.8470572036606608,0.03852037553581095,1.707934011483132,3.40134296230385,0.8665851283476588,38.02290736856585,100.55066325736188,28.102985338140254,2.651286438548746,3.028633224182647,0.23645820057341188,1.0992285483115667,1.2581406082877968,0.0776557774993722,2.909246238378911,3.589562871217186,0.279811002308801,0.2819160064061483,0.3220399618148803,0.025143021371968086,0.1168829282124837,0.1337803304195404,0.00825727705187933,0.03289323970293386,0.040585203959047,0.0031636683925352887,0.4186163057761917,0.5248502834411278,0.052963180429082074,3.9503097598695427,7.739925665922547,2.205982206931779,6.639608609856158,22.35576055883673,6.157757922747801,0.4200434684753418,0.8230000734329224,0.23456601479908135,0.07507038581215394,0.2527642318832956,0.06962236634134067,0.7847902146586377,0.8330978634736408,0.036582840980505474,0.31967768016708376,3.634198451799693,0.9049081600197222,-6.575396965007993,0.10529491818032433,0.5736331289246377,0.006485752825713405,-0.11700919299133095,0.036529983138933186,ADL,False,ADL_043,224
31.89979707070313,37.51556137647204,5.3928497681863945,134.8288341483186,171.61480638951792,27.269282744004137,0.8546883165618829,1.0859661996641456,0.12371807970023858,0.09088053007920581,0.1154727190732956,0.013155163637626538,0.8067638191412121,0.9764587224039338,0.07686746186593939,1.634154248367331,3.3949484489700086,0.8901191361469543,42.136135709418085,116.54894431306847,34.14893852036287,2.8987572530102033,3.246043874766059,0.23640155895570847,1.1262368537417196,1.279442199451443,0.096206472413851,3.2753381584681702,4.047448796156395,0.47843462582596263,0.30823001861572263,0.3451576232910156,0.025136998567933357,0.11975476940472919,0.13604536652565,0.010229805463110274,0.03703243875798303,0.0457622671058288,0.005409395953450129,0.39001055082852754,0.4571002277814471,0.0346898223556702,3.874710160020159,7.739925665922547,2.1783276515875976,5.049583781408264,17.948929870202647,5.705261971239682,0.41200482845306396,0.8230000734329224,0.23162545670312645,0.0570928536508006,0.2029386322969717,0.06450624464589506,0.818242412891658,0.8914652814283099,0.036045470664646605,0.07408285825203587,0.7047561735650065,0.18683219917127053,-17.249705823200163,0.273301611999057,1.3474989911437505,0.0152354265274743,-0.07297632409754229,0.12657182894474006,ADL,False,ADL_043,229
26.088250963666887,42.90714052974892,9.291278378985174,154.57400962260937,171.61480638951792,17.80994674745427,0.9765184213449861,1.2757942578210857,0.1780785569046623,0.10383494198322295,0.1356574743986129,0.01893540994258337,0.8900939834141162,1.1191746465238213,0.1361025364174511,1.711860548171734,8.764130368162538,2.107120561493773,78.42606579349072,453.7435364170854,108.18462016226586,3.187730640495415,3.731564431552368,0.329454016510274,1.151523082957724,1.3666629128822865,0.13742302069552662,3.673003229277155,4.890891711855636,0.6060630974497271,0.3389570732911428,0.3967838883399963,0.035031432016783964,0.12244349916776019,0.1453197002410888,0.014612434408995303,0.04152861798236276,0.0552986101062398,0.006852420560531475,0.3648021540713711,0.4414378241125549,0.053097321922519494,4.018875254913337,7.739925665922547,2.3507431491930215,9.03885604804807,38.4935099504548,10.408843968163547,0.42733415961265564,0.8230000734329224,0.24995870346995105,0.10219735088303492,0.4352248472831643,0.11768704730405447,0.8550652724240727,0.929680158692908,0.05161821321658429,0.16805316163595752,2.5207974245393627,0.6287973536058956,7.6097131064865025,0.14160042278003704,0.10586170655189875,0.0011969198217176014,-0.04628456224635791,-0.04227618392492494,ADL,False,ADL_043,234
27.130710112611446,42.90714052974892,10.275163039857292,154.52468647371748,171.61480638951792,16.252352244248637,1.0556787780801395,1.2757942578210857,0.11148733264748097,0.11225220362345376,0.1356574743986129,0.01185464653229083,0.8568447282642189,1.1191746465238213,0.1637310500481828,1.2595746441182853,8.764130368162538,2.1583059954669532,83.85690862467862,453.7435364170854,105.4052005964034,3.298289809429219,3.731564431552368,0.22316677868944218,1.0769837886197526,1.3666629128822865,0.1907379173259086,3.5602369940856895,4.890891711855636,0.7141604757716039,0.3507130265235901,0.3967838883399963,0.023729720823786236,0.1145176033178965,0.1453197002410888,0.020281502270339306,0.04025363247043954,0.0552986101062398,0.008074617887623835,0.32721192566593044,0.4172638728498383,0.05796936736665158,2.7743729117504445,7.655935141673047,2.2090201107444156,8.761475697450779,38.4935099504548,10.033682564581298,0.2950040102005005,0.8140692114830017,0.2348890405190684,0.09906116452633637,0.4352248472831643,0.11344530461052563,0.8415888751510585,0.929680158692908,0.06461622420465891,0.24235888718956541,2.5207974245393627,0.6374833628685577,4.002795625814514,0.23384439569918902,-0.8114303191237804,-0.009174394259606998,-0.08040427663525879,-0.08540593757130621,ADL,False,ADL_043,239
28.464146130354383,42.90714052974892,10.064695798151476,142.57594581361357,169.5767471769336,15.713447003892279,1.1064158430289563,1.2757942578210857,0.10337238363207103,0.11764716605345406,0.1356574743986129,0.010991769558550447,0.8123222576810453,1.1191746465238213,0.16597428444970663,1.4421440958180782,8.764130368162538,2.1944922510848666,76.66188063989317,453.7435364170854,105.32446167087265,3.249207143209576,3.731564431552368,0.26790764359281516,0.9085744399245859,1.3666629128822865,0.20734445747719532,2.995747823035032,4.890891711855636,0.8999107405471913,0.34549397925535835,0.3967838883399963,0.02848709662948005,0.09661033749580382,0.1453197002410888,0.022047305244927276,0.0338712653238806,0.0552986101062398,0.010174793494468107,0.2773831596855166,0.390335587787684,0.04585837398395596,3.131426112096425,8.354946679133764,2.603165695581071,8.901387649626185,38.4935099504548,9.876749296059863,0.33297011256217957,0.8883963525295258,0.2767992421495598,0.10064307166073402,0.4352248472831643,0.1116709468573927,0.7926601341029816,0.929680158692908,0.08729234313283066,0.4223469939057416,2.6998216007426423,0.8790231301062886,11.726508431958475,0.11291045703855196,-2.4301374063760046,-0.027476220872776205,-0.14270530857183822,-0.15586166568964177,ADL,False,ADL_043,244
29.470734898298268,40.90355553749325,6.357749028269963,135.8897760316184,160.5368259666083,10.093603900229535,1.1841061110050581,1.4473202462563588,0.16201858921069756,0.1259081105391184,0.1538961380720138,0.017227724990303173,0.7769871458214296,0.9149989428673124,0.08488473476505008,1.4092983270322132,4.730960299911078,1.4896570922423222,53.00214755438461,102.8993688504795,22.731373250018336,3.1221438516759665,3.58193786452142,0.2125439220482828,0.7846795178707707,0.9233262444523116,0.08493613391100464,2.450491277055521,3.0109490278096227,0.31208020339356063,0.3319831132888794,0.380873829126358,0.02260017356802464,0.08343636989593503,0.0981789231300354,0.009031410308452052,0.027706350841945324,0.0340431369467868,0.0035285184187381826,0.2523246061253578,0.3170237225626376,0.030811360771361363,3.924377156485204,22.981574018818165,5.603616712042154,4.094593515258119,16.94965139200048,4.160987355668598,0.4172860085964203,2.4436716735363007,0.5958425396519563,0.046295306394728834,0.1916403426988377,0.04704598486209609,0.7604184628269448,0.8350843680465281,0.04695311344242831,0.2697518059633508,2.6998216007426423,0.676940814935568,-22.42050922707566,0.45548764514786577,-0.492192172592548,-0.0055649449329582025,-0.0819130789453856,0.062326343254824,ADL,False,ADL_043,250
17.212971025268278,21.24751010525905,5.233369254355125,175.39834432238746,178.993984499116,7.874490273188443,1.422900490164004,1.4883960855178024,0.051194418130111205,0.1621398270130157,0.1696030646562576,0.0058336153209782755,0.9795274227463661,1.0107723659459902,0.023141022447027332,0.27150332869871235,0.7678352660159791,0.2658508504637755,70.51677231454481,393.529324072841,106.02917780703577,3.174129138935359,3.317801735783787,0.1363903865450221,1.0185646402350583,1.2246157082604312,0.10074798268137572,3.240152100106933,4.06303212253455,0.4106740895051312,0.3616927206516266,0.3780642449855804,0.015541714851823088,0.11606566707293191,0.1395452320575714,0.011480255012060434,0.04207225113386822,0.0527570627991833,0.005332460604939602,0.32082020020647495,0.369103571165061,0.026933062521189564,1.4097158716793392,5.123154382629176,1.589563596525613,8.227919463503389,29.490188007395616,8.931853362254177,0.1606374368071556,0.5837845802307129,0.1811311250143316,0.1068366802800191,0.3829198622469576,0.11597701778729502,0.895633531993483,0.9658160618594804,0.020192794407508003,0.2246520049120103,1.6314853997329417,0.4580344781673901,16.24334923745472,0.21191070666840894,1.5561350294696945,0.020205873593371705,0.028626643178629674,-0.004706432922717774,ADL,False,ADL_044,68
17.27395682809186,20.898296658527677,4.756342751666604,176.05273235064826,178.993984499116,2.2016242310241196,1.4608158923639043,1.5081004952735206,0.024563260639544702,0.16646029551823935,0.1718483865261078,0.0027989890076658423,0.999058999420538,1.0247819147673387,0.012645727290180235,0.3881729883471552,0.7678352660159791,0.2671975967983022,121.19916495886146,407.57394770919205,144.49917249598468,3.226963876323519,3.33049104037465,0.0705944153536839,1.0597678899528422,1.2246157082604312,0.11076689842511628,3.4250269072634336,4.06303212253455,0.41269515998699763,0.36771325071652733,0.3795101940631866,0.008044249315152031,0.1207607865333557,0.1395452320575714,0.012621912687194724,0.04447278637872817,0.0527570627991833,0.005358703504113851,0.3280703402651026,0.369103571165061,0.029931211461944527,1.9802455151345149,5.392716451463655,1.7589523103927633,12.782451687537009,29.490188007395616,8.30142833485105,0.22564941644668576,0.6145012378692627,0.20043300659651536,0.16597570141440163,0.3829198622469576,0.10779116747702568,0.8989608488646503,0.9658160618594804,0.02759721518888985,0.41074404305485235,3.016393950167935,0.8329347267445799,0.8784231237584983,0.06853814630595823,0.7487193072575855,0.009721860502374995,0.03627227279614398,-0.00488012846532504,ADL,False,ADL_044,112
19.40120185306474,22.355989648938746,3.614263781330387,175.48087438935787,178.64360141801276,1.732452700318246,1.4994510909510876,1.580122067273978,0.043459224707522115,0.17086278498172758,0.1800552606582641,0.0049521883117667875,1.0111088695583283,1.0357118526905171,0.01420028067062057,0.271453250694744,0.7678352660159791,0.2574187234181073,70.27237348416811,407.57394770919205,122.42105342651934,3.3205022908239172,3.4759195515881003,0.1092889106015965,1.125594269952951,1.2246157082604312,0.09935288700050687,3.7436952879276513,4.213352871735117,0.4079729466137603,0.3783719738324483,0.396081805229187,0.0124534956463058,0.12826171716054277,0.1395452320575714,0.011321283549244651,0.048610584767663556,0.0547089255869792,0.005297387201419302,0.33878843621950605,0.369103571165061,0.025848841034425255,1.6434597903867976,5.392716451463655,1.5407068583745633,11.574473357285598,29.490188007395616,8.958171696978695,0.18727260828018188,0.6145012378692627,0.17556388884638416,0.15029052179800925,0.3829198622469576,0.11631875223485956,0.88985708336339,0.963170655599444,0.02130161245726462,0.252038023082586,3.016393950167935,0.7429083385814436,1.2981311873864172,0.14160142448114232,0.5543568143328637,0.0071981309487334985,-0.014669478056971108,-0.007211839929924468,ADL,False,ADL_044,117
19.8782918136455,22.355989648938746,3.664498207353147,174.9530405951825,176.36776913206492,1.1483034305401605,1.5515345166132621,1.638573082121246,0.0600486328650169,0.17679770290851593,0.186715766787529,0.006842555057367175,1.033145841556944,1.0834621677421865,0.023464416861492404,0.2461162260678206,0.7598282776807368,0.22602217270191163,63.507338556071815,407.57394770919205,124.82637440726491,3.43064828625823,3.6414386335331614,0.14383004405977068,1.1451017851237149,1.216545427709702,0.08885070934041508,3.936603987075816,4.303519184597251,0.41658058437520595,0.3909231344858805,0.4149427413940429,0.016389465478670068,0.13048460284868874,0.1386256217956543,0.010124558071364628,0.05111543731338251,0.0558797038842158,0.005409154392088212,0.33366152811462296,0.3620350797379991,0.020992247570655306,1.4058189673564376,5.392716451463655,1.4588350949435236,6.449001921964358,22.580925318780363,6.987509110240919,0.16019338369369504,0.6145012378692627,0.1662345832120672,0.0837380530422411,0.2932054827967789,0.09073038209426833,0.8872065835823858,0.963170655599444,0.021273030102184506,0.2334699442332619,3.016393950167935,0.7454905408324213,13.82619732416637,0.1269177612572434,0.9931845726887127,0.012896157178258504,-0.011618655279237,-0.07681220735647998,ADL,False,ADL_044,122
21.426534633878077,22.565058880784985,0.6518817156833625,175.56145822074527,178.0262215266482,1.1053278374738842,1.5955412540417349,1.638573082121246,0.03494914847369645,0.18181228041648864,0.186715766787529,0.003982463234041205,1.061788219317274,1.1141150846248002,0.03229639446117321,0.18188351964344862,0.6225757084025476,0.17368134411012337,15.633256708050238,49.108160554417815,10.883510656569701,3.5495210228253864,3.6414386335331614,0.07490279340897385,1.1634608168394096,1.216545427709702,0.05039078040353738,4.1289061324545075,4.303519184597251,0.18262663234797485,0.404468709230423,0.4149427413940429,0.008535189951844673,0.13257661859194436,0.1386256217956543,0.005742040623472355,0.05361241396879534,0.0558797038842158,0.0023713434747779554,0.32799201854064136,0.3512592162708853,0.017075143884395995,0.9087051684858984,3.694921078695681,0.9212867882777912,3.7876034312676436,21.449411204370985,5.043436026421841,0.10354715585708615,0.4210370779037475,0.10498083422792305,0.04918071677886178,0.2785131645005556,0.06548726742618517,0.8809636964784551,0.8863584482429641,0.0036215650871298096,0.042639989674506204,0.2728231141912096,0.07522351516861148,0.12889630316193035,0.049612073877878915,-0.5214234344525281,-0.006770502434329202,-0.06558199065399489,-0.0007160905731218303,ADL,False,ADL_044,127
18.815729996642755,22.565058880784985,4.353135257258863,175.90154988958068,179.0744018027162,1.6301713638881938,1.6185460041176494,1.653439298925351,0.01993327596343003,0.18443367679913839,0.1884097754955291,0.00227140122507141,1.1056302226267607,1.1974182324977003,0.044575027357975805,0.24367947577157847,0.6225757084025476,0.17059521927877944,49.41030937477229,206.95819169442927,64.64785946477134,3.6044699991847584,3.657036503117533,0.042484058885256935,1.0389548987352069,1.1931409079597706,0.1954183292482492,3.7419152425458067,4.303519184597251,0.6937551187946867,0.4107301572958628,0.4167201220989227,0.004841067949644447,0.11838914155960081,0.1359586715698242,0.02226796203846389,0.048587471495810594,0.0558797038842158,0.009008169580179096,0.2885111401040496,0.3426318639945427,0.05528363593352529,0.9373922343862543,2.104892472007611,0.589176098304674,9.151878800139112,41.44665166925071,12.605970840175738,0.1068160533905029,0.2398529648780822,0.06713674731274616,0.11883397177974149,0.5381703956518358,0.16368415882593607,0.8769619215931691,0.9628089274511462,0.03483880279178724,0.2517467641156701,2.202671549903477,0.6041453580003736,-14.653505787027068,0.06572046579543311,-0.6129954000825357,-0.0079595326451889,-0.06991410932786551,0.08140836548348374,ADL,False,ADL_044,132
13.676860203605997,22.565058880784985,7.567876270279401,175.50101352277665,179.0744018027162,2.5160659015844082,1.6244036812250815,1.6893382773961556,0.022865495737348713,0.18510116040706634,0.1925004720687866,0.002605528319828774,1.1538506610961075,1.2369574287422782,0.04866876340081879,0.36831047882176016,1.5460823630176184,0.370661029182324,97.22683886201685,348.8638742828032,101.81402441925141,3.64549471429084,3.7913284613241904,0.05908159064009685,0.9558857838546955,1.180389618843823,0.171059857124755,3.481745580676447,4.285663601189411,0.6081354669255543,0.415404932697614,0.4320227205753326,0.006732360380967314,0.10892339746157326,0.1345056593418121,0.019492308727704605,0.04520925867943694,0.0556478553270904,0.007896428098872204,0.2624932578960571,0.3251109779409908,0.048367195702412484,1.1731586139934975,3.853558309127898,0.9147044668713054,11.157492827213144,41.44665166925071,11.913606439364441,0.13368168473243713,0.4391138255596161,0.10423077724110728,0.14487617424976837,0.5381703956518358,0.1546940472363839,0.905511198221151,0.9926090172711616,0.05876418596902347,0.3613303867040918,2.202671549903477,0.6644846996060275,-20.76204111022282,0.0020458816348989384,-0.5864436030276656,-0.007614766770243898,-0.05455538130305043,0.11534467283457117,ADL,False,ADL_044,137
7.335752452149831,19.758772494954933,5.9533260190964645,175.82421995326553,179.0744018027162,2.5019687246511833,1.5957283671024776,1.6893382773961556,0.06692570609387581,0.18183360199133555,0.1925004720687866,0.007626199079834616,1.18465758031847,1.2369574287422782,0.030696837578846906,0.39089063054188,1.5460823630176184,0.3635475190319618,106.17595238261349,348.8638742828032,98.14248184300725,3.671243870625054,3.7913284613241904,0.0597869517134982,0.9444853737963984,1.1134923624550723,0.15585130789265786,3.468103854639126,4.1433795842873735,0.5768837349999447,0.41833905478318534,0.4320227205753326,0.00681273643200783,0.10762431820233659,0.1268827021121978,0.017759291163470754,0.045032125598640324,0.053800346720553,0.007490635199860095,0.25728087809325684,0.3058388659624864,0.042482222536177096,1.3439573651700953,3.853558309127898,0.9088942808140564,10.318869536334834,41.44665166925071,11.588522469538026,0.15314424037933347,0.4391138255596161,0.10356870524889986,0.1339869417043644,0.5381703956518358,0.15047294464750224,0.9407395746181295,0.9926090172711616,0.06390096766621774,0.38835928820690807,2.202671549903477,0.6601274569968015,-17.736362963908274,-0.14000748064938873,0.353893206839746,0.004595180538666803,0.0254742735595887,0.09853534979949041,ADL,False,ADL_044,142
4.035572803900019,14.058050335861244,3.7603583919947656,175.6897921761157,179.05530026034805,2.666941137770213,1.5338705485003679,1.6893382773961556,0.09809488839430218,0.17478488981723783,0.1925004720687866,0.011177934328548881,1.1705355265328161,1.2369574287422782,0.04311256954822642,0.9015233327947066,2.4485770482433917,0.8388830176815439,92.00304524626078,348.8638742828032,109.50140983641558,3.616559134906372,3.7913284613241904,0.13663574350418523,1.0103294163348786,1.1134923624550723,0.09528784958645602,3.655904407830599,4.1433795842873735,0.38377554348894033,0.4121077169974645,0.4320227205753326,0.015569673331836346,0.11512726147969561,0.1268827021121978,0.010858071632689844,0.04747065064093395,0.053800346720553,0.0049831923150060135,0.27958254049728753,0.3106604627665522,0.026413873779138494,1.739107927967548,4.694519622458397,1.2265821703071953,6.521288442561058,25.009313142845905,6.204567429765693,0.19817173480987546,0.534941554069519,0.13976931084473476,0.08467666843873363,0.324737256376526,0.08056415594610719,0.9736579597273594,0.9933455209820152,0.03163936491161225,0.40298088210099436,3.3995923451455257,0.8797930693080818,7.854071555680591,-0.23366858266336132,-0.9281807520382501,-0.012052105114475,-0.026677020244249117,-0.10246660129616536,ADL,False,ADL_044,147
3.555642581998017,12.049595858583883,2.7812095952944036,167.63505476984133,179.05530026034805,13.002481942821035,1.3920200525872062,1.6083485646145306,0.16392892109603843,0.15862099428971604,0.1832716763019561,0.018679736982786778,1.1177732787826415,1.2148031917862916,0.08360690262947594,1.357426837855162,4.594030153469065,1.2429263728168167,76.52407902454836,294.2291217973195,90.44307953922826,3.3732211668424052,3.7513365426622256,0.3221069007318059,1.1062397196875497,1.3308425381222195,0.11803576615053195,3.7118052634778107,4.1433795842873735,0.36444213918263346,0.3843793014685313,0.4274656325578689,0.03670415290835555,0.12605626185735064,0.1516498029232025,0.013450201779598898,0.048196503861623816,0.053800346720553,0.004732154766114182,0.33319962522350555,0.4602788620563189,0.06430220513774984,2.329621421540579,6.172379777171324,1.5060456433657738,7.758487332685291,25.484983295831285,7.9692442567524315,0.2654608786106109,0.7033440470695496,0.17161423569464593,0.10074126688956928,0.3309136683210845,0.10347787244498811,0.9763242387379262,0.9956326147015856,0.028710178362101085,0.3565185574713196,3.3995923451455257,0.8414405104247796,3.970681843500888,-0.5880745202031035,-0.6988183983408294,-0.009073914508825796,0.16214877307357262,-0.022059343575005053,ADL,False,ADL_044,152
4.47246929264825,12.049595858583883,3.047137672649241,151.3764270607618,179.05530026034805,20.400823355341945,1.2336301848715319,1.5166597212657893,0.18507393756510565,0.14057243367036182,0.1728237122297287,0.021089216307716086,1.0117025784369897,1.1942015756453357,0.11967498634208064,2.066755250643681,6.258969804871218,1.5762229191710289,81.66254643834904,294.2291217973195,89.45795827259653,2.9315574164217755,3.564816083620127,0.4689028286902718,1.291005005389188,1.848551153143623,0.29215253550748294,3.6617493343263035,4.229388809825376,0.3583000778926616,0.3340516189734141,0.4062115848064422,0.053431581516281176,0.14711030721664425,0.2106428146362304,0.03329084633538737,0.04754654498409712,0.0549171466808218,0.00465240223071229,0.46806570833465727,0.8079484796836048,0.1830341490041068,2.305674079504521,6.172379777171324,1.5899928200175932,8.27360852527856,25.484983295831285,8.227805217888976,0.2627320736646652,0.7033440470695496,0.1811800351266135,0.10742993689936496,0.3309136683210845,0.10683519684034352,0.9712307570120916,0.9956326147015856,0.02884711762170961,0.3717258920087999,3.3995923451455257,0.8409851349436498,1.6189631679322234,-0.20218057468963457,0.2978584729705367,0.0038675889557015994,0.49728801691705266,-0.008994239821845773,ADL,False,ADL_044,157
4.005256803746493,9.374237452623746,2.3327312796660946,135.92416235624304,157.9111184333643,12.105947193255883,1.1271822158447244,1.4059753671285902,0.11170788843836493,0.12844266394774118,0.1602112054824829,0.012729138708286021,0.9333979899487445,1.1942015756453357,0.10252934086086755,1.8044796327326047,6.258969804871218,1.6718124804338674,71.53832414838111,278.768995746168,69.11063005967327,2.527255845417251,3.1841837612106394,0.3423630095927119,1.4470399144843362,1.848551153143623,0.23465349629615576,3.6045297386200996,4.289249130284515,0.42274534111480305,0.28798136512438455,0.3628384470939636,0.039012341013825606,0.16489051977793373,0.2106428146362304,0.026738818041360534,0.04680356838116219,0.0556944121787061,0.005489201620031295,0.5897792825838479,0.8079484796836048,0.14773944081089632,2.0013959689374503,6.172379777171324,1.4588066670942998,9.564951086188989,35.358712726958046,9.880068107876623,0.22805951535701752,0.7033440470695496,0.16623134385233168,0.12419757213497104,0.4591206201615616,0.12828925735942745,0.9750144515946814,0.9956326147015856,0.012721112151225221,0.2179300144342842,0.780176651999992,0.28705876507383127,1.4475688921053345,-0.29556156941936584,-0.3148046741853232,-0.004087629500480396,0.31320140944764885,-0.008042049400585172,ADL,False,ADL_044,162
3.963851188484162,9.374237452623746,2.3542856626333286,131.33380397051516,172.70437755877705,12.844568702473774,1.1044531356236182,1.1907206345626016,0.059740054251501105,0.1258526802062988,0.1356828808784485,0.006807392455792993,0.8887546775502124,0.9487942485447752,0.03407055056645508,1.5994513006531845,6.258969804871218,1.5599465497637952,53.04563405951248,135.90869435983493,43.5858303848338,2.3306296159692566,2.5994949822289595,0.1190426984789318,1.4639264344990646,1.848551153143623,0.26760350987139503,3.4081482056239683,4.387694712192472,0.6348913259416173,0.26557576258977256,0.2962130308151245,0.013564941942153597,0.16681474248568215,0.2106428146362304,0.030493479409528342,0.044253622292521916,0.0569726939127379,0.00824384364760184,0.6302612291002809,0.8079484796836048,0.11982537437639906,1.7465689555596966,6.417548189235331,1.6787955174997413,13.924602039301517,56.72762135164013,14.966753697189453,0.19902192056179044,0.731281042098999,0.19129912223606071,0.18080612756337364,0.7365884865881522,0.19433810535811713,0.9591783538482173,0.9943157176074184,0.03041097934705342,0.46324338685506866,2.592985795670685,0.7159970950954226,-3.687510728765199,0.22007357169964337,0.7675923236840325,0.009966920074337998,0.17261061606507355,0.020486170715362184,ADL,False,ADL_044,167
22.44076903351767,24.187362304753115,1.422159392854125,176.26847296032628,178.92702534581824,2.1603004519455147,1.3484446390041323,1.3933255778037832,0.03541931220695118,0.15346498787403104,0.1585728377103805,0.004031032614257463,0.9450438871299883,0.9707856180621623,0.025681262313407754,0.5525497673494896,3.3396196416828974,0.7839144093603885,13.81906318599219,42.85944458734328,11.878333394277071,3.254693009567592,3.3354882312153578,0.06490386114648078,1.1924614565711067,1.308273434815873,0.07781194418908129,3.8836415526323047,4.334696292234405,0.29717070220189135,0.3704129993915558,0.3796082139015198,0.007386636407393464,0.13571271498998003,0.1488931477069854,0.008855691013204084,0.05030272542151907,0.0561449954685322,0.003849092670782092,0.36628152418127863,0.3957778602654239,0.02122024900537111,0.9289784256064298,3.6861388468891,1.1697859781289563,5.308023735474077,20.16686202656084,5.716989722319365,0.10572600364685054,0.4195153713226318,0.1331320439535091,0.06875198364161147,0.2612105441214485,0.07404910065517199,0.8560040807576353,0.8863673599770826,0.02316493325127357,0.13875655489735347,0.995668730467012,0.2717261859012313,4.276518890574106,0.07772731484580331,0.9571555741751068,0.0123975226294437,0.0619548131038819,0.07061567512985578,ADL,False,ADL_045,116
24.051228911304616,25.984060918641287,1.1734073446703077,176.15499659989683,179.1416206584817,2.5355328188392763,1.3434246492668007,1.381340768995193,0.01938667959641681,0.15289366841316224,0.1572088599205017,0.0022063764897156694,0.9460821646726207,0.9707856180621623,0.013419384320394396,0.337178032980934,0.8323586213585618,0.2475670462579286,13.252714811939052,42.85944458734328,11.369630966372025,3.269300575760165,3.349485063369789,0.048244585436689025,1.244477372933606,1.335493032487096,0.07495579615295594,4.069777845259354,4.473213964549952,0.2722916754999961,0.37207547028859456,0.3812011778354645,0.005490662727167728,0.14163258870442705,0.1519909799098968,0.008530635974938586,0.0527136489560692,0.0579391405620191,0.0035268479857411055,0.3806239207655918,0.4072529771244732,0.021542225908907815,0.7335664027582399,1.7898929308513356,0.6178520047188406,4.3658320826198205,20.16686202656084,4.665758982679641,0.08348637819290157,0.2037057280540466,0.07031705097077565,0.05654828065675407,0.2612105441214485,0.06043307287966431,0.8574303856997606,0.873287882130853,0.010305282593035125,0.14029026682913343,0.995668730467012,0.2704913725721966,2.681714548930149,-0.03329245944169301,0.170342246765272,0.0022063517321547,0.004189119523221763,-0.014898414160723017,ADL,False,ADL_045,121
23.65553095875538,25.984060918641287,3.042814484502103,175.89951153555654,179.1416206584817,2.375478880696307,1.349975594075275,1.4252944513794576,0.02940603638181694,0.15363922417163847,0.1622111797332763,0.00334666836607522,0.9521487766493097,0.9994050036939754,0.02217488695546351,0.21243258553876126,0.8323586213585618,0.22524878396736497,49.3502421062893,320.0995644579847,91.82726386781833,3.2870043561307245,3.454008674560785,0.07068041801275932,1.2491304316916128,1.335493032487096,0.08899199763579899,4.108387706682385,4.473213964549952,0.336944340327183,0.37409031788508096,0.3930968940258026,0.00804405993357678,0.1421621481577555,0.1519909799098968,0.010128080488458108,0.05321374177653282,0.0579391405620191,0.0043642592664930955,0.379964112778308,0.4072529771244732,0.02506459408361087,1.3473619669766215,3.974740532277967,1.129300750763208,5.766014658883818,28.96968282612599,6.717938273745658,0.1533417701721191,0.4523608088493347,0.12852446515713353,0.07468409435615794,0.3752287591431802,0.08701385022361169,0.8583524606712092,0.9265168462904726,0.026375156825992657,0.3474848455786463,4.1673621868051445,1.0310905670545283,-2.4823001954645036,0.050903784762344584,-0.644219532791011,-0.008344229978485301,-0.07656905054817148,-0.06780227354619117,ADL,False,ADL_045,126
23.36292557679368,25.984060918641287,3.0939601500063483,176.3489490463516,179.1416206584817,1.8680265250592976,1.4062257457247933,1.557694281383044,0.07053923650453695,0.16004099150498705,0.177279457449913,0.008027992222807891,0.9753942125051928,1.0309924740024905,0.02907872010734457,0.20328938164165686,0.6771891603301454,0.18849770368317936,56.73502424160221,320.0995644579847,90.85471258457488,3.4211034753857303,3.674399010793472,0.1495630710455916,1.2800005374021604,1.3567031392018905,0.08568390572985536,4.382720162003773,4.935494982947613,0.3870745304881075,0.3893519898255666,0.4181792736053467,0.0170216071320257,0.1456754406293233,0.154404878616333,0.009751590219931584,0.05676702288840309,0.0639268185752683,0.005013568724335388,0.3745317598891844,0.4072529771244732,0.026376262899589022,1.9821186063223846,5.987811329591244,1.75734219073875,7.956091711132802,37.082039349286006,10.307790026124485,0.22558271884918213,0.6814661622047424,0.20000116444633578,0.10305098741728,0.4803037608331273,0.13351127398340126,0.8638692225773614,0.9265168462904726,0.0264542296783035,0.3018195103080552,4.1673621868051445,1.0340485401718376,-3.247756906415038,0.22179588517637217,0.6287989481233369,0.008144495418571603,-0.0343138963403965,0.018043093924528075,ADL,False,ADL_045,131
21.058926595566593,25.852779958382527,3.473887232605975,175.99386842340712,178.63675614594732,1.734833549154677,1.4795785715315073,1.5909286072680535,0.07545124434396142,0.1683891952037811,0.1810618191957473,0.008587022383713238,1.016869336658088,1.1104788526637022,0.04377277400542653,0.2778558807399518,0.7368899662781735,0.23568278120957067,61.772483668081264,320.0995644579847,89.51166625571045,3.523558946018284,3.674399010793472,0.1341722488240148,1.209481844686433,1.423887200327131,0.1486565053761455,4.264318089690609,5.175337664596353,0.5701100945031693,0.4010123332341512,0.4181792736053467,0.015269994735576102,0.13764978647232054,0.1620510220527649,0.016918431899284003,0.05523342436954107,0.0670333721528404,0.007384330184744103,0.3435489031414279,0.3917521888146628,0.04246652827546847,1.8651033507418953,5.987811329591244,1.841682017903364,11.080619338073676,37.082039349286006,11.64442524363036,0.21226534247398376,0.6814661622047424,0.20959978657640285,0.14352131743098262,0.4803037608331273,0.15082399283855874,0.8660025261170925,0.9265168462904726,0.027811280303619443,0.37340642300594634,4.1673621868051445,1.0693279899305013,-9.82116382483477,0.18485698529856953,-0.8338380535241554,-0.010800256945445896,-0.11197252527340812,0.008452514664407218,ADL,False,ADL_045,136
19.249727242985987,24.131089322700294,3.1169227128860175,176.07930031727113,178.63675614594732,1.7515647797468794,1.52188398427979,1.5909286072680535,0.036261699794548116,0.17320392727851866,0.1810618191957473,0.004126903810728131,1.0388342980047778,1.1104788526637022,0.034762855127450316,0.3999208998658581,1.0624418116481658,0.27930288393699054,25.75863994254064,90.27491770119764,23.35198234442798,3.6045602013705476,3.674399010793472,0.04462404823294253,1.1408519688371797,1.423887200327131,0.15838781698009508,4.114751571074553,5.175337664596353,0.592303474980519,0.4102309962113698,0.4181792736053467,0.005078613406047083,0.12983909646670022,0.1620510220527649,0.01802594167321249,0.05329616949773228,0.0670333721528404,0.007671789135112673,0.3163647528783111,0.3917521888146628,0.04271892883431828,1.226116578627378,5.987811329591244,1.7433112624602873,7.9202480370437245,37.082039349286006,11.315675557097487,0.13954296708106992,0.6814661622047424,0.19840432007035458,0.10258672353726792,0.4803037608331273,0.14656587452615552,0.8695421701241813,0.8860300991193462,0.011593149401870617,0.11017343904155652,1.3685147553468735,0.34339653138043824,-8.14008964933481,0.03485198375172893,-0.7469147054941918,-0.009674385453596501,-0.08110499171422142,0.012124627994416937,ADL,False,ADL_045,141
16.547989275630687,21.97569133232808,2.136723744775361,176.41070958727943,178.30525030621232,1.5148491748796191,1.5260270651024779,1.5909286072680535,0.029882032174669924,0.17367544670899707,0.1810618191957473,0.0034008409190042156,1.056512852252392,1.1104788526637022,0.024427878658130515,0.4463944886283398,1.166654067889177,0.34237003216237005,20.571063591867144,54.9386588083355,15.64564429474214,3.580734625788261,3.6364689599605047,0.04099951087157507,1.0387986497396884,1.423887200327131,0.1117601929729472,3.7223185441776767,5.175337664596353,0.43036627288432583,0.40751943389574685,0.4138624966144562,0.004666108831426926,0.11822452147801715,0.1620510220527649,0.012719303531852428,0.04821319504429716,0.0670333721528404,0.005574303437172141,0.2899381721809245,0.3917521888146628,0.02906217105963417,0.6398548475217513,1.4975832672523914,0.5130594628906469,5.438865921071178,30.949159591902664,8.269928759431588,0.07282117009162899,0.1704382896423339,0.05839072808307442,0.07044671227360406,0.4008678596826343,0.10711595032740588,0.8674929831852448,0.8892895628938111,0.017350975942046896,0.22123451358292945,1.3685147553468735,0.4026043373714049,-7.086474998786818,-0.04147122239616263,-1.8870272879880345,-0.0244416520536603,-0.11911210570077158,-0.044153800308386115,ADL,False,ADL_045,146
12.645979097325114,16.970035491699324,5.185354087476418,176.41718591185455,178.30525030621232,1.2451826654263303,1.4129134091366207,1.5591969814507358,0.19461706478503535,0.1608021070559819,0.1774504780769348,0.022149152159018266,1.020285180652686,1.0748131300498398,0.0690557343335352,0.6826382647491752,2.808133599705022,0.6606135339729361,37.63175104048675,294.1667484132412,69.48648577680424,3.4409641678269645,3.6057521836879007,0.21897064344994435,0.9869956278888271,1.0385562520115956,0.0493107334159315,3.4045221619877655,3.7361337871925,0.3535503682333674,0.39161231319109596,0.4103666543960571,0.02492080591950169,0.11232887705167133,0.1181969344615936,0.005611999845484438,0.04409694900649893,0.0483921364750621,0.004579348236673863,0.2873532766480275,0.3174906379920066,0.01265070497852759,1.539174422842066,6.046840457282996,1.750664826296256,4.149059010664022,19.1994659938664,4.630827127958991,0.1751717329025268,0.6881842017173767,0.1992412210096113,0.053740535356475,0.2486803823269046,0.05998061930673181,0.8609401150264002,0.8892895628938111,0.020632647907866574,0.265022337822999,0.9944953232594124,0.3323303097398781,-15.420756362860246,-0.5649595795927514,-0.8959668848337041,-0.011604978364704095,0.033760851680354365,-0.027806711811295126,ADL,False,ADL_045,152
13.415781303235573,81.06741898070064,18.980672090367083,175.68975374699943,178.88599381274537,3.8964883439638744,1.1076923698859187,1.5591969814507358,0.4293757445235922,0.12606523931026456,0.1774504780769348,0.04886677696711448,0.84883855070074,1.0725062491146944,0.27442470115098666,0.7576135972500464,2.808133599705022,0.6394295242194892,55.986580830595614,294.1667484132412,79.43874545214793,3.0101596326690494,3.603056567325293,0.7364731300221,0.9456358892443097,1.0385562520115956,0.08865298130722767,2.903686123129374,3.7361337871925,0.8046977778278449,0.3425829271475474,0.4100598692893982,0.08381718959694344,0.10762177109718321,0.1181969344615936,0.010089497416340496,0.037609888498347996,0.0483921364750621,0.010422818588379934,0.36571409409030115,1.203809645003928,0.22588368556494157,2.341459097625011,6.046840457282996,1.8312232828365893,4.768034302753677,19.1994659938664,4.416480854174929,0.26647886137167615,0.6881842017173767,0.2084094895454581,0.06175779022892496,0.2486803823269046,0.057204307021171526,0.7932306654567693,0.8892895628938111,0.18808780813650142,0.41993045445316834,1.7689460166880735,0.4802789163996452,65.83312924930074,-1.3402451888830949,-3.3612230326509938,-0.0435361186145844,0.9160173255769308,-0.7914511635861344,ADL,False,ADL_045,157
9.305905474587506,81.06741898070064,19.575024351643115,174.91221637755055,179.02562757475962,4.738803904520331,1.0367786133900878,1.5591969814507358,0.3774496443197829,0.11799462338288622,0.1774504780769348,0.04295712513001084,0.8226477162212811,1.0725062491146944,0.2606658348170166,0.7925872042179566,2.808133599705022,0.7528273351503277,59.25632098337365,294.1667484132412,78.71855802371657,2.8744813406601497,3.480964052598253,0.6637363589008117,0.9137492318804074,1.007917510873639,0.07870688308703828,2.668348323191082,3.508524623335445,0.6772554615969691,0.32714153130849205,0.3961646556854248,0.07553909839820609,0.10399278601010638,0.1147099733352661,0.008957543015985898,0.03456168423666054,0.0454440370900499,0.008772126640226521,0.36788998369854115,1.203809645003928,0.22512210303974417,2.6786721060848957,6.046840457282996,1.6154052067935776,4.517130788396703,19.1994659938664,4.342283217132857,0.3048566996287077,0.6881842017173767,0.18384747382384997,0.058507971619522564,0.2486803823269046,0.05624326483628628,0.7862568902212937,0.8727684331747192,0.185841364922336,0.3272681997296534,1.7689460166880735,0.47329388342248846,-11.982964395522723,-0.11964553715754511,-0.5647223128489416,-0.0073145451395717,-0.019483055052869902,-0.004952183447647807,ADL,False,ADL_045,162
9.516373448846723,81.06741898070064,19.53170997859597,175.37755383241745,179.02562757475962,5.02148506393899,1.1459636891371519,1.603119502153715,0.43426216878408974,0.13042085568110146,0.1824492514133453,0.049422895489294565,0.8730862143111019,1.1336268755327104,0.2902037218172078,0.584751883188806,2.241358917643123,0.5374165128318521,81.21343844344192,426.8840006616998,115.14444066035863,2.9451654783358445,3.4691058544863136,0.6936719578141701,0.864736079567088,0.9902886407408352,0.11234240060503102,2.564796920580345,3.165270217516691,0.654181918281614,0.33518601457277936,0.3948150873184204,0.07894603568829257,0.09841465353965756,0.112703651189804,0.012785563936331372,0.033220438474931974,0.0409980469306532,0.008473267412832807,0.3472503973430526,1.203809645003928,0.23435215618451904,2.1523031264094965,5.29159455861917,1.251114402237812,6.0989611170520694,32.95158767041023,8.147293381317043,0.24495123021113568,0.602230504155159,0.14238794164382662,0.07899657119994727,0.4268042362622992,0.10552752006970645,0.7719724485456031,0.8901635304090868,0.18813459285560766,0.6282648426795757,6.545020467299611,1.6424713306506398,8.25192872518961,0.6642501232307706,0.27129009154529804,0.003513875006135002,-0.07943094334603579,-0.011484136604178019,ADL,False,ADL_045,167
6.709123170667341,19.545730133732004,5.98292606430176,175.40850343191843,179.02562757475962,3.6280072318362784,1.490405667143396,1.7032030974873,0.16623839604380802,0.16962141493956245,0.1938396543264389,0.01891940736395572,1.0864748873670105,1.1861898234263428,0.0936595276555559,0.49017480570804717,2.241358917643123,0.6207262434450429,97.56380482591929,426.8840006616998,138.50345919915966,3.3783925330713886,3.738315808915385,0.2180906896607489,0.8856125555305981,1.0094627636573714,0.10402241493728012,2.9935917351785295,3.5749891672428564,0.42055936991238463,0.3844911048809687,0.4254535734653473,0.024820659355317697,0.10079058210055031,0.1148858368396759,0.01183867560092558,0.03877438765602567,0.0463049166684381,0.00544727988447102,0.2631457543953376,0.2977578717870125,0.034199364318798595,1.7488685942253888,4.032045292984319,1.078821189095986,7.74613823245714,32.95158767041023,8.16583883212113,0.19903679383106718,0.458882600069046,0.12277944226552391,0.10033157264998348,0.4268042362622992,0.10576772934416534,0.8418767616868783,0.9237828395173088,0.06200058866020261,0.6350065327609988,6.545020467299611,1.643852752871011,15.426795907044763,0.5851124149782252,1.0297773016975644,0.0133381529038114,-0.04194538784245222,0.04472075206143411,ADL,False,ADL_045,247
12.019692895896656,19.545730133732004,6.83088357374082,175.43986210112027,178.87371019672491,2.4650887645803414,1.6328972905544485,1.7332517306523472,0.08767297825338678,0.18583822846412656,0.1972594559192657,0.009977964356380951,1.1578306509264047,1.2068367940436255,0.037330629077133186,0.32682266586812053,1.6510558568965277,0.4156213410837543,96.28158084869487,426.8840006616998,138.78502430927583,3.599630467035034,3.833014718095455,0.17848650419859544,0.9289142342887332,1.120919979865767,0.13144743655037686,3.357833988396169,4.296502780632745,0.5836287772010245,0.4096699486176173,0.4362311512231827,0.02031335096021818,0.1057186981042226,0.1275706589221954,0.014959886874684088,0.0434922221426053,0.0556502954039292,0.007559430428830737,0.25761654123748984,0.2924375440106624,0.031511346063601835,1.3416887079426312,4.032045292984319,1.1590054780915022,9.157793562570335,32.95158767041023,8.221930679853307,0.15269610285758972,0.458882600069046,0.13190512720834283,0.11861598677475713,0.4268042362622992,0.10649425695404346,0.8532935090136221,0.9237828395173088,0.06359508384051843,0.6637405783431269,6.545020467299611,1.639272510662127,15.973296717724287,0.2609022240121397,1.1279929729552545,0.014610287799993404,0.011680384350436057,0.020101168916833334,ADL,False,ADL_045,254
15.469176282607277,19.545730133732004,5.523234937128744,175.89167476089358,179.11240183636502,2.3270193173379257,1.6933638620872027,1.7332517306523472,0.05500643059831213,0.1927198618650436,0.1972594559192657,0.006260220820780646,1.184304611538684,1.2068367940436255,0.014580701950204262,0.2588469932930878,1.6510558568965277,0.393414517136247,54.590189990835256,399.4608950092208,97.67882809315631,3.7457456615250617,3.856274163614773,0.12141589150640653,1.0354970128705625,1.1866535825654705,0.08500049195180795,3.8851404624065586,4.576061551608132,0.40848372001367,0.42629915674527485,0.4388782829046249,0.013818207866143059,0.11784876585006711,0.1350517272949218,0.00967381165629811,0.05032213999564596,0.0592712701784989,0.005290870470031185,0.2762831319275095,0.3077195314417943,0.018439097831658677,0.9408489312731624,4.032045292984319,0.9697889081794326,6.851020085548387,18.87291730297539,5.296919796001605,0.1070769727230072,0.458882600069046,0.11037059937739903,0.08873758753226554,0.2444507723301958,0.06860816027099108,0.8861422808559974,0.9237828395173088,0.024962182994454785,0.24718666586824042,1.4319002992125895,0.46146157246955116,13.493645417267494,0.1633979779277952,0.8214450709337706,0.010639737290902798,0.004006460356210828,-0.006974293829332012,ADL,False,ADL_045,259
12.316429561891045,21.83503616126444,6.02569991856981,175.990589231529,178.96708159639974,2.573401898080692,1.2619215153999088,1.4148238317884476,0.05541116987639069,0.14688422977924345,0.1646816432476043,0.006449709359207771,0.9554149839667868,1.0219989146765454,0.03948286232910125,0.795292736806193,2.716264842033373,0.8611690588138887,123.99941271580253,348.19708798850894,106.55346691802723,2.914730572432084,3.145879973370904,0.15394644981809025,0.8864994961486669,1.0330351212112914,0.08292068957859489,2.5911603246747634,3.061464683732985,0.33863530973273687,0.3392667055130005,0.3661718666553497,0.01791894775770838,0.1031861285368601,0.1202424764633178,0.009651742578979501,0.03510588580230035,0.0414777227605149,0.004587941702756766,0.30413830981289164,0.3491646883145184,0.023653251724350382,1.7869266891261637,5.206195723887523,1.3747521392465138,4.480702117221622,16.347390813634192,4.964629377770065,0.20799340307712555,0.605987012386322,0.16001740730016736,0.06070601473147039,0.2214797863351236,0.06726241920542594,0.9191062154843864,0.9827352429460186,0.0374559788382902,0.3867023549591838,2.381419763071313,0.6668169865530933,3.167989564867323,-0.10924726856176381,0.03716346665589754,0.0005035027759632063,-0.060884488022116934,-0.01759994202704085,ADL,False,ADL_046,88
15.636615443687804,21.83503616126444,4.604057834250118,175.82044242302695,178.96708159639974,2.586573503630757,1.2492231760462125,1.3055765632266838,0.031541478374316735,0.14540617763996125,0.1519655585289001,0.0036713422352910416,0.9425213546111741,1.0109920246856583,0.03236851192233136,0.8821511272485978,2.716264842033373,0.8818732061307922,108.06116795495481,348.19708798850894,105.41044212607042,3.018983206593818,3.157139318490569,0.1290039779410153,0.9306551783702678,1.1248243238950717,0.1057648842244275,2.8187430693392845,3.4969915784786973,0.40015885476604823,0.351401428381602,0.3674824237823486,0.015015711917963175,0.10832572976748144,0.1309264898300171,0.012310744659958288,0.03818925110728954,0.047378383281277,0.005421482771414183,0.30779424418705836,0.3618042065236285,0.028121044328821586,1.7924257814469728,5.206195723887523,1.4149258125633446,5.281132333619414,16.347390813634192,5.006326001605865,0.20863348245620728,0.605987012386322,0.16469351353223813,0.07155050455403607,0.2214797863351236,0.06782733867443057,0.9035645811615809,0.9579731883766708,0.025098777767645727,0.2844602557663076,1.3634593714819232,0.40628401418174603,-3.218897495752561,0.10615302897629175,1.1931461180570229,0.0161651330359982,0.07170715284661111,0.03867106895291217,ADL,False,ADL_046,98
16.70593641902756,20.776013485628507,3.03808998120228,173.97727345237976,178.7989450476179,3.4558988431990914,1.2372803671277777,1.3055765632266838,0.05389998088591139,0.14401606718699136,0.1519655585289001,0.0062738110737687825,0.9125230453499299,0.9878806025770394,0.05410536407634275,1.2330573339205302,3.340173383489184,1.0766759592937623,67.93742352845935,322.0075165502521,82.40030540790033,3.1079833689958822,3.2231696487294634,0.06191117688791524,1.031799183516268,1.286352847685364,0.1318174116490978,3.211806840071647,4.135059473126115,0.45441284516045516,0.36176080505053204,0.3751681745052337,0.007206292484066307,0.12009861667950945,0.1497279703617096,0.015343187944168892,0.04351460736446514,0.056023135375657,0.006156533541128401,0.3315976046042753,0.4001633439947174,0.03845040311049219,1.544092038122062,5.206195723887523,1.628712117876017,5.867192823327872,16.347390813634192,4.689286489481179,0.17972811063130698,0.605987012386322,0.18957765760141235,0.07949064335171067,0.2214797863351236,0.06353198388627662,0.907024753655212,0.9579731883766708,0.016362658940338264,0.16460294990643184,1.024213614483126,0.28217325839405694,-3.3690498352898004,-0.023231376700740825,0.9401262496894036,0.012737137276707798,0.0743012307463064,0.018716943529387797,ADL,False,ADL_046,108
16.682667463379182,19.5519548125385,2.808403983776316,169.48187300094693,178.7989450476179,6.552620215036093,1.2172670678731772,1.2793063795321342,0.05254420221092522,0.1416865736246109,0.1489077806472778,0.006116002126067822,0.913300066049365,0.9497050856391888,0.052578002189511155,0.8549970732270021,3.340173383489184,0.9738748629145093,79.97273069234399,376.9662868520783,107.74186013998622,3.0896178814072193,3.2231696487294634,0.08340081939373285,1.124600937805125,1.286352847685364,0.1116980879924893,3.4758310407881776,4.135059473126115,0.3742967997155596,0.35962311228116356,0.3751681745052337,0.00970762838267646,0.13090048829714457,0.1497279703617096,0.01300135342996478,0.04709169341010054,0.056023135375657,0.005071095208526031,0.36414248916813124,0.4078220528644597,0.03616333858995088,1.3325069879206333,7.12552552656931,1.9368391355356218,5.679753494872821,18.11637252852996,4.846924156079456,0.15510018666585285,0.8293917775154114,0.2254428038175489,0.07695115415185617,0.2454465279829154,0.065667710444391,0.9073185140923379,0.9611866004585043,0.015602244354312875,0.23883600846889427,1.743698103639264,0.4377787022552483,1.2379549721500993,-0.06574523005036159,0.87901406546038,0.011909169458490097,0.1254146177151984,-0.006877527623056157,ADL,False,ADL_046,113
17.590045525193354,21.22437721340541,3.1570365613276494,163.96292011445408,171.72345270059722,5.4990371792040165,1.1945516452750435,1.2721299712390923,0.04468592793302063,0.13904256025950115,0.1480724662542343,0.005201320388243368,0.9079709840789697,0.9461371726376532,0.05045053985055234,0.6743556990787175,3.340173383489184,0.9863727974091246,76.95618783819128,376.9662868520783,107.3001877427298,3.0568422414124896,3.2231696487294634,0.0912304829689775,1.1567821731379608,1.286352847685364,0.0839985917609002,3.539399278569052,4.135059473126115,0.3194637609139273,0.3558081169923147,0.3751681745052337,0.010618979912581993,0.13464629650115964,0.1497279703617096,0.009777207459238022,0.047952936643465095,0.056023135375657,0.004328199301996276,0.3784128339381161,0.4094950479234235,0.02500326571515355,0.9448229636111212,7.12552552656931,1.8688693771050395,6.463359770551736,18.11637252852996,4.9602689032538905,0.10997482140858965,0.8293917775154114,0.2175313089317568,0.08756770773443036,0.2454465279829154,0.0672033420734743,0.9022775248600369,0.9611866004585043,0.017539092007375825,0.21498952006680103,1.743698103639264,0.42834717063898936,2.248496301976431,-0.11316134721655224,-0.42542201196290375,-0.005763756270708298,-0.017604642711810392,-0.012491646122091082,ADL,False,ADL_046,118
16.88992389067692,21.22437721340541,3.5429802862075137,164.8837693487935,174.54995973840607,6.568350465866081,1.1813375054425508,1.2217203661032243,0.022519677258308446,0.13750447034835814,0.1422049254179,0.002621229140320614,0.9378741063202256,1.032562215914281,0.032575496049523,0.2850103186039663,1.5593623302437638,0.38190061520966323,83.82123487275507,376.9662868520783,104.90522574112413,3.0271473050385853,3.214341912492152,0.06229008938965639,1.0552881617434422,1.2292119592477115,0.15150239798210824,3.193011523622604,3.951107519946514,0.4566572672899462,0.3523517072200775,0.3741406500339508,0.007250396867970355,0.12283266981442767,0.1430769264698028,0.01763446677605636,0.043259962282648015,0.0535308942742718,0.006186941704691178,0.3489265400555596,0.4094950479234235,0.05155201343394057,0.974729252209806,7.12552552656931,1.7499136827391464,6.605136003291794,18.11637252852996,4.769763856416893,0.11345583200454709,0.8293917775154114,0.20368518987319387,0.08948853840965217,0.2454465279829154,0.06462231752036757,0.9061670894962395,0.9611866004585043,0.019683223812263975,0.20360243309870557,1.743698103639264,0.431597827029892,-7.4071706408102695,-0.03887770577220362,-1.1465817064950272,-0.015534263190091699,-0.0934579994545145,0.041150948004501475,ADL,False,ADL_046,125
15.118620121687135,21.22437721340541,4.19405136503663,167.54008500304448,176.36992496279248,6.720154235974988,1.1728245273238769,1.226308213187402,0.028954244625017077,0.13651358286539714,0.142738938331604,0.0033701952686318146,0.9852261452880774,1.0989069628855683,0.07036697567155772,0.3562835734594698,1.8566397661650296,0.5473887851000646,46.6507592592173,102.73063191967331,28.83837100865278,3.0278181119422922,3.1153971687496047,0.04153404442699043,1.00207321513262,1.339107264250587,0.1743924801747661,3.0299903238416634,3.94882132808872,0.502700983310591,0.3524297873179118,0.3626237511634826,0.004834449726726493,0.11663859486579892,0.1558684408664703,0.020298810042591948,0.04105129785985427,0.0534999202007968,0.0068107569974547345,0.33146807526452116,0.454110959145231,0.06065268805256063,0.7842864229045955,3.006064638972949,0.9021543929115565,10.541505004297699,42.03970719081013,10.825533217490818,0.09128880500793453,0.3498977422714233,0.10500831591161289,0.14281975041884104,0.5695676742765698,0.14666785735457874,0.9101735659684633,0.9497174988309636,0.024456448427570616,0.23034058151591585,2.091934918884666,0.5245959422401983,-6.35652057410757,-0.07754315464607409,0.4612209956118525,0.006248772585542503,0.0667614268024303,0.03531400318948641,ADL,False,ADL_046,130
13.83460876372946,18.341210229000325,3.119886654115545,169.66324608749426,176.36992496279248,3.909112512935382,1.1148804594657045,1.226308213187402,0.08526475931539886,0.12976905107498166,0.142738938331604,0.009924585916411786,1.005961493521881,1.0989069628855683,0.06310111756952394,0.4648477281433653,1.8566397661650296,0.5285619900230594,45.30642200986085,102.73063191967331,29.194524607896874,2.9722419502930033,3.1153971687496047,0.11656878453802431,1.096439730348465,1.4213182783822007,0.25658987366285935,3.2345372936820325,4.040948889313936,0.6566526080648137,0.3459608733654022,0.3626237511634826,0.013568289251130027,0.12762260039647416,0.1654375791549682,0.029866362925255824,0.04382256696892568,0.0547480944696054,0.008896543857586097,0.37232262816579365,0.5237485192652698,0.10021984995652015,1.2041694858396612,3.006064638972949,0.8501933779063764,9.201199370491318,42.03970719081013,11.189736928274645,0.1401620507240295,0.3498977422714233,0.09896019518901401,0.12466085223237221,0.5695676742765698,0.15160220809999467,0.9173069624015614,0.9497174988309636,0.020949250192115014,0.2474067070462471,2.091934918884666,0.5191476193837105,0.520458166773583,-0.24372046296542138,1.1973338444021921,0.016221869719346103,0.23816027820496,-0.002891434259853276,ADL,False,ADL_046,135
17.71836196147443,31.45733582017841,7.318977286151426,167.06315996600654,176.36992496279248,3.5314579650914326,0.9910678357758705,1.226308213187402,0.16555481270898745,0.11535759866237637,0.142738938331604,0.019270129603345607,0.9644365593144706,1.0989069628855683,0.10491165740939622,0.4946461386883749,1.8566397661650296,0.4796024894681711,54.80505470904164,102.73063191967331,33.20758390790071,2.847819124292751,3.0932891661639865,0.15298582595928537,1.3463717757990166,1.6677861751806309,0.2743800812130039,3.797394317294242,4.512741076942095,0.6314703683214253,0.33147839506467186,0.3600504398345947,0.017807133755105047,0.15671401023864742,0.1941257715225219,0.03193709466389946,0.051448337634595734,0.0611400890148949,0.008555366654362094,0.47862055908765533,0.6268868370916996,0.11728759548947314,1.2334368700793126,3.006064638972949,0.7742770995527748,8.329421103545132,42.03970719081013,11.388883310577556,0.1435686945915222,0.3498977422714233,0.09012374701248742,0.11284971573383015,0.5695676742765698,0.1543003082864217,0.8957305557474226,0.9497174988309636,0.03924291444559076,0.38842327914510943,2.091934918884666,0.49625936062837783,19.637451165557742,-0.45580658282914066,1.5775990760026688,0.021373827191073502,0.3096147594753875,-0.10909695091976535,ADL,False,ADL_046,140
27.586648228119085,44.086142040015886,10.259217540052408,167.5043465275121,179.13382257857893,3.8018576741445056,0.7432675682026321,1.085790817974936,0.25386348822957616,0.08651432196299232,0.1263830959796905,0.029549019081314597,0.7892892932478063,1.049401177835486,0.1934749541800918,0.509337695776865,1.3144398889801217,0.3667317168817995,63.221874864533746,150.17396036651186,40.628788387078856,2.7467158294565635,2.9179214413944337,0.08178504434671643,1.5824471583638338,1.858041327397208,0.15800896078181692,4.3397652862520255,5.241384586280752,0.3905018186862544,0.31971024672190346,0.3396381139755249,0.009519556564911864,0.18419254223505652,0.2162709534168243,0.01839181297681642,0.05879655654540546,0.0710119890999045,0.005290646094664545,0.5774890590126228,0.6586631839914237,0.06654993953676025,1.3487817237240725,4.123339888814392,0.9339249223436223,5.255453036319125,22.940167670339324,5.550232855978378,0.15699452161788938,0.4799455404281616,0.10870631906661031,0.07120259305279747,0.3108008789929428,0.07519636626213358,0.8467408431771162,0.9282320735207594,0.05699565300029115,0.3512326381362984,0.834299779813954,0.22571549103932737,31.167915273752584,-0.824413602336469,1.384232452475941,0.01875403306299,0.20564222053861647,-0.17315508485418096,ADL,False,ADL_046,145
36.760543322771156,57.62925562929399,11.263042913433122,168.98606027193514,179.13382257857893,4.896747998786297,0.5358781720315355,0.933618752370156,0.30295016827339244,0.0623747607072194,0.1086706817150116,0.03526257503758279,0.6452109493132191,0.9651268679074692,0.23827064935567513,0.556222961598147,1.7672038242201882,0.5000064401488263,80.16743109449706,267.47393075023945,64.79271903770548,2.721804840961087,3.099933139933405,0.17298070748059233,1.6834842584069587,2.084043972224864,0.1762107904725463,4.558945179818524,5.241384586280752,0.3221856064385936,0.316810675462087,0.360823780298233,0.020134483543458297,0.1959529856840769,0.2425770461559295,0.020510456412298598,0.06176607728112901,0.0710119890999045,0.004365075753542128,0.623930668906128,0.8487861069550239,0.09600931999443103,1.6472573570908868,5.835676969073402,1.7777567782133268,8.015360593426545,22.940167670339324,6.6883384613946095,0.19173627297083534,0.6792569160461426,0.2069260504049196,0.10859472143716532,0.3108008789929428,0.09061579246831211,0.795774759317938,0.8829624636203435,0.06257246063018398,0.43653383778104066,1.4859662819457742,0.3697670582422383,5.186085634466856,0.05091297915531667,0.32078801160237624,0.0043461406825428955,-0.09190265245714435,-0.028811586858149107,ADL,False,ADL_046,150
32.98887617628184,57.62925562929399,15.103930147686663,169.36416859020215,179.13382257857893,4.78659791573381,0.6222954658403836,1.122428048489161,0.38830693608912575,0.0724334985017776,0.1306475698947906,0.04519787049301092,0.6960436429581771,1.0055757612027387,0.28447369544148476,0.6358889412672374,2.1611836083283893,0.6247286714607362,82.33012769813153,267.47393075023945,72.92669070716144,2.8305084689957085,3.099933139933405,0.21492191608899855,1.4669399243512524,2.084043972224864,0.3970034978723165,4.084195189598603,5.241384586280752,0.8994628899952448,0.32946348190307617,0.360823780298233,0.025016326072709445,0.17074781457583108,0.2425770461559295,0.046210126614856,0.05533400946093508,0.0710119890999045,0.012186216807539119,0.5301014241999503,0.8487861069550239,0.17642972329856796,1.7176779997974745,5.835676969073402,1.8451344950188913,10.48329560900069,25.10939078153657,8.582551232588784,0.1999330441157023,0.6792569160461426,0.21476863325693862,0.14203111053250972,0.3401902217118113,0.11627920534074734,0.8167284656873232,0.9330257317232796,0.08391072304270368,0.2907991089901729,1.4859662819457742,0.4194875024014956,-22.905232455099313,0.5494477205498862,-1.8649114341178996,-0.025266428794121304,-0.3258871482168529,0.12725129141721847,ADL,False,ADL_046,155
23.714821758888988,57.62925562929399,16.375643865273336,170.03868424958495,177.8732990668138,4.805597409599229,0.8758676872260527,1.2423843048690606,0.421225312609607,0.10194861491521197,0.1446101516485214,0.04902947992496655,0.8576151046035362,1.0662869950189282,0.28657073864881827,0.5913083355854748,2.1611836083283893,0.6603196490713492,65.62236014372549,267.47393075023945,72.2434700938785,2.9522598622759264,3.1194310739766724,0.2244357569775581,1.1678394858773542,2.084043972224864,0.4161751595918983,3.369976886576792,5.116983001279444,0.9356271697804247,0.3436350127061208,0.3630932867527008,0.026123711258004022,0.13593333760897316,0.2425770461559295,0.04844165585887287,0.04565754677932019,0.0693265558231237,0.012676182273655268,0.40836221509697773,0.8487861069550239,0.18602151746385803,1.5236613685779876,5.835676969073402,1.7440839050955883,10.825926586973605,25.10939078153657,8.010824302167807,0.17735003630320229,0.6792569160461426,0.2030066196225812,0.14667318685272257,0.3401902217118113,0.10853326228260102,0.8630090733670188,0.9383652636282148,0.08901732241881441,0.3255360233936493,2.352756992126057,0.6617674949147624,-41.944320757727276,1.1904533119287346,-2.7673775585472713,-0.0374933344019936,-0.4718374049857406,0.15439525128896037,ADL,False,ADL_046,160
12.38897505515696,19.7229329641957,3.0299640600575577,170.62376425057352,177.8732990668138,4.329385107595393,1.17380996432638,1.3055334205398692,0.10680761131061829,0.13662828505039212,0.1519605368375778,0.012432115254766285,1.01728384147321,1.0662869950189282,0.029032190686785447,0.49714995076171664,2.1611836083283893,0.6141657697032429,45.417861208933424,195.89727655827969,47.893947310961536,3.0788692330419765,3.2085674494908147,0.07350014867817822,0.8403623569484399,1.1728563445219866,0.14005429431846278,2.5837192577183763,3.611692670049035,0.41502853181315474,0.35837199886639914,0.3734685182571411,0.008555217258367123,0.0978158911069234,0.1365172863006591,0.016301938668288402,0.035005071798500334,0.0489323911069305,0.005622942009332345,0.27348165223718696,0.380870769685575,0.04798798131782682,1.275412015933039,3.204362253714912,0.9116392010651804,7.778592240260347,25.10939078153657,8.285090294316095,0.148454487323761,0.3729790449142456,0.1061123217655803,0.10538690651012315,0.3401902217118113,0.11224910746135158,0.9132614464483749,0.9394861902235814,0.02421787693991764,0.17505698351278154,2.352756992126057,0.5859677828842994,-12.480439013310617,0.3476508114417969,-1.3053925932707107,-0.0176858849180945,-0.15593716493751428,0.049058040024668625,ADL,False,ADL_046,224
16.132664761404193,21.590922991375404,4.943355470921147,177.1356104724411,178.99937095621075,1.6769484510171315,1.4264760942385961,1.5355984173522768,0.06579782820342102,0.14980046451091764,0.1612598747014999,0.006909716376244721,0.989413615909229,1.066736732842288,0.04534258857023142,0.7068395380265332,2.793521993029099,0.7216217966383539,112.95062452043824,318.8252018565833,103.30978847125765,3.0975817179562237,3.408978150184624,0.15515810178156358,0.9607177034398106,1.2615165350275372,0.14130300048650937,2.9862764134694664,4.103305779328053,0.5300863807204748,0.32529054085413617,0.3579916357994079,0.016293827715294903,0.10088914831479387,0.1324773430824279,0.014838843213116615,0.032932699276872354,0.0452513152038278,0.005845800237477439,0.30984541846225816,0.3878383417439695,0.040471055768178645,4.374758320720812,11.64536005117994,4.326668942523844,16.36583218337067,56.54451316518185,16.44749519905096,0.459412415822347,1.2229299545288086,0.4543623408711843,0.18048263291358485,0.623573705175744,0.1813832138260923,0.8781686262056055,0.9833711437973288,0.04623715254887579,0.7161088004272634,4.9209647662582805,1.2753613488901083,15.785557242818617,0.19034014687285383,-0.6219698278855663,-0.006859092215527995,-0.12420037831160538,-0.15518830286927432,ADL,False,ADL_047,77
17.559157558697766,21.590922991375404,3.9531355791612808,176.62556908123997,178.93138147617913,2.2943446079938763,1.4548176818776624,1.5357963628636804,0.06246535553752849,0.15277673800786337,0.1612806618213653,0.006559758914400874,0.9940671469715563,1.0523806459424865,0.044956055414611,0.48088395632914555,1.2726449039718584,0.3318972132139289,116.56682935107172,384.9230932518579,128.7691084123391,3.1859699274882867,3.408978150184624,0.15294315806182066,0.9190031819236514,1.2615165350275372,0.15686275093851731,2.9299109816049724,4.103305779328053,0.5343682153613883,0.334572571516037,0.3579916357994079,0.016061226833006623,0.09650852481524147,0.1324773430824279,0.01647284034408774,0.03231110048285859,0.0452513152038278,0.0058930203715368565,0.28891483342501684,0.3878383417439695,0.049489466532989274,3.31901997969851,11.64536005117994,3.529671646656846,15.573166968841004,56.54451316518185,15.440806722620527,0.3485447367032369,1.2229299545288086,0.3706661852769693,0.17174110951688942,0.623573705175744,0.17028143881616978,0.866771666655587,0.9536191949226898,0.050727439732377644,0.7998788334362802,4.881590947837567,1.3974229752759422,1.990150255733468,0.1135990133927256,-0.19890603126786965,-0.002193538576186399,-0.08059876146373743,-0.04498730290699937,ADL,False,ADL_047,86
15.369635313709797,20.892981606244597,5.194296631149178,175.75491596593253,178.8969667142146,2.5384479268476907,1.48664501192951,1.5357963628636804,0.041403952077318895,0.15611906449000038,0.1612806618213653,0.004348009250782945,1.0180236148238295,1.0523806459424865,0.02542507428754387,0.4674497137371464,1.2726449039718584,0.35981810669558056,176.44142161432907,384.9230932518579,153.9537220567442,3.273318433542817,3.408978150184624,0.11092007429217922,0.8279244269983577,1.0720569973616867,0.16652833871010317,2.708166621324666,3.654618879758525,0.552554416014695,0.3437454183896383,0.3579916357994079,0.011648199867957069,0.08694394826889035,0.1125813722610473,0.017487865793026264,0.029865700485552402,0.0403031896162744,0.00609357805414213,0.25343211995542075,0.3288487631688161,0.0520852867324257,2.7747172167445777,11.64536005117994,2.8624939686720796,17.520359956379362,59.48587941842883,15.615993431489752,0.29138513406117755,1.2229299545288086,0.3006029528981751,0.19321478181440233,0.6560111345591757,0.17221340036349092,0.8567806709306236,0.9536191949226898,0.06926127768587122,1.197969264417418,4.881590947837567,1.757413444200393,-3.165500868887662,0.1109334890689162,0.3385189497943548,0.003733191851503101,-0.02793341393062132,0.017586115938264535,ADL,False,ADL_047,91
15.333893618069546,19.23069710236866,4.68500292872621,176.34798738984458,179.0181929420795,2.654810764050394,1.5115030518204842,1.6021857265277393,0.040898319255048034,0.15872951547304787,0.1682524979114532,0.004294910546953238,1.0342148670940368,1.0896852157976629,0.021507767261132408,0.40587854450273314,1.2726449039718584,0.38741264260307495,146.64198678240697,384.9230932518579,156.77646052895014,3.381966955037183,3.5596920179137115,0.10091935582257057,0.9590593126343558,1.4117473873295152,0.2882635333010622,3.2666681131738016,4.991965801802999,1.069095594125903,0.3551550726095835,0.3738187551498413,0.010597980885500232,0.10071499347686765,0.1482537388801574,0.030271808524843572,0.03602486297760824,0.0550514707244431,0.011790001602253755,0.28184860136691225,0.3992465889269607,0.07769775567631317,1.7785944824976576,4.2995127282502565,1.1614890389753902,18.1243464571608,59.48587941842883,13.634059100444922,0.1867779493331909,0.4515105485916137,0.12197302027393844,0.19987555363974607,0.6560111345591757,0.15035660002966741,0.8679437835284257,0.9536191949226898,0.07126730885811469,1.0810436473087182,4.881590947837567,1.7869593999460427,-1.728829095100707,0.07242265771378231,1.7885344364247047,0.019723983511852297,0.10771063280317278,0.009604606083892797,ADL,False,ADL_047,104
15.039593086314644,18.626933167480537,4.961901556108082,176.9254726335441,179.0181929420795,2.201225351589858,1.5408436281231703,1.608740064246189,0.052488155096072214,0.16181069711844123,0.1689407974481582,0.005512009662460958,1.0602745710408326,1.1428435893073814,0.044676116468764626,0.3478993818859024,0.9628410226082024,0.32371208475372626,126.81401207450108,443.9269977294615,160.0798732837015,3.4670125578091775,3.620312156773009,0.11964371231255619,1.1217954967786186,1.4143091853674208,0.30315408417171347,3.919042909235931,5.090023534170964,1.1486053214976513,0.3640860815842946,0.3801847398281097,0.012564307072946803,0.11780462861061093,0.1485227644443512,0.03183553009456089,0.04321926161988409,0.0561328528085933,0.01266683602029671,0.32144540368005986,0.3992465889269607,0.07989114883343906,1.6688131923911782,5.21996361316909,1.485113437450944,15.642951258433488,59.48587941842883,14.069535360795793,0.17524933815002441,0.5481711030006409,0.1559582271866283,0.17251069166709954,0.6560111345591757,0.15515903849774296,0.8848254377987429,0.978725741241675,0.06448744346216821,0.5413016075242364,4.512151803339801,1.3047141263537851,-13.940820454176352,0.09926846784923415,1.3276579484098288,0.014641430967447602,0.1020020967164729,0.15593527773391314,ADL,False,ADL_047,109
16.394586165904535,18.626933167480537,3.4500871137614157,175.68630739176706,179.0181929420795,3.0343106502679094,1.57706134704902,1.6426348630339638,0.03328453612021245,0.16561407744884488,0.1725002378225326,0.003495354035007225,1.09085657077733,1.1428435893073814,0.033137256113964106,0.32896500686751134,1.944348519786388,0.477991444778581,70.97046830639583,443.9269977294615,141.49705472595377,3.532937201225054,3.620312156773009,0.057234781540370525,1.217720411891626,1.4143091853674208,0.16111450309816103,4.307236080196665,5.090023534170964,0.61044197429529,0.3710091153780619,0.3801847398281097,0.00601047356878756,0.1278781215349833,0.1485227644443512,0.01691933534745471,0.04750026149749841,0.0561328528085933,0.006731962880184547,0.3443572555770624,0.3992465889269607,0.04279069186208633,1.2952776673839566,5.21996361316909,1.2767274445605077,11.653797006038532,25.57638975124565,7.568057289161728,0.13602274656295774,0.5481711030006409,0.13407470690988774,0.1285182411455654,0.2820567943632746,0.08346064473132334,0.9089189657449748,0.978725741241675,0.019167150632007843,0.1897143344186429,2.3202815827595336,0.5724373787271951,-2.4661247380021027,0.046942174969530015,-0.4616158601704674,-0.0050907063511803005,-0.05928386023853982,0.013700692988900642,ADL,False,ADL_047,114
15.51983934537673,18.626933167480537,3.357634105076982,174.90168720928875,178.6150160648104,3.036487248327012,1.5744869580684295,1.6426348630339638,0.030752001068789652,0.1653437296549479,0.1725002378225326,0.003229401504414125,1.1139137180141623,1.1446668164586524,0.014821948878349115,0.33609132907088407,1.944348519786388,0.47587939900439014,69.73024682435388,443.9269977294615,141.89006654207446,3.5497485597874245,3.620312156773009,0.05270000871619756,1.1078910283571883,1.4143091853674208,0.18213971488612388,3.9388515433015754,5.090023534170964,0.6876481067908019,0.37277454932530724,0.3801847398281097,0.0055342573333692045,0.11634445985158282,0.1485227644443512,0.019127284366017395,0.04343771152151644,0.0561328528085933,0.007583393220770815,0.311688332721321,0.3929775895640434,0.0483138449695581,1.0725451210600585,5.21996361316909,1.2977879338775895,11.034214976407311,25.57638975124565,8.330020395865397,0.11263263225555417,0.5481711030006409,0.13628636057535623,0.12168548160355994,0.2820567943632746,0.09186358484093952,0.9137786703034627,0.978725741241675,0.018653522805983203,0.1795137415790575,2.3202815827595336,0.5739545097182989,-2.445317340440017,-0.0635717263737805,-0.9203810405416561,-0.010149975364496903,-0.07263863368272977,0.013585096335777647,ADL,False,ADL_047,119
13.108215885145166,17.751056073055704,4.607824137195951,173.69639624659266,178.810047276219,2.552321463234574,1.5455423200873584,1.6426348630339638,0.04683508067720706,0.16230412721633908,0.1725002378225326,0.0049183557083000125,1.1242708988138648,1.1620821902587108,0.020497810869363267,0.3293523841048816,1.944348519786388,0.469742053237619,78.47631371103975,417.6506848967165,119.18711108060624,3.5488466093582596,3.683897363307064,0.05184390523721076,0.9559859496088434,1.164921679598277,0.15288995161101726,3.396718352236866,4.291451903931329,0.5728816355571927,0.37267983158429463,0.3868620991706848,0.005444354180179609,0.10039224624633786,0.1223334968090057,0.016055639391985,0.03745905888614214,0.0473261933744222,0.006317746923878559,0.2691187251532067,0.3203389558813136,0.04106002321027873,1.161175330213277,4.530704571784057,1.2039268857861058,12.5349160318792,28.508068018308776,9.444505274368728,0.12194007635116574,0.4757890105247497,0.12642960331151268,0.138235234446741,0.3143873844956069,0.10415414012471187,0.914730389598138,0.9746421049639662,0.019081849606972113,0.36143549929488317,2.3202815827595336,0.7414509297513852,-7.915669743756252,-0.0580630234033821,-0.5602851743656072,-0.006178832968524596,-0.06320942654193587,0.017308202411011386,ADL,False,ADL_047,124
8.21404160787105,15.266860504911175,5.940547977844625,174.7981967407711,178.810047276219,2.3560634895523247,1.5225451382792852,1.587725913342034,0.03172875443842454,0.15988909304141996,0.1667340099811554,0.00333197462784388,1.1541652779396856,1.2154352456620825,0.03530079331714135,0.30184916783729154,1.0882788803399428,0.2701049920673229,71.4705490440568,302.8697379279063,87.24540303928492,3.5538002135181848,3.683897363307064,0.04906224688166916,0.8914119141951226,1.164921679598277,0.2000398857166538,3.170442800549097,4.291451903931329,0.7292817244098286,0.37320003112157185,0.3868620991706848,0.005152240126916601,0.09361104567845659,0.1223334968090057,0.021007059229450654,0.034963688844765424,0.0473261933744222,0.008042529355212812,0.25068782286663743,0.3203389558813136,0.055167575799379615,1.0135179114559678,4.530704571784057,1.179755266837753,14.214296813436208,38.72819337215712,12.194540642743535,0.1064339280128479,0.4757890105247497,0.12389123637983473,0.15675546988138397,0.4270950740223078,0.13448156975545741,0.9194662639572804,0.9945735249270296,0.05491122144770539,0.47943882428623863,4.021115047225603,1.081613092820219,-13.7770927935305,-0.055962388743298286,0.7187424750308855,0.007926302361343403,0.06459955220441252,0.07653940440850271,ADL,False,ADL_047,129
3.9878818962714084,14.660079037416304,3.7527532881118173,173.73033921469099,178.810047276219,2.7931784883012147,1.452770655686545,1.587725913342034,0.10171660597510383,0.15256177087624864,0.1667340099811554,0.010681703594673714,1.1765766167120972,1.2154352456620825,0.030027836034595943,0.4774885613965816,1.0882788803399428,0.32155398249224637,75.61665436660158,302.8697379279063,84.96384355802873,3.495995772698039,3.683897363307064,0.09034969236402603,0.9170320135607751,1.1741145813199867,0.2040862975711853,3.1989648078314405,4.291451903931329,0.6964524517369728,0.36712973515192665,0.3868620991706848,0.00948801451297635,0.09630152384440098,0.1232988834381103,0.021431990553473196,0.035278229951665456,0.0473261933744222,0.007680487663580687,0.26307265950585573,0.3450818412507205,0.0608078237549808,1.2347071922730386,4.530704571784057,1.1097148015387623,13.855638031506768,38.72819337215712,11.558141765412305,0.12966197729110715,0.4757890105247497,0.116535982212782,0.15280017567117096,0.4270950740223078,0.1274633537749283,0.9429449290217229,0.9945735249270296,0.06324180208217327,0.5053524782905727,4.021115047225603,1.0729144992967692,-11.542834114008336,-0.36805051873962324,-0.6718019424468014,-0.007408641492270697,-0.0022391602083371986,0.06412685618893521,ADL,False,ADL_047,134
6.441744528623571,22.568944555637508,6.741776767590053,173.36966673927787,178.4358091551601,2.6491416346367185,1.2282672514515736,1.5515396292039692,0.3011300382237867,0.1289856910705566,0.1629339307546615,0.03162297621832316,1.0654344169230812,1.2154352456620825,0.19965468964167873,1.1765750653111953,4.421374796098578,1.16951084661856,73.49939289195957,227.68930582371704,66.29465016056635,3.337718012033178,3.5825271256263544,0.23256840746218438,1.0349920621872688,1.2805749275204563,0.21364412588355775,3.4231117415506174,3.995810255395538,0.6237744456096063,0.3505082984765371,0.3762167692184448,0.024423020903827596,0.10868902206420895,0.134478747844696,0.022435699712492235,0.03775012556344192,0.0440658530184414,0.006878993565767256,0.31473123024529887,0.4365897225692465,0.0804048596730964,1.919546443845017,7.399186188690656,2.0897193776964595,12.12942241452902,38.72819337215712,9.918907897773877,0.2015799283981323,0.7770207524299622,0.21945052899290685,0.13376344499729417,0.4270950740223078,0.10938585908491678,0.9417585476597107,0.9945735249270296,0.06280398837759925,0.5258674081804191,4.021115047225603,0.9884020028634756,20.32320175379529,-0.8258373292571183,1.5268511510299296,0.0168381364734405,0.29572862150046886,0.08996291870438755,ADL,False,ADL_047,139
14.33468182499424,34.23350879910819,10.30743868243098,171.7187276452851,177.52223631952037,6.3904225581580985,0.9173414329028299,1.4391729862532072,0.3243975713868105,0.09633401731650032,0.1511338204145431,0.03406640116594178,0.8234528922893827,1.209244588478204,0.30964691794574134,1.7732120673445728,4.421374796098578,1.3255394246847254,103.8845491484635,306.8871337939209,91.04107156929244,3.0679462146662484,3.427293573001766,0.30931062961883204,1.2117727381441112,1.42282552493976,0.1368718008486961,3.682179209164266,3.995810255395538,0.23451270568434976,0.32217838764190676,0.359915018081665,0.032482055733150855,0.12725353042284646,0.1494171023368835,0.01437350364888137,0.04060712532570736,0.0440658530184414,0.0025862094942295005,0.40292467059777637,0.5278194565302319,0.08244229932722422,2.623864101324793,7.399186188690656,2.197810154011165,8.991693204402813,19.285343032123443,5.303495477029193,0.2755433917045593,0.7770207524299622,0.2308016119635131,0.09916052209864287,0.2126790405816336,0.05848702446748279,0.9203628787500319,0.9944435348497056,0.05726354823572768,0.3870807618471052,1.493633555930397,0.4379160679896161,17.096294348907435,-0.696310726069399,0.36290709689837897,0.004002144688847402,0.1975645854412592,-0.09497941304948576,ADL,False,ADL_047,144
42.62779315597883,88.84218244544633,32.04174265231014,151.8824996798118,177.52223631952037,29.23870402251678,0.5478513844020448,1.0063254655190377,0.2642614881503465,0.057532258828480974,0.1056786179542541,0.027751249275858463,0.454923700153223,0.9923560463744868,0.3148298147130355,1.8566435320758603,4.421374796098578,1.2942859350518685,119.8875832163629,306.8871337939209,87.95085669137872,2.6768821865700376,3.393362448729462,0.3957821833389923,1.3802162991718185,1.659292226137307,0.16999279192474268,3.6462371339317894,3.995810255395538,0.3491638496356111,0.2811110516389211,0.356351763010025,0.04156281002449767,0.14494252204895017,0.1742495000362396,0.017851683106842788,0.0402107556026372,0.0440658530184414,0.0038505839601918205,0.5338107872390215,0.723876673471285,0.132519220263997,3.2756853604918397,8.327265425360785,2.552845299036458,9.465446048230124,34.10044939575241,8.221502603533196,0.3439939796924591,0.8744823932647705,0.26808539811127746,0.10438507528030949,0.3760602468315355,0.09066684906492525,0.759302764894225,0.947224214133018,0.18387174505663828,0.47282959294011595,1.493633555930397,0.48516750589108265,78.15155545215877,-0.8354794750570385,-0.58777918003705,-0.006482037258861005,0.37686575540909745,-0.4341753080675488,ADL,False,ADL_047,149
65.56356153032328,89.55572173701935,28.59696041086649,128.39281756027174,177.52223631952037,31.453778465009634,0.32865545508879435,0.7428622601838082,0.1958966138205253,0.03451354006926213,0.0780111998319625,0.02057195621080079,0.22182891205716856,0.595207537458554,0.18398207442031586,1.29337091999755,3.7866422935429545,1.088276989685838,132.7349745458927,306.8871337939209,92.90294301523406,2.4065382439022382,2.7944908618117967,0.2450711487753725,1.42784476092564,1.659292226137307,0.13065899428699468,3.4291413511958764,3.911500812320404,0.3976854902908635,0.2527210573355357,0.2934616506099701,0.02573598819710364,0.14994419415791826,0.1742495000362396,0.013721069785728441,0.03781662018540946,0.0431360872665269,0.004385681311834291,0.6003692152869552,0.723876673471285,0.087842970047188,3.1910413056800864,8.327265425360785,2.4632873494694487,8.00737306687406,34.10044939575241,8.658017087689023,0.3351051390171051,0.8744823932647705,0.25868052795609664,0.08830542545213295,0.3760602468315355,0.09548073708006759,0.631660317094742,0.8960609551589896,0.1625345019482185,0.4110324866142224,1.493633555930397,0.5381504286734025,63.89738794118328,-0.34983655186560153,-0.8178807840683868,-0.009019601060560802,0.059075718323624016,-0.3549854885621293,ADL,False,ADL_047,154
86.40218706148686,89.65090073149669,3.4236522083560312,103.10209382137901,123.5576686590806,10.92544929357177,0.19227806417371904,0.2444148874884102,0.03010031898760087,0.020191956559816936,0.0256670713424682,0.003160965532111611,0.11111700844388511,0.1506554064024218,0.0294604082341452,0.6410171519307236,2.024650544025419,0.4940549495167453,92.57812199866035,240.7789593569248,72.87332280063615,2.276671325791091,2.421010108824217,0.09942510220442068,1.4407405538875757,1.659292226137307,0.12510766914944857,3.2818550448144888,3.845471542598271,0.3317725904494422,0.23908316691716508,0.2542408108711242,0.010441062808148584,0.15129843751589453,0.1742495000362396,0.0131381009665423,0.03619234467836617,0.0424079155295027,0.003658792903529777,0.6336899329356844,0.723876673471285,0.05743721366763617,2.7066154281168258,8.327265425360785,2.4154093862812207,6.036182455175062,34.10044939575241,8.202939531023699,0.2842334687709808,0.8744823932647705,0.2536526546153509,0.06656710700991719,0.3760602468315355,0.09046213523406463,0.5158901752549444,0.5796346573659987,0.02429291983112572,0.31249000622586137,1.4373414592223457,0.4617943840688674,1.0369521484816744,-0.0695949457774035,0.7366384226159717,0.008123659128934,-0.037803000872568604,0.05238158498571582,ADL,False,ADL_047,168
86.11444217057422,89.65090073149669,3.465008828925852,100.64222231505263,123.5576686590806,9.255813295377303,0.17046741080291364,0.2056280675887029,0.02091708023710251,0.017901524901390027,0.0215938985347747,0.0021965936536795464,0.12599117810703334,0.1506554064024218,0.020140813558740478,0.5154214486169869,1.6124215669654456,0.43907087423809055,90.95837946361128,240.7789593569248,66.98476515285472,2.30259676734155,2.421010108824217,0.06737589418592702,1.4184262249703348,1.6477685337558747,0.09506863643833835,3.2672380272606643,3.894998574372743,0.25511137571481685,0.24180571039517718,0.2542408108711242,0.007075435954836362,0.14895511269569398,0.1730393469333648,0.009983571373121515,0.03603114799836239,0.0429541003488811,0.0028133719238549676,0.6163120188737303,0.7063033170866916,0.04165985259119539,2.19755616108098,6.811351873213143,1.9760844170493868,6.350407281585351,17.573753171131226,5.320394974547762,0.23077493906021118,0.7152897119522095,0.20751722709015222,0.07003238291901322,0.1938036029553114,0.05867339236939534,0.5213649199992408,0.5796346573659987,0.019112520295423124,0.2477372952023342,1.4373414592223457,0.3831328391470091,3.950917112345522,0.012679722547313393,0.6823345192242067,0.007524794900594302,0.0425278370657135,-0.02194953951303069,ADL,False,ADL_047,173
86.29334389269307,89.65090073149669,2.2233938063097884,104.9613718160909,126.99500130289177,10.712757868774156,0.16915216338960457,0.2056280675887029,0.022359440484702064,0.017763405044873507,0.0215938985347747,0.002348062182283125,0.13353832726478085,0.1457780006221556,0.012455809814099147,0.5415933926351236,1.7233263929567246,0.5109775156714611,67.310289107412,145.45528094714783,44.335728404652166,2.350824656348685,2.493743094017167,0.07472018382071234,1.5176925738329714,1.72302841046644,0.12613529357227787,3.574008834604684,4.169057676825827,0.38104822074313377,0.24687033096949257,0.2618788182735443,0.007846691781160464,0.1593795041243235,0.1809427142143249,0.013246016280724126,0.03941422087789082,0.0459764280759689,0.004202205263759068,0.6451387836952178,0.7228041243294968,0.043329912617140295,1.4110435810667463,4.675081345219758,1.2007489736937234,6.259931613001696,17.573753171131226,5.102661304347384,0.148179829120636,0.4909506440162658,0.12609587692833887,0.0690346159434245,0.1938036029553114,0.056272222320026724,0.5205925339294828,0.543958254109649,0.012352187812832163,0.1454829837608325,0.530394556804743,0.20145076193258218,-5.75218799239984,-0.01491260467451408,0.9419278164556695,0.010387593519454702,0.09147731511817281,0.03195659995777689,ADL,False,ADL_047,178
81.67491389329892,88.68831340623926,5.778206307610686,121.7771528744609,173.23226281114722,20.15246133566202,0.14157075273265915,0.1907154629141888,0.039588766527608316,0.014866961042086237,0.0200278609991073,0.0041573887141904435,0.15323660641136141,0.2340868143751395,0.0357028056118759,0.7008514116356434,1.7233263929567246,0.5320844093150158,83.73062947061153,161.50802340266566,44.793437743789916,2.4586197559908753,2.775273261531211,0.1688277637433118,1.618219038618334,2.031027369317514,0.14730995403377903,3.9934572312303684,5.459811110565166,0.5729096586529168,0.2581903636455536,0.2914435267448425,0.017729338425812712,0.1699362258116404,0.2132870256900787,0.015469659555087525,0.044039903834074814,0.0602108755243691,0.006318055962981629,0.6587330212418486,0.7555311857956502,0.047144917578758515,1.813802958378318,6.091621993750147,1.6679361957260106,8.470495418549886,27.36877031709198,6.948965752135261,0.19047534465789795,0.6397077441215515,0.17515724091240015,0.09341274541332108,0.301823193045756,0.07663329434882402,0.5462504783705614,0.6085739857666831,0.03210114615339271,0.1349189568934885,0.4496706883046308,0.1844243974532611,-13.00760167975973,-0.11114534042986621,2.2892561317555233,0.0252459495761315,0.15288937042717998,0.07226445377644286,ADL,False,ADL_047,183
74.52132066502848,86.93602362516809,8.33253424935827,140.89857849095327,173.23226281114722,21.625205546327116,0.15101943694817227,0.2900005326450248,0.0716974714379904,0.015859208504358884,0.0304542183876037,0.007529263595126719,0.21870247976910057,0.4423454997673614,0.09118935295240388,0.9770993428719055,2.316324319301605,0.6082559051718349,79.9524907343884,161.50802340266566,44.75819343856562,2.664503558774574,3.122617828399488,0.21903981982023654,1.6315291123796194,2.031027369317514,0.13363869597826006,4.340163877856968,5.459811110565166,0.44042387969578417,0.27981111804644265,0.3279196918010711,0.023002325021768546,0.17133397459983826,0.2132870256900787,0.014033981231814605,0.047863389724110444,0.0602108755243691,0.0048570008854349625,0.6173144401928929,0.7555311857956502,0.07701751726662999,2.846414452640345,7.922579662197742,2.4809384215601757,8.541237174924817,27.36877031709198,6.882289128665906,0.29891437292099,0.8319845795631409,0.26053414387646556,0.09419288652099131,0.301823193045756,0.07589798358535645,0.585992662972064,0.6550480071341713,0.046291856940879283,0.09315785349202033,0.4413003311077712,0.1587095354073803,-23.21006064306188,0.06259476949491802,0.16737976256690912,0.001845866431113799,-0.13403175925778543,0.12894478135034382,ADL,False,ADL_047,188
63.60081691968776,78.87459737536456,9.900709943911284,152.6176626424408,173.23226281114722,11.941840549079119,0.25181594954782544,0.6373429710669426,0.18396792170749537,0.026444289088249154,0.0669301599264144,0.019319272323032297,0.3783771445093696,0.7235758401376091,0.18683359133830457,0.8369686780263424,2.316324319301605,0.6266247625887332,93.20263475471296,297.72338961139815,64.97041391585708,2.843172895053649,3.122617828399488,0.1651342881063062,1.488284066982262,2.031027369317514,0.23196169800077415,4.210357593734286,5.459811110565166,0.5640597125686837,0.29857396284739174,0.3279196918010711,0.017341470470423993,0.15629118879636128,0.2132870256900787,0.024359307702106592,0.04643188415417092,0.0602108755243691,0.006220458630164755,0.5279662281025274,0.7555311857956502,0.10308476105904224,3.263933895970688,7.922579662197742,2.3223118660292363,10.096340735323334,27.36877031709198,6.449709243312877,0.342759907245636,0.8319845795631409,0.2438760787337859,0.11134259097165787,0.301823193045756,0.07112748638245213,0.6466621282239569,0.7461534968022014,0.05500394413284045,0.05670096495942766,0.3719341537945841,0.11681292273771288,-33.18222679976082,0.5101980993551426,-0.5701404211540484,-0.0062875167719793,-0.2789689604975652,0.1843457044431156,ADL,False,ADL_047,193
50.241693989382505,66.90457960891436,13.083966763245051,158.48304305148264,165.56551129685204,6.34495117866835,0.47212251163105623,0.8177412868925046,0.25053865878244785,0.04957964022954299,0.0858745723962783,0.026310155224568,0.5708944838929066,0.8209867419009778,0.19974518509153472,0.9468084294594895,2.316324319301605,0.6685121336544769,91.52267647844033,297.72338961139815,72.8951853709065,3.0530441008673455,3.385042210015015,0.1898141767907032,1.2555914511907145,1.712962278151772,0.235956579848002,3.8014514200671616,4.960119216939831,0.5832308051991985,0.32061345179875694,0.3554780185222626,0.019933213019726077,0.13185512423515316,0.1798856258392334,0.02477882763573745,0.04192246098453516,0.0547002661281226,0.006431877715672746,0.416172762432693,0.5915644339616459,0.09600224700825885,3.2871095551008005,7.922579662197742,2.138459958139557,11.476347118132953,30.753080450899347,6.573531677593194,0.34519368410110474,0.8319845795631409,0.2245689895268035,0.12656132122725158,0.3391454139204342,0.07249300197018908,0.720601490002057,0.8308982879447837,0.07228849866746176,0.031905354706455384,0.2442549763917267,0.08136321263109532,-36.46627143897544,0.7276756535146559,-1.7819988140163994,-0.019651908573849602,-0.3071240966293333,0.2025903968831968,ADL,False,ADL_047,198
36.92525449552847,60.89128719513728,11.678660406191147,162.09110884304084,177.73262756901124,9.55468882659635,0.7329308821730799,1.0096823092203076,0.21779598848782022,0.07696826259295139,0.106031134724617,0.022871704878801045,0.7683033903198193,0.9783205034963774,0.13640739898817286,0.6321363655831238,1.579102867658888,0.5417682641190182,90.75688410929092,297.72338961139815,73.21763517539378,3.2756678977719313,3.662427015399925,0.2600323280474914,1.0960227168608014,1.3249516151450582,0.11726739203273386,3.5718148312814844,3.93170336615471,0.3058082990867086,0.3439921458562215,0.3846074044704437,0.02730712676272454,0.11509811679522193,0.1391389369964599,0.012314759335566654,0.039390025377658656,0.0433588813210388,0.003372458324610957,0.3385470614894367,0.4536412834421339,0.058377777671485935,2.4714860723356775,4.786552337942589,1.3661582152671394,9.137961371964275,30.753080450899347,7.12452988853872,0.25954151153564453,0.5026566982269287,0.1434662214592942,0.10077356955612335,0.3391454139204342,0.07856941817242596,0.794581709412357,0.8714000431144787,0.06475115939890053,0.02760858733244298,0.2343253442051041,0.0710887435189272,-37.74329495574346,0.7198293488561858,0.37082668289336773,0.0040894819972069965,-0.11908229899955047,0.20968497197635239,ADL,False,ADL_047,203
26.45872611457752,38.47382615246298,6.783684861211356,165.38141347441666,177.73262756901124,7.396476907645967,0.9579541665261015,1.5069232785193238,0.20547055638565337,0.10059893727302548,0.1582485735416412,0.021577357597651625,0.8683970710121491,1.0832546117608932,0.10258092414488407,1.6446655427570425,5.255359676122202,1.6846887409022135,86.8502633021756,328.012862157938,82.1971041834976,3.5634034891577056,4.067503703210945,0.27314480083231646,0.9694151217686271,1.183141180432833,0.12891590051667362,3.4302426050777752,3.93170336615471,0.35299431365384465,0.3742085129022598,0.4271462708711624,0.02868412461217115,0.10180250207583107,0.1242468059062957,0.013538019920725591,0.03782876482907223,0.0433588813210388,0.003892826372526601,0.2753482690887256,0.3560337368383997,0.049877497027745986,2.4552519862649635,7.733492744541164,1.9058763009594,8.66366105442817,30.753080450899347,7.392937911175403,0.2578366994857788,0.8121277391910553,0.20014436718370557,0.09554297882651495,0.3391454139204342,0.08152942570994799,0.852729089306529,0.9285158961600092,0.03789141625030182,0.043254520597672874,0.4690143431835525,0.12226731292184766,-25.606687461264656,0.7800604077210256,0.10437720207898193,0.0011510732870957038,-0.11716026850180847,0.14225937478480355,ADL,False,ADL_047,208
16.649675889343488,28.17937247828065,9.335460138806821,169.04504211909594,179.2403336705125,7.858937541467218,1.248275744560183,1.7053916782450271,0.3089729797732345,0.1310868700345357,0.179090604186058,0.03244659765297914,1.0103887169175143,1.266619414225452,0.15654987806633555,1.7012050242565262,5.255359676122202,1.6754064717368384,80.01499795614627,328.012862157938,74.24315632711064,3.847950667897433,4.165131848399374,0.2784428282413075,0.8886794052994493,1.0924744738031524,0.1398844140848808,3.3836944351862295,3.916234000265776,0.31908663136692905,0.40409005085627236,0.4373986274003982,0.029240493534204874,0.09332409302393592,0.1147255003452301,0.014689871279572775,0.03731543094142112,0.0431882849313254,0.003518891964146303,0.23463750795758986,0.3047563821314966,0.052955577986131215,1.924079750797219,7.733492744541164,1.9341411190185862,4.774756919477057,13.974594277388386,4.178867430792975,0.20205599069595337,0.8121277391910553,0.20311257877286837,0.05265608804330843,0.1541120268631957,0.04608461018393557,0.9075018006147584,0.9942738391191768,0.05186366743781569,0.043254520597672874,0.4690143431835525,0.12226731292184767,-27.148663519732466,0.8368415388304875,-0.3293534823914275,-0.0036321149450415993,-0.11141492015336318,0.15082590844295818,ADL,False,ADL_047,213
17.611957805036404,23.048329606623565,5.495153786319947,175.24746332615445,179.0368229583438,2.221230711028966,1.3401105844783976,1.3978024492290813,0.0500855727674119,0.14796949823697408,0.1543395966291427,0.005530242919609492,0.9680073592754136,1.0108913013318264,0.025280504236403413,0.6824510650723288,2.681102442227091,0.6509758664426548,75.74918248879582,305.52134309582374,83.50088212670708,3.082889062227648,3.313854257100346,0.16201528334402765,1.0586561470372604,1.3458673632030669,0.19084894617375883,3.290374979316828,4.460008291042901,0.7302387885639483,0.34039992888768517,0.3659021556377411,0.017889061142269787,0.11689245700836179,0.1486051380634308,0.021072755585598173,0.04011515933936186,0.0543749403562534,0.008902828870011526,0.34146827280426756,0.406805812376515,0.04777847053652077,1.7482485994852572,5.712566610801915,1.4545190475631877,10.490855125558879,38.176794548541245,10.58862329334531,0.1930344189916338,0.6307581067085266,0.16060201011531963,0.12790102271423617,0.4654388043938962,0.12909297975673853,0.8704809131280645,0.9235174462157174,0.03652705874269882,0.3731047283217677,2.152346669845443,0.6907025382262142,9.023996240410742,-0.014551508448482853,0.20178463495334986,0.0024600912766085947,-0.034548931417923534,-0.04119330753558592,ADL,False,ADL_048,108
20.812058097169047,24.16843093374725,3.681225135427714,174.22881874082836,179.0368229583438,3.2808358335285566,1.345906940966829,1.3978024492290813,0.033323494678285055,0.14860950807730358,0.1543395966291427,0.0036794432072689938,0.9596898929374365,0.9878868948386348,0.022233002016872675,0.5514984203801457,1.4017626997778476,0.3686093130605645,90.32296140231612,439.052447387309,133.73548941296542,3.1877942301395716,3.313854257100346,0.07531616859824515,1.1692431847261184,1.3458673632030669,0.1220501706830799,3.730873768627855,4.460008291042901,0.4278894963169809,0.35198312600453696,0.3659021556377411,0.008316101526018003,0.12910302281379696,0.1486051380634308,0.013476277797433886,0.04548557433251164,0.0543749403562534,0.005216686679266852,0.36663369939525053,0.406805812376515,0.03604392239954487,1.691794279854658,4.011949058911877,1.0093114972504313,9.675879388970056,38.176794548541245,10.22431682887361,0.18680096524102344,0.4429829120635986,0.11144402375650583,0.11796510910667453,0.4654388043938962,0.12465147629208594,0.881916063779041,0.9470369480323874,0.0191521075753027,0.24578210948653176,2.1666921538657737,0.5311481458154512,4.102636277196989,0.023983099182905532,0.32994931636720937,0.0040226325215773,0.05347027627372053,-0.02279242376220547,ADL,False,ADL_048,133
20.502597583710273,24.16843093374725,5.297574016640837,171.86546950722015,177.54749425935137,4.1649610580477745,1.3358122360018247,1.3978024492290813,0.03973998345086212,0.147494892279307,0.1543395966291427,0.0043879255035199185,0.9671606614418385,0.9906143326846244,0.017989705827791434,0.47064726850539196,1.0782880314240055,0.34869329059503473,136.6228516663656,533.4418214447204,189.7065057941659,3.222562598337849,3.313854257100346,0.05648142472325737,1.1821180229138697,1.3458673632030669,0.13014385669792936,3.807353025959098,4.460008291042901,0.40936101440185324,0.3558221062024434,0.3659021556377411,0.006236446583445778,0.130524609486262,0.1486051380634308,0.014369949314080427,0.046417984046688295,0.0543749403562534,0.004990793579235999,0.36714359303989824,0.406805812376515,0.0424371574767717,1.4918531702612148,3.186980758194053,0.9417693594766842,8.877988834901268,38.176794548541245,9.248937817282098,0.16472429037094116,0.3518933057785034,0.10398629873590677,0.10823749237209589,0.4654388043938962,0.11275997920977264,0.8838325674861268,0.9706166480482064,0.03125776583479488,0.44463053144172643,2.343391885233146,0.7954910365986406,-0.7379424111031447,-0.09113124241153625,-1.195962861199431,-0.0145807821426285,-0.13279391654307682,-0.029862009003892354,ADL,False,ADL_048,138
19.78675487311303,24.16843093374725,5.1321444348909315,169.54369309100554,176.36914701700942,4.609738881774662,1.3255468581160272,1.3861634017481543,0.03162385225921794,0.14636143147945402,0.1530544608831405,0.003491775682779194,0.9787102968254097,1.0302252053739924,0.030137928140730734,0.4275909980818272,1.0782880314240055,0.34016099671459477,140.19858766881856,533.4418214447204,187.4569597807925,3.2736985986070852,3.436401102996126,0.09485099457190525,1.1061938906938458,1.2620007412393102,0.12220427975636307,3.614166742416658,4.0629596397135925,0.3423955444223155,0.36146833300590514,0.379433274269104,0.010473056654160786,0.12214137911796567,0.1393449306488037,0.013493293887383172,0.04406272101581841,0.0495342550198785,0.004174372801862427,0.3388652154874129,0.4066908074696434,0.044487679576565,1.358924246508337,3.186980758194053,1.0518893883327343,6.682416321180859,17.81103973329847,5.398490239525154,0.15004682540893555,0.3518933057785034,0.11614529934704884,0.08146980121754407,0.2171462831416626,0.06581660069500825,0.8878094714338893,0.9706166480482064,0.030688819630227345,0.45328285076533986,2.343391885233146,0.7914983111836503,-2.3325789466384066,0.011197070294107991,-0.10604930618573816,-0.0012929179325188028,-0.03369676539257277,0.012958771925768886,ADL,False,ADL_048,143
19.41405543886785,23.0703973994802,4.031377810913633,169.43136125342008,178.93384111022482,5.404675270530121,1.3470735358152548,1.4435304211388933,0.0471914720784408,0.14873831868171689,0.1593886911869049,0.005210688226321997,0.9936249328308839,1.0302252053739924,0.022867463175154555,0.2692746348083201,1.0383440901248455,0.2808312545900199,88.06021335285905,533.4418214447204,155.61787644863713,3.3562029321694284,3.517037175372683,0.09455903651928188,1.0012525188898156,1.2620007412393102,0.14668733408669657,3.352101319967687,4.0629596397135925,0.4396626206870963,0.37057812213897706,0.3883367776870727,0.010440819846950021,0.11055418451627093,0.1393449306488037,0.01619661203629406,0.04086770639135747,0.0495342550198785,0.005360220702895774,0.2993137103749512,0.3919904532296934,0.04965375074284005,0.9358159092623534,2.84355031377459,1.0823041568358216,7.694520304212138,22.39854548726397,6.080527756480044,0.10332894325256345,0.3139731287956238,0.11950357297500265,0.09380903695891614,0.2730756302365567,0.07413177566444257,0.8796400174517578,0.9706166480482064,0.03119100284628214,0.39952421014753114,2.343391885233146,0.7634960737947304,-3.9868872685249706,0.155772194135823,-1.2281404514861909,-0.014973080640405804,-0.1639536682151275,-0.01946264706001999,ADL,False,ADL_048,148
17.290717634514603,21.475090450256715,4.475226679396104,168.96014083092444,178.93384111022482,7.465909630568204,1.4263176567108073,1.6595731886118414,0.0870456646074106,0.15748812854290006,0.1832432448863983,0.009611224226451233,1.0366803755312695,1.2664253714826856,0.06574184494576919,0.583051311521852,2.96867979094491,0.7907182131416242,72.55655823592315,391.90497405974526,112.20449883953792,3.4531400408889685,3.768081567034656,0.09759939391730652,0.8923403790544463,1.0954877592120162,0.1268263387530063,3.074626921384682,3.7638192003140816,0.39885026743119734,0.38128151893615725,0.4160560667514801,0.010776523604429027,0.09852855404218033,0.1209592521190643,0.014003642629103752,0.03748483064566908,0.045887234097707,0.004862650041750434,0.2591531333659722,0.3188490741085862,0.04063437673115329,1.1179132093291926,4.714478207717159,1.3794775273890565,6.072220008792365,22.39854548726397,5.870067937888035,0.12343537807464597,0.5205532908439636,0.15231623413853487,0.07403049036281659,0.2730756302365567,0.07156591942908283,0.8771955331454127,0.9507786409471548,0.028724049570944245,0.3598420097286994,3.3077360642173894,0.9120808467254732,-13.643736926819429,0.3445646051150586,-0.5311197068590046,-0.006475235133640504,-0.09892032799003969,0.01858630775189707,ADL,False,ADL_048,153
13.667747699522458,20.36328261161637,5.152578224918061,170.3906741038523,178.93384111022482,7.636461249375305,1.4605741231075895,1.6595731886118414,0.08023116846541704,0.16127058664957683,0.1832432448863983,0.008858795593659654,1.0666869332514552,1.2664253714826856,0.08055279583533072,0.9869472041052539,3.1464578605188787,0.9856618693130573,94.1714175382614,391.90497405974526,108.57600995232684,3.5086527354331043,3.768081567034656,0.08649605391554784,0.832634672805306,1.0954877592120162,0.10074808131150127,2.918353241999095,3.7638192003140816,0.3316021935901263,0.38741100231806436,0.4160560667514801,0.009550538474661372,0.09193609555562335,0.1209592521190643,0.011124188714473224,0.03557959382965038,0.045887234097707,0.004042783851921876,0.23768742986893052,0.3188490741085862,0.03127992715054018,1.4837083741760526,7.479832972915625,2.0227833908089323,6.3592952979443265,22.39854548726397,5.981324717282227,0.16382497549057007,0.8258923888206482,0.22334742135969424,0.07753041697881444,0.2730756302365567,0.07292232514607165,0.8892167886030695,0.9507786409471548,0.03953672246335483,0.4383800400471982,3.3077360642173894,0.9059646451180435,-7.010492753575468,-0.010963598375574257,-0.532934431980745,-0.006497359659833904,-0.05765276681587933,0.03894718196430802,ADL,False,ADL_048,158
10.882590871466583,15.957404794176105,4.326038728509832,171.56401818194072,178.30717686809209,7.1861466369039135,1.4450581732032637,1.6595731886118414,0.09406653380305335,0.15955737928549446,0.1832432448863983,0.010386439722917903,1.0767915079156747,1.2664253714826856,0.07324046322800698,1.097188325481057,3.1464578605188787,0.9176289306239173,114.777631022544,391.90497405974526,113.41052436052158,3.5056922215361883,3.768081567034656,0.101662734037334,0.8531908180857294,1.0730928088946037,0.11251525112174161,2.9877559657526955,3.737124269570794,0.3782919314321838,0.3870841145515442,0.4160560667514801,0.011225180906065552,0.09420582056045529,0.1184864938259124,0.012423471201051185,0.03642572879586613,0.0455617783648341,0.004612009634642855,0.24383534965082793,0.3081313595210604,0.0347203877843256,1.9165102495517614,7.479832972915625,2.0462075309366896,8.158816649362537,37.493645172753965,9.156206252140722,0.21161317825317383,0.8258923888206482,0.22593381855816566,0.09946958385204227,0.4571100740107159,0.11162942675456065,0.9088698030921899,0.992253025235506,0.04163595661082293,0.4705012650458981,3.3077360642173894,0.9258159112121198,-4.545514291586937,-0.16271022380738787,0.1461103847023142,0.0017813293014663015,0.047920677872722084,0.04147438428835115,ADL,False,ADL_048,163
12.541506843163814,20.12252931408419,4.978140693835818,174.1706457657386,179.09641583572167,3.8307124863761506,1.399984849355427,1.5859849991679396,0.06501354917677049,0.15458056827386218,0.175117939710617,0.007178528668987345,1.0423527084976594,1.2327923245918389,0.06302517398643714,0.7450218477075742,3.1464578605188787,0.7886619354252357,98.70114086057602,324.2385031931946,89.83002020925038,3.4410608606043933,3.588022355357236,0.10541471136801682,0.9579620747824132,1.1640780301409066,0.14684396436344105,3.2888377609416524,3.936124507304278,0.46291731505050426,0.37994778553644815,0.396174669265747,0.011639458809283312,0.1057742317517598,0.1285327076911926,0.01621390650715867,0.04009641808329008,0.0479879231949613,0.005643734215987801,0.27929113153850765,0.3442660485610849,0.0475457443977186,1.9019928846844287,7.479832972915625,1.82907471558665,9.817656770882698,37.493645172753965,9.86721295134041,0.21001023054122925,0.8258923888206482,0.2019589062559601,0.11969361187669134,0.4571100740107159,0.12029778437612001,0.9149562747704826,0.992253025235506,0.031777673480311554,0.4580752369477974,2.342335953970851,0.7259902737274241,14.538078163854067,-0.13935749880452297,1.39003825752441,0.0169468849413565,0.1449634470532948,0.017158666959200986,ADL,False,ADL_048,169
11.497903916608546,20.12252931408419,5.775536747141412,174.33957114691896,179.09641583572167,2.9933336786812537,1.3283240853106555,1.4466275003634166,0.08517102233024218,0.14666808148225147,0.1597306579351425,0.009404233937486078,0.9827797438549174,1.0478422136083068,0.04524550927917339,0.29805915822104356,0.7768298999427395,0.2722822557947708,116.27933142210749,476.3342707224985,134.04719596669278,3.2886414491765867,3.5434845504124795,0.1663408670108813,0.9829507856523448,1.1640780301409066,0.13084004869513907,3.2371708555148246,3.936124507304278,0.49545020715133903,0.3631182610988617,0.3912569880485534,0.01836667429761661,0.10853338241577146,0.1285327076911926,0.014446819970649293,0.03946651232580123,0.0479879231949613,0.006040364435521697,0.29923607708857125,0.3442660485610849,0.03892803346184947,1.8632575991669933,4.863711298765918,1.1856181748023087,12.807177262040405,40.24811442225293,11.769898376070453,0.20573323965072632,0.5370309948921204,0.13091108186002295,0.15614085318047086,0.4906916486134882,0.1434946933805687,0.9144530031888755,0.992253025235506,0.03328521353087436,0.5215263328070476,2.342335953970851,0.7686434644822985,-4.970860223943294,-0.24954882183469684,-0.8106935613111612,-0.0098837067482637,0.02326196498250821,-0.037883827959145466,ADL,False,ADL_048,174
16.22044447473267,30.662526095422407,8.885529649136096,173.57871798972812,179.09641583572167,3.7684952953699575,1.2675020414052638,1.4466275003634166,0.10942736126078202,0.1399523615837097,0.1597306579351425,0.012082519104538144,0.9220054829691532,1.007403257859909,0.062346404794739456,0.4000048738809984,1.2780684676095988,0.36810722679953956,170.95311719666086,639.4404301530642,192.7678532982175,3.1272811519048673,3.3813235929105434,0.1713813600893241,0.9486526541898699,1.1640780301409066,0.13220179158391046,2.981940052370292,3.936124507304278,0.5484292076932137,0.3453015208244324,0.3733518421649933,0.018923224809434556,0.1047463238239288,0.1285327076911926,0.014597178018942522,0.03635482311079812,0.0479879231949613,0.006686266821036034,0.30272030844094555,0.3442660485610849,0.03238235384142293,1.8424313642143397,3.9798351989499015,1.0291318271358938,10.691848556527352,40.24811442225293,9.420626178688863,0.20343369245529175,0.4394370317459106,0.11363250305217874,0.13035146789454186,0.4906916486134882,0.11485314671130048,0.8647915052614277,0.9595389801657686,0.07130785272233149,0.6882442004812565,4.840694917387427,1.2866813384025322,0.6027172105135765,-0.20404298563465706,-0.5946048343762458,-0.007249224731191696,0.01761196916888691,-0.10114465213607093,ADL,False,ADL_048,179
15.9825271170184,30.662526095422407,8.776564430557144,170.83439640106755,179.0104113327507,5.132401854887772,1.1280074914356146,1.3606474851949,0.12552390667738691,0.12454994718233742,0.1502370983362198,0.01385983343682568,0.8583272722693952,0.948727851041319,0.0556645460627346,0.6581576082556866,2.0710767569129147,0.5726259768601908,145.00782053162547,639.4404301530642,193.01910826436145,2.9433463063797904,3.2416914609532945,0.14716163728235646,0.8742683929812017,1.0365429824804824,0.06381835918478926,2.57364532919348,3.1608970577277207,0.23511088020293994,0.32499219179153443,0.3579342365264892,0.016248982644128114,0.09653311967849729,0.1144508123397827,0.007046560706447794,0.03137702940016788,0.0385366075061739,0.0028663937943379262,0.2977084643085727,0.3399092548623342,0.02476693556842442,1.8797274910385693,3.9798351989499015,1.1099025700904754,9.400415929160316,40.24811442225293,8.532129530284228,0.20755177736282346,0.4394370317459106,0.12255087624140981,0.11460675005887563,0.4906916486134882,0.104020890555912,0.8331770041936444,0.9595389801657686,0.07064501999192063,0.6661427342472405,4.840694917387427,1.2478514523114723,13.368247161770924,-0.4488917343440556,-0.1448410860851692,-0.0017658544341348018,0.09137218250459953,-0.09809043470061563,ADL,False,ADL_048,184
20.45851441491268,31.17607467038712,6.257600297607881,168.64134598821056,179.0104113327507,5.887739287892314,1.0077291378738282,1.1893232272325551,0.12750937400572962,0.11126930614312487,0.1313201785087585,0.014079060572066263,0.7866975478438506,0.8678920454627793,0.06256615550789973,0.9202963695585861,2.0710767569129147,0.5668817814966691,160.77614630654134,639.4404301530642,202.45256138525843,2.7134831169565525,3.010167480958581,0.2602466360214129,0.8379061178431404,0.9027913738632212,0.05093678461804301,2.278025518568407,2.69705675042872,0.29252138890783674,0.29961164395014445,0.3323703110218048,0.02873536303344498,0.092518146832784,0.0996825098991394,0.005624230230724033,0.02777293081516131,0.0328816204751269,0.003566323656109768,0.3113660985145197,0.411151000951404,0.03349162082408512,2.2593015477248937,7.643195838455976,2.1848184148100787,6.2936265696708205,10.838632599629992,2.0674335287288073,0.24946278333663938,0.8439302444458008,0.24123866218412024,0.07672980564580098,0.1321410102155695,0.025205463191832034,0.7610144435197033,0.8492730594765945,0.05313298915751283,0.8496217834859768,4.840694917387427,1.408751898779187,-12.636721753988631,-0.3751738532737311,-0.5446991786622521,-0.006640791545464701,0.148414397299101,-0.019384098806865202,ADL,False,ADL_048,189
18.89568939514871,23.946129684184328,4.306587230779782,175.65236293465247,179.02711050231778,3.229504455714612,1.2993060559879628,1.3940462495479091,0.09529648571671945,0.14758598903814948,0.1583473682403564,0.010824567492427835,0.9526806813713472,0.9907289814160808,0.024521140540025993,0.507422029332986,1.698139651052517,0.49647766411393296,63.30616843501649,344.7392164418756,89.59198821214392,3.113477617041998,3.220434075159306,0.06741049464767114,0.9366839427436779,1.0337397822761631,0.07337616485130838,2.9202788597636444,3.23967432557812,0.27821805410301176,0.35365468462308247,0.3658036887645721,0.0076570446803332515,0.10639635324478146,0.1174207627773284,0.008334675122538616,0.03767833119440856,0.0417992692009674,0.003589654444029922,0.3005770348926484,0.3298525802778619,0.019022861119157408,1.2585345860149475,4.048977932575286,1.0236229201138296,3.6686284409378183,14.930600069108555,3.7046369568513406,0.1429548263549804,0.4599165916442871,0.1162716054242096,0.04733376641916638,0.1926391695280305,0.047798359306887674,0.8607044912270181,0.8887916555299558,0.021928461063954262,0.2302614205273481,1.1818884955302789,0.367993568991121,-8.669418074012665,-0.25239049956728166,-0.6736756744941887,-0.0086919696371952,-0.04555981735732623,-0.04582461751394029,ADL,False,ADL_049,126
15.752296376158698,22.793520341291146,4.851034772718836,163.34919956914857,179.02711050231778,27.768284750687144,1.206901509844571,1.3862531639658862,0.11422296933941097,0.13708991209665936,0.1574621647596359,0.012974394926538672,0.9373857511723906,0.9907289814160808,0.02046539772102802,0.637883568759131,1.698139651052517,0.5067766306775868,73.64059118249854,344.7392164418756,90.74813963161701,3.0311882130602794,3.1885819286146324,0.124901919040001,0.8745491901653903,0.999663776009472,0.07639128355507242,2.65895612524054,3.1697372821264524,0.3311378724931134,0.3443075696627299,0.3621856570243835,0.014187398857511519,0.09933857123057045,0.1135501265525817,0.008677157383674606,0.03430666533206453,0.0408969200718356,0.004272442129659226,0.28813871798270224,0.3152705733939417,0.016109968990449954,1.7413241417587515,7.838680478494395,1.8415876908639497,3.8244077172420745,14.930600069108555,3.8029904201559703,0.1977940797805786,0.8903825283050537,0.20918284764706424,0.049343678296654724,0.1926391695280305,0.04906734577786084,0.8384990583999369,0.8794319459958949,0.02793546224595221,0.27202504408338446,1.1818884955302789,0.3757528377055781,-10.180622388306384,-0.2942538192458817,-0.6479462555753965,-0.00836000080339,-0.015412911179380262,-0.047541278062243064,ADL,False,ADL_049,131
14.555003903003685,22.952373283275037,3.8657701293908677,161.36058222871625,179.02711050231778,27.18493513857822,1.1010579698537606,1.21685400799472,0.06464951125965916,0.12506732245286306,0.1382203996181488,0.007343429222174114,0.9001883826966879,0.9374365025408304,0.04368219199388619,0.6506920142416054,1.715959914421964,0.4991852863054601,109.01603141755614,344.7392164418756,96.59241121464383,2.901221383595734,3.09102490729345,0.12309948832585314,0.8166258129021156,0.8707174312381938,0.027565665975619286,2.3711762547867883,2.6467312701339,0.16103410321734496,0.32954485615094503,0.3511043190956116,0.013982663784974697,0.0927591522534688,0.0989033281803131,0.0031311376236244815,0.030593641408411542,0.0341489365117597,0.0020777112618309288,0.281750882279457,0.305562122758402,0.010202402041940119,2.0397521582966855,7.838680478494395,1.7862137586196232,4.56609610187731,14.930600069108555,3.4181628324626185,0.23169201612472534,0.8903825283050537,0.20289301584065716,0.05891316872593317,0.1926391695280305,0.04410218251840792,0.8000966037393032,0.8456966755157188,0.036341728620029996,0.40441130025536404,1.3797645590920815,0.4424143466172251,5.416355442539974,-0.17654641442886776,-0.19045319657582915,-0.0024572854039695002,0.03561183494028608,-0.06068944034635271,ADL,False,ADL_049,136
14.849857762667197,23.2557687097935,6.693653834017455,176.71184136150308,179.05758655654876,1.6730868132820615,1.3449197082104896,1.403636243001511,0.03893934764393876,0.14500833650430042,0.1513391137123108,0.004198414219034176,1.0104748612260266,1.0896227819757165,0.059682367998062605,0.820004827769698,2.675405368415891,0.7869082235351664,113.10703482349689,471.3889230724636,154.7038337965893,3.0746085993424557,3.1279957958341886,0.029998001252393047,0.9879838257905308,1.1687321066984298,0.10211690058047164,3.039490069920682,3.647624374476548,0.33234872700194135,0.33150222698847454,0.3372583985328674,0.0032343642772930782,0.10652375022570289,0.1260119080543518,0.011010175396903112,0.035334093538821026,0.0424036591261511,0.003863556299659555,0.32117262006963004,0.3744713100445913,0.031460521857601585,0.7607179778771971,2.969935252815805,0.7699412616910647,6.557930263820607,14.21621448026682,5.2163392245410405,0.08202009967395235,0.320216417312622,0.08301454791855138,0.0762359856529979,0.1652635937799917,0.060639980342151394,0.9003594581805704,0.9658885943916876,0.05381214631461083,0.44256142378672236,2.799536033076264,0.8891517563827324,5.153282507436458,0.09507088719913015,0.5725107982788491,0.006655442075156302,0.0463097285750429,-0.028629347263536054,ADL,False,ADL_050,108
14.798592811223005,23.009753041161584,6.7858431282653555,174.6543666809372,178.9954162160448,4.183158160387723,1.343834329701569,1.403636243001511,0.04745845417971511,0.14489131172498065,0.1513391137123108,0.005116938544103032,0.9983472690416715,1.0896227819757165,0.07550775335309655,0.7646930080067581,2.675405368415891,0.7298334450610522,134.93924824950838,471.3889230724636,159.90349121262517,3.11601543795661,3.2230722112300687,0.05251384233183782,1.0668922742706701,1.2423643704910323,0.10878161006996141,3.3285028921559667,3.96096558111824,0.38054496490636347,0.33596668442090355,0.3475094735622406,0.005662007087487129,0.11503160595893859,0.1339508891105651,0.011728759882248514,0.03869386963937157,0.0460462528673222,0.004423837905836523,0.34206998448739956,0.3896688086374356,0.03119041084483202,1.1571731606266344,3.06187192886751,0.9431857202986125,6.538412033065648,13.965389906246411,4.780232399198833,0.1247656302792685,0.3301289677619934,0.10169364868412405,0.07600908608256236,0.1623477563347641,0.05557023541616716,0.9107447728539889,0.9658885943916876,0.04197632564492304,0.3188499780082647,2.799536033076264,0.7230650808709908,-1.7278158376095227,-0.08168463517872415,0.33922745662441667,0.003943521580123503,0.020835896003896626,0.009598976875608511,ADL,False,ADL_050,113
17.461988366600767,23.009753041161584,6.464542785133616,170.91000622667977,177.70111501426257,5.21128163226391,1.3327200006995303,1.403636243001511,0.055686044540902986,0.14369297226270036,0.1513391137123108,0.0060040317917007925,0.9637603272028602,1.083529327107975,0.06599203291092891,0.6231739353038793,1.9354589975202103,0.5655895520385136,56.984532427797134,274.1742791053334,77.43606283443162,3.161991073202165,3.2520703672824505,0.06165861473580116,1.1411230759254,1.2423643704910323,0.07027632704244995,3.6115115477745077,3.998107582841514,0.2780563598841588,0.3409237464269002,0.3506360352039337,0.0066479902847841445,0.12303512096405028,0.1339508891105651,0.007577146217611185,0.041983847260579084,0.0464780288997879,0.003232407148304107,0.36069315827697146,0.3896688086374356,0.017616010582485502,0.918593879124121,3.06187192886751,0.8478859840418318,4.796987080302206,13.965389906246411,3.6819745863009277,0.09904217294284275,0.3301289677619934,0.09141849535003985,0.0557650087023766,0.1623477563347641,0.042802980581316395,0.9029889535188844,0.9658885943916876,0.03591412658407559,0.1535120392494755,1.1652236438586905,0.28613849302235145,15.512506928328868,0.023201703555036923,0.7049690055280844,0.008195269670332898,0.03054626602448257,-0.08618059404627132,ADL,False,ADL_050,118
20.76483219042377,23.009753041161584,2.1629954018264512,167.27914682003475,176.89364756560477,4.005187768604605,1.335692419955419,1.4182921836104847,0.059047890785679874,0.14401345650355019,0.1529193073511123,0.006366503788030568,0.9400836409830589,0.9781547103962664,0.03268040119280562,0.6100566892860424,1.9354589975202103,0.5695067226435571,52.17892481816377,274.1742791053334,77.75193591289592,3.209412700444308,3.2899915857090867,0.03825808305145991,1.136796930276682,1.2633485761247056,0.0920097368188383,3.6475961403243935,4.028801498100453,0.2893025492459795,0.34603671431541444,0.3547246754169464,0.004124960729824718,0.12256867885589598,0.1362133920192718,0.009920427812044583,0.04240333090393284,0.0468348458815457,0.003363144179096997,0.35433752728673285,0.3961587543214047,0.029783155934119367,1.1517395355281304,3.06187192886751,0.7805136717223182,5.902834498158913,13.965389906246411,4.4791793254159264,0.12417978048324584,0.3301289677619934,0.08415445804263809,0.06862049274849898,0.1623477563347641,0.052070491306303174,0.8846398211643123,0.9229410533093492,0.012016641121258049,0.13784411046323086,1.1652236438586905,0.291142887003776,-1.1850623311615571,-0.021533846595547246,-0.5519569119788805,-0.006416503001692504,-0.066008538569791,0.006583679617564231,ADL,False,ADL_050,136
20.599900993184114,22.63369765733397,1.176259099257576,168.96201522408944,176.78554870563406,5.087402155034565,1.3563674703995072,1.4182921836104847,0.04490213429541337,0.14624262650807696,0.1529193073511123,0.00484131785705943,0.9677476404591066,1.0042044027120096,0.0250318474499505,0.4868658000882761,1.7836685352557409,0.43238872167276304,21.510191554507212,70.65937817660554,19.435418252425425,3.264743316076198,3.380535156179764,0.06302528514765182,1.0217665255661452,1.2633485761247056,0.16979507161965682,3.3269935091054137,4.028801498100453,0.5050653981108798,0.35200242400169374,0.3644870221614837,0.006795343767495613,0.11016617814699808,0.1362133920192718,0.018307190185320354,0.0386763230507441,0.0468348458815457,0.005871388821657658,0.3139048197095636,0.3961587543214047,0.05680911667913717,0.9247374036595676,1.610587605257634,0.4637135930617236,5.151187364969658,13.78479956682555,4.341204308077445,0.09970456361770626,0.1736524701118469,0.04999728707506517,0.05988258951429331,0.1602483923630071,0.050466530754859205,0.8725826058328016,0.896130041939776,0.021285808423656818,0.1670681435295742,1.4822402829687986,0.3681104963335239,-2.1659132031768173,0.0608727710787329,-0.9166551453033809,-0.010656122540922297,-0.11416552088135162,-0.03286365470278518,ADL,False,ADL_050,141
19.51064270652824,21.488685819056705,0.8884913230255704,171.72111467537448,178.67906168095843,5.019610448719071,1.381615150358076,1.4555902360584714,0.035222873075156966,0.14896481434504188,0.156940758228302,0.0037977064358188876,0.990780623449332,1.044419269970241,0.023941647985435847,0.37925254010263515,0.8301997110369805,0.25386888139141006,18.849799943250478,70.65937817660554,19.456972591529773,3.3168055880801695,3.4519923509610595,0.0732323190765632,0.9542031161657468,1.2633485761247056,0.15106879365739292,3.162216564963228,4.028801498100453,0.4882728134116781,0.35761574308077493,0.3721914887428283,0.007895859286480587,0.10288153688112893,0.1362133920192718,0.016288135516370525,0.03676078991083388,0.0468348458815457,0.005676174905878792,0.2880925011660187,0.3961587543214047,0.047971303905487865,1.0552520479117984,1.610587605257634,0.4089187060035573,7.569724804044532,15.746256483602314,5.171333317812143,0.11377656459808347,0.1736524701118469,0.04408933928253989,0.08799810433209385,0.1830503428795182,0.060116786358431616,0.8730573015603953,0.8993748518204014,0.029496526736370186,0.21858223047332512,1.4822402829687986,0.43700408280766645,-3.3761591467289627,0.05386260298491474,-0.04231687880698276,-0.0004919340151276971,-0.061617811490429775,0.018756439704049832,ADL,False,ADL_050,146
18.13948652671139,20.023133435330987,1.8134786585819838,174.9817028744343,178.71785836716933,2.140389145135113,1.3845537370498548,1.465457376232715,0.04439100151866146,0.14928165078163144,0.1580046266317367,0.004786207865557981,1.018167356217381,1.063313817232396,0.030594598711745,0.436056143758576,1.283551923967435,0.3297298250750794,18.489976082435625,56.46872736913185,14.184228713679307,3.3709205163920783,3.4596859423781026,0.055037953562378526,0.9282929923906195,1.1548358785278316,0.12241114727930706,3.1324667219649327,3.98648461929347,0.4408094707544772,0.36345037817955017,0.3730210065841675,0.005934155059189859,0.10008792479832966,0.1245136260986328,0.01319828739826686,0.03641494777577652,0.046342911866418,0.00512441321212915,0.27517135770317175,0.3345409428309749,0.03435631525092017,1.0402601311453408,3.812233422440277,0.8707244675753314,7.187048012135194,15.746256483602314,4.700599736094818,0.11216014623641965,0.4110324382781982,0.09388092525217906,0.08354948392228498,0.1830503428795182,0.054644505144925894,0.880674835892711,0.92228577394844,0.03506847263205681,0.2077135380593553,1.4822402829687986,0.43600457351887545,-4.9969036261837445,-0.030121623836910638,0.3940870007346984,0.004581264168024297,0.04409941417864832,0.03218552424766752,ADL,False,ADL_050,151
15.826434008403991,19.310215524874508,2.6025349463442566,173.26651258845033,178.71785836716933,3.458612411323467,1.3780286682208527,1.465457376232715,0.048085070756304006,0.1485781222581863,0.1580046266317367,0.005184499921070354,1.0394641076679796,1.0682088972496455,0.0268115999912706,0.37845261003290304,1.283551923967435,0.31005355744504454,21.620985079726424,56.46872736913185,16.029193028422053,3.3536108110015506,3.4596859423781026,0.07099962018423671,0.9506084246563498,1.1548358785278316,0.10699562163867046,3.192330346360783,3.98648461929347,0.4019645237440676,0.36158405741055805,0.3730210065841675,0.00765513119668106,0.10249395966529844,0.1245136260986328,0.011536195813288588,0.0371108628323541,0.046342911866418,0.004672840428668087,0.2831965439286604,0.3345409428309749,0.028849606830348696,1.021772182754152,3.812233422440277,0.9637545468600353,8.313933290918772,22.85886987582108,5.9752213441428195,0.11016678810119628,0.4110324382781982,0.10391136570121358,0.09664953325032852,0.2657345238193453,0.06946199034452255,0.8997370693539744,0.9351301036288804,0.030542200662814566,0.22848446580848944,1.8877842855893712,0.5193231796679472,-7.337511294692568,0.0057765509890448374,0.6824676495849271,0.007933691248506798,0.054651016280236386,0.12441503961126421,ADL,False,ADL_050,156
12.85094990267607,17.745071215286348,2.782737577837576,170.41390740503275,178.71785836716933,5.198843712476054,1.370463635019232,1.465457376232715,0.03983827965111406,0.1477624654769897,0.1580046266317367,0.004295336462195,1.0694555608987493,1.128454770816923,0.027464676564945154,0.43024407410541193,1.5479227309974646,0.42229134469596713,30.054223879950026,66.22121660206963,20.101570435535038,3.3444372660325508,3.4596859423781026,0.06592069296615924,0.9350449107732592,1.057077182068828,0.062170361194318284,3.129190606574366,3.6526738019690095,0.24250777346600733,0.36059497197469076,0.3730210065841675,0.0071075246870703395,0.10081591208775835,0.1139733493328094,0.00670316644303994,0.03637686291121329,0.0424623587564285,0.002819154580019,0.27951039844697434,0.3070143850546021,0.016764466044184953,1.0461272063561677,3.812233422440277,1.003320868564869,5.702870430911519,22.85886987582108,5.739134814658995,0.11279273033142086,0.4110324382781982,0.10817737984093215,0.06629590905387059,0.2657345238193453,0.06671748277116672,0.9218442758062906,0.9536745711909496,0.024707644327923745,0.18117582986186437,1.8877842855893712,0.468331728437395,-7.111201729749379,-0.11268579511856691,-0.4194611391488805,-0.004876238706374103,-0.01435525212311467,0.0395066762763856,ADL,False,ADL_050,161
11.219202796496658,14.359104431458563,1.5776958351859034,166.91431456000302,174.26484045166347,3.7143882052124746,1.3459462759196512,1.3891465629097952,0.02095394160271412,0.1451190203428268,0.1497768461704254,0.0022592398612856788,1.0707274515523553,1.128454770816923,0.027892020735309424,0.2922143991911641,1.5479227309974646,0.3704506005937476,29.702313122302055,66.22121660206963,20.482361045796242,3.3016202212821044,3.396194326293952,0.055109206483537225,0.9439937529716911,1.0758224680187316,0.06833919349094371,3.115885347805583,3.460182558033508,0.21657826909610584,0.35597846706708275,0.3661753833293915,0.005941837501126932,0.10178077022234594,0.1159944534301757,0.007368285783656841,0.03622218918401579,0.0402246466856013,0.002517723908509922,0.2860749011832133,0.334488318391911,0.022621588724680165,0.9615723314248185,2.185210488244733,0.752675967558903,4.3177398430451115,22.85886987582108,5.660834514931328,0.10367608070373532,0.2356079220771789,0.0811530155415045,0.05019375618306651,0.2657345238193453,0.06580724123358955,0.9309095375072872,0.9536745711909496,0.023893141631650735,0.20522829254034877,1.8877842855893712,0.4665225362858929,-2.3131546290860747,-0.02152707455452796,0.8955435725566177,0.0104107003585741,0.08929558101748411,0.07944424577431031,ADL,False,ADL_050,166
11.254237887809815,13.807087794958951,1.6050682169831114,165.2912858982919,170.4911281269658,3.0455108370907094,1.3419048324035605,1.3891465629097952,0.02507201645500163,0.14468327462673183,0.1497768461704254,0.0027032479164021926,1.0600851199888361,1.128454770816923,0.035977732852880064,0.3223732001512187,1.5479227309974646,0.42900886349041834,33.29806832825542,72.00123692731493,21.29311542378106,3.279030922149377,3.396194326293952,0.06335094925178035,1.044962102036451,1.325602152546682,0.12273654155999715,3.4211909427947726,4.284210182756238,0.35972259123475275,0.3535429040590922,0.3661753833293915,0.006830456651715095,0.11266710956891374,0.1429255306720733,0.01323337119030502,0.039771368882949625,0.0498039736452993,0.00418177766478031,0.31928579784549377,0.4101610213051784,0.04189215794490588,0.8497374639910039,2.133897766010784,0.6444677952065256,4.143103078524005,18.56159428601492,4.712732145429813,0.09161812067031858,0.2300754189491272,0.06948608332748624,0.04816360256158522,0.215778664724775,0.05478554448916866,0.9374764561788343,0.9536745711909496,0.00891704564990613,0.10212818190954431,0.4000068718184169,0.14824882491156852,2.643678996164036,0.01784792141245184,1.1499297754331264,0.013367941764419002,0.12199715211413553,-0.014687105534244349,ADL,False,ADL_050,171
13.105287909946947,18.15134670822318,2.072684432263481,164.79171787147794,168.66154973568985,1.6547192608025096,1.3251451549486781,1.354234203769292,0.01907986370092735,0.14287625749905902,0.1460126191377639,0.0020571780449865,1.0281815279978532,1.0821181166826062,0.025095702548587825,0.21139824372187288,1.08466537154011,0.27226598777290006,30.59126317004502,79.58919239657013,22.40829253795843,3.2220862941943422,3.324791584250645,0.0513350347105374,1.1557832824595324,1.3641776330586866,0.1283784866471112,3.720599589719414,4.337762606719665,0.3883061420264768,0.34740317265192666,0.3584767878055572,0.005534908844238971,0.12461577455202734,0.1470847129821777,0.013841681907098372,0.04325199651896727,0.0504265209522571,0.004514061644695651,0.35912264468198996,0.4290172965064588,0.042824691305235266,0.843885314911402,2.3473746117106664,0.6756189834005565,5.204013159434108,18.56159428601492,5.465886688601056,0.09098714590072629,0.253092348575592,0.07284478344361373,0.06049668974819153,0.215778664724775,0.06354097137506573,0.9271928449447392,0.944137711109847,0.011514913512574889,0.12673949337615964,0.4421621799809427,0.15115882309401127,8.096134707995637,-0.05754272356142209,0.5183715837875358,0.006026073324165701,0.0897377524234183,-0.04497852615553133,ADL,False,ADL_050,176
15.86541559332034,22.99621264228493,3.8319747468207015,166.29877200524712,173.69806009474294,3.244403238335425,1.294891775755891,1.354234203769292,0.047116100137828396,0.13961435854434964,0.1460126191377639,0.0050800261620429984,0.9839562580482828,1.0338043029806343,0.04740678674299456,0.28597859325710867,1.08466537154011,0.30538532332501306,70.8658208466499,334.2808698723091,96.87272872480204,3.17493449823557,3.259362058795765,0.05279426621394117,1.141649728802455,1.3641776330586866,0.16370598168181044,3.63040623099625,4.337762606719665,0.5572900819542023,0.34231929779052733,0.3514222204685211,0.005692242201458339,0.12309190432230628,0.1470847129821777,0.01765066861208307,0.04220349808653519,0.0504265209522571,0.0064785011403379455,0.359104923195641,0.4290172965064588,0.04819702109109253,1.031521710542539,2.630879889741804,0.6810557911318064,9.335944888443013,38.331700199360505,9.417888741786928,0.11121797561645505,0.2836596965789795,0.07343097638895436,0.10853042529273081,0.4456062856561971,0.10948302316684097,0.9039962573561428,0.9366275190886196,0.02812228723011297,0.20465869541380854,1.0984743479807402,0.2789380454606458,11.589166078236477,-0.04814078114369513,-0.504423945337237,-0.005863931928631799,-0.023815586275426293,-0.08549481845541795,ADL,False,ADL_050,181
19.181072056250013,24.09739343381187,4.134862510369854,169.63798377547994,177.67997974475713,4.89901225827013,1.255197277657742,1.3480645979913186,0.052154000708877324,0.13533452451229092,0.1453474164009094,0.005623209206221817,0.9487858703244711,1.0283598584113487,0.04497222665077133,0.33694359191548523,1.1164953463777048,0.3089222007482894,67.07859917145527,334.2808698723091,97.99307757131639,3.0997086764477984,3.2451717305580643,0.0840932133527554,1.0527031990908993,1.3641776330586866,0.18053745175788175,3.274814258964233,4.337762606719665,0.6342342608832946,0.33420850038528443,0.3498922288417816,0.009066873587427434,0.11350174943606056,0.1470847129821777,0.019465426371786457,0.038069738899172215,0.0504265209522571,0.007372977764049796,0.3386405097410397,0.4290172965064588,0.0510224858565506,1.1934713399745716,2.677358203917839,0.8778029040839748,8.863163730029749,38.331700199360505,9.6028050252026,0.12867927551269528,0.2886709570884704,0.0946441175058905,0.10303434098566731,0.4456062856561971,0.11163267626810307,0.8742209338299866,0.9242164645760004,0.03826295327094371,0.34965065208159474,2.749161867674991,0.6982945965202544,8.19612277009422,-0.14125828002119523,-1.4343017482780716,-0.0166737679580162,-0.08106241048379709,-0.0824529652953564,ADL,False,ADL_050,186
22.055969241501423,23.865232155455026,1.9645683566481664,168.13777127635933,175.39574954236085,4.836033474532454,1.2847178813816604,1.3760545645071496,0.04734123426575146,0.13961409032344815,0.1495399177074432,0.005144711887791191,0.9669519072216634,1.014946738466941,0.030503678417338805,0.3607664976751602,1.0576835376638016,0.3265271250854283,30.634158700571838,144.32072959741555,39.67837944735087,3.200135315666999,3.3338287672409628,0.07746540860865808,1.2070174580412343,1.3626988691203612,0.09630120931810683,3.861470141650692,4.497137674920213,0.31249517198353777,0.3477681656678518,0.3622970283031463,0.008418394973066502,0.13117015560468037,0.1480885148048401,0.010465337122525236,0.045603234312176506,0.0531103480281824,0.00369050906173712,0.3775074817774565,0.4213934710594422,0.032380662846784224,1.4042911717997089,5.117901594653644,1.4745519030608436,5.702674447281885,16.470565804514454,4.5861471103030045,0.15260847330093383,0.5561774969100952,0.16024391468665952,0.06734751001189605,0.19451427670921,0.054161532677773155,0.8579365390474419,0.8850028464215056,0.024266291783427315,0.26088373764352135,1.2735184822123202,0.3758222236419356,6.033578340225596,-0.037299058575991584,-0.18888466927460934,-0.002230692330881502,-0.050493628211530195,-0.05753397203696753,ADL,False,ADL_051,97
22.69229299444429,23.865232155455026,1.1451871020630788,168.17167692965734,173.22634000791152,4.63428974799653,1.283524449723497,1.3581702295489002,0.04457987932337656,0.1394843965768814,0.1475963741540908,0.004844627282503987,0.9723119194742758,1.0240023721780998,0.03436892928373236,0.419588116351517,1.0410852447481458,0.326268719274713,28.41204986137451,144.32072959741555,40.01258619880599,3.264499505421887,3.4413059018938763,0.12459379941161779,1.157121732609731,1.3143190616901188,0.09029920821607403,3.7702215494369593,4.128842815976043,0.2288404654648795,0.3547628124554952,0.3739768862724304,0.013539976532503425,0.12574783960978186,0.1428309381008148,0.009813081918386988,0.04452560564259412,0.0487608551841898,0.002702562750424727,0.3556565163782489,0.4213934710594422,0.038176814233760493,1.3655734384114286,5.117901594653644,1.3915495794152926,5.349243744747715,12.379837959419202,3.4023581825827454,0.14840090274810788,0.5561774969100952,0.15122380678713904,0.06317356005254378,0.1462035521447369,0.04018120863882827,0.850142535224924,0.8732850649561495,0.022095034985903126,0.23837292379056804,1.2735184822123202,0.3853565456124526,0.16157846565767287,0.0419415071777709,0.014941386893346564,0.00017645496208729822,-0.06860096728653109,0.00028456982870617153,ADL,False,ADL_051,126
21.635764791280398,23.721619626124507,1.6057657076528178,169.37901194156746,173.22634000791152,3.7066322999751575,1.3131132892937278,1.410405557839964,0.047910774982835164,0.14269990324974058,0.1532729417085647,0.005206605561312961,0.9959370378778172,1.0926127631422198,0.03545241507976812,0.43300880629296873,2.776785394934888,0.693266427777329,36.98898018544419,144.32072959741555,39.763389831117344,3.354782042688002,3.4413059018938763,0.08254069394531977,1.1273926748293759,1.2427276968475487,0.07102358426259131,3.7819984428475886,4.265981254048067,0.2522527327209235,0.3645740826924642,0.3739768862724304,0.008969941235229439,0.12251709500948586,0.135050892829895,0.007718342876700944,0.04466468853329982,0.0503804342810596,0.0029790572124537107,0.3362797252681585,0.382718196232457,0.023253658428100236,1.4823255976773184,5.117901594653644,1.4758906148566728,6.185537356481202,12.379837959419202,3.770304058967663,0.1610887050628662,0.5561774969100952,0.1603893964552942,0.07305002992817397,0.1462035521447369,0.04452658006459508,0.8553648044678727,0.8843563422785337,0.025752385290305473,0.2301863611523778,1.2735184822123202,0.3929534890868628,-5.021439457229487,0.1720867954030718,-0.03809339464015782,-0.00044987580838290464,-0.05895049346669451,0.023053833755755426,ADL,False,ADL_051,131
19.273917239717605,22.90224247979576,3.4225046157096033,170.99141804955005,177.5582949591233,3.2422585926831853,1.3515413517330495,1.4475999943796514,0.04000197893402686,0.14687599440415697,0.1573149710893631,0.004347133313039627,1.0399290181304155,1.1329041764996932,0.05428371993265772,0.5504892062335806,2.776785394934888,0.6817201976316077,30.669552429577454,86.56650775723887,25.225970517680313,3.419517917195719,3.523480135362884,0.053006729780538143,1.0804404805624122,1.2427276968475487,0.08364103888048378,3.692841840248038,4.265981254048067,0.2684959687812368,0.3716091215610504,0.3829070031642914,0.0057603980349147,0.11741466124852495,0.135050892829895,0.009089518972405276,0.04361176586662683,0.0503804342810596,0.0031708867677457736,0.31618577338992365,0.3620194034326717,0.026755612883157063,1.1556851792672005,2.646964942363588,0.9186418582699546,5.372978746021045,13.088318308204633,3.8989027484520644,0.12559172511100766,0.2876535058021545,0.09983152662082387,0.06345386594246703,0.1545705714834966,0.04604530634077159,0.8588128535796979,0.8843563422785337,0.020410511765948564,0.26565168783417903,1.791595465515965,0.4868198933354854,-7.937902388801135,-0.06549750830595213,-0.3695806797486032,-0.004364678145258004,-0.044257814535767936,-0.0028876514838366285,ADL,False,ADL_051,136
16.80405372693645,21.66798009166535,2.8022491877598665,170.8783870291203,177.5582949591233,3.180798357261899,1.285111477800809,1.4475999943796514,0.11409826278016379,0.13965686360994972,0.1573149710893631,0.012399395537646414,1.034386582342942,1.1329041764996932,0.059770883518724935,0.6135122594056548,2.776785394934888,0.7978515999585785,30.045412026189982,86.56650775723887,25.71153827829427,3.35911620136629,3.523480135362884,0.12219690482932828,1.0346229394745,1.2427276968475487,0.10523447284348163,3.476207587409102,4.265981254048067,0.38330238944538725,0.3650450885295868,0.3829070031642914,0.01327949891204122,0.1124355336030324,0.135050892829895,0.011436141280223671,0.041053356185894695,0.0503804342810596,0.004526728949617848,0.308358416989056,0.3620194034326717,0.03275201231037788,1.5963729413624215,3.785208819174901,1.1170052720420667,5.360495680058777,13.088318308204633,3.4157147941399018,0.17348256707191465,0.4113498330116272,0.12138826523916013,0.06330644328707176,0.1545705714834966,0.04033894770299654,0.8450400708958095,0.8843563422785337,0.03232411819173994,0.35331389700780336,1.791595465515965,0.49096988428235083,-5.385047610739553,-0.26778565525326803,-0.9938341987689201,-0.011736994505035604,-0.011453084555065218,-0.05407449633708317,ADL,False,ADL_051,141
17.413222086768744,30.4786315593498,4.437728082525083,172.1128111049399,178.21117630739323,3.0670766032672736,1.1855672804841513,1.4475999943796514,0.1448892467200868,0.1288391013940175,0.1573149710893631,0.015745542793192523,0.9860897229561616,1.1329041764996932,0.10485144484940805,0.7055727953878291,2.222250209113845,0.6243178293718105,64.93985448733639,368.1140472651874,96.43283086978451,3.221019848631471,3.523480135362884,0.2082186378517682,1.017335612866535,1.186312971876855,0.08561229360012929,3.265200485036639,3.572211526579833,0.2069462240984191,0.35003774960835776,0.3829070031642914,0.022627734955162505,0.11055686871210729,0.1289201378822326,0.009303741050627713,0.03856140209120074,0.0421871446064425,0.0024439958879355988,0.3183255011604393,0.3939671982144581,0.043788397569259965,1.6502284714634108,3.785208819174901,0.909716718210708,4.753785531732889,13.088318308204633,2.987885814149745,0.17933520674705503,0.4113498330116272,0.09886160526420598,0.05614131082748124,0.1545705714834966,0.035286368114309,0.8183852887558384,0.8763838101584907,0.03686258033144481,0.5095689461124159,2.763450906281505,0.7726143906018039,2.780272492036943,-0.3713975335740922,-0.3334183352165301,-0.003937607674561895,0.05024275141123202,-0.057835521879261664,ADL,False,ADL_051,146
20.064688742823854,30.4786315593498,4.554649073938753,172.34960177842126,178.21117630739323,2.8238069424420162,1.039479321629414,1.1985004107114634,0.09452204854622967,0.11296329100926714,0.1302445828914642,0.010271990461515392,0.8719215771557441,1.0306176934644755,0.09927307250476707,0.6354931709780978,2.222250209113845,0.6444887196604537,60.33442776047606,368.1140472651874,96.8258092645714,3.0114553556106016,3.3399489506857987,0.17896291316900662,1.0911039022149678,1.2890304209148309,0.11865498212572931,3.267172040819202,3.636769560365645,0.2145042018530255,0.32726375659306844,0.3629621267318725,0.019448428861949026,0.11857348680496213,0.1400827467441558,0.012894587700462893,0.03858468579326591,0.0429495628133613,0.002533254180198908,0.36555845880180765,0.4568873499044732,0.05782463901860401,1.7160800218371732,3.785208819174901,0.8912011611544679,4.392960907204371,9.001934139020578,2.6207740037106175,0.18649148941040036,0.4113498330116272,0.0968494649393133,0.0518800400434624,0.1063111449125564,0.030950846850103065,0.8039055746933109,0.8594752440746476,0.028351833434572697,0.3211372515194917,2.763450906281505,0.6934918746415568,10.569154981857423,-0.31014948991703806,0.5829999760053601,0.006885119794918397,0.18313654117988104,0.015402914859253602,ADL,False,ADL_051,152
24.92729170956084,32.31639097077516,4.63864031503642,172.44828429363085,178.21117630739323,3.5462798128755764,0.9515313686559785,1.0872519464563009,0.0772889760582963,0.10340572694937386,0.1181548833847045,0.008399221526211606,0.7814202248889267,0.950739934260246,0.07034908825574082,0.49869361958134795,1.8385437489932632,0.5144199933787088,93.04168763536069,368.1140472651874,93.9265287133674,2.8527973584710606,3.030248800759546,0.10226280253077945,1.1800204751612164,1.3260814306524549,0.07770078140268277,3.3619384355625743,3.636769560365645,0.18420606654088711,0.3100219229857127,0.3293060958385467,0.011113201081864383,0.12823631366093952,0.1441091895103454,0.008443973630451813,0.039703859047459406,0.0429495628133613,0.002175438914723155,0.4147020365784682,0.4839442974043857,0.03748627330669333,1.210791511747182,2.4889870387371094,0.6776713447625162,4.837238704091833,9.001934139020578,3.024579961262401,0.13158029317855832,0.2704855799674988,0.07364454851016383,0.05712687705836565,0.1063111449125564,0.03571971907321314,0.7889393597447575,0.8594752440746476,0.03543585497560305,0.4266202404188704,2.763450906281505,0.7939625848710465,12.805449841186352,-0.23960695070447102,0.06144231503781006,0.0007256221559579987,0.08997709918992763,-0.06332984123388274,ADL,False,ADL_051,157
29.352079797839398,44.10897991230792,6.535076303446544,171.6910438241583,175.029053537126,2.877146399855454,0.8580840719247014,0.99994903929936,0.08417141667281837,0.0932505329449971,0.1086674183607101,0.009147156695112842,0.7106562288435498,0.7873141431836878,0.05866685330449717,0.41217736592673765,1.3138854904204014,0.39012956282199035,99.36467416754999,477.3194397581066,115.30061911719204,2.7536708997140398,2.896893412282709,0.07444957041159049,1.2747873076127645,1.4761508407456567,0.10178113006270224,3.505375221657173,3.974185673723545,0.22810478250156838,0.2992495576540629,0.3148139715194702,0.008090654920134825,0.1385349055131276,0.1604176759719848,0.011060856310736788,0.041397820446954094,0.0469343834940119,0.0026938744733373374,0.4639435183473519,0.5482919108082429,0.04653451326118641,1.1571575664570284,2.4889870387371094,0.7398250593530713,4.811601795696201,8.593830400626455,2.870953190018644,0.1257517337799072,0.2704855799674988,0.08039897642662677,0.056824110003923,0.1014915167080232,0.03390541587037719,0.7822423454371228,0.8308370085137876,0.03018853459755639,0.3870608486570768,2.27660690746495,0.7029359442531942,14.221433870329601,-0.33155737987779543,0.24041774713577535,0.002839288264119999,0.1386131847622568,-0.048442150260709305,ADL,False,ADL_051,162
32.31224604085416,44.10897991230792,4.7761889214719115,172.7750165511511,177.24578762237087,3.6313899016515623,0.7707291234175919,0.918350706947624,0.09456863771553506,0.08375741243362424,0.0997998863458633,0.010277053444280506,0.6656800975705469,0.7364428778246763,0.052552733545915775,0.45862379103471057,1.3138854904204014,0.39033927713162914,99.2896836997862,477.3194397581066,115.59183096896994,2.6534454205169378,2.797650018175019,0.10317602220252309,1.269623010327149,1.4761508407456567,0.10637639617162357,3.372298936968357,3.974185673723545,0.343546009442876,0.2883577585220337,0.3040288984775543,0.011212443363445186,0.13797368605931598,0.1604176759719848,0.01156023746428721,0.03982621461564144,0.0469343834940119,0.004057213597653127,0.4786928767303954,0.5482919108082429,0.03803879110746741,0.898433166806777,2.6289145559165217,0.7542367601877407,4.893588015955741,10.747503801299327,2.9434570472416035,0.0976353883743286,0.2856919169425964,0.08196513856323706,0.0577923518070999,0.1269259935057132,0.03476167275394375,0.7488781549192169,0.8308370085137876,0.04028774488093254,0.4890265554331941,2.27660690746495,0.7025907348926441,3.7592519048182105,-0.1939921542337013,-0.5218546064954523,-0.006163004509657503,0.024670978760728213,-0.08723138111497775,ADL,False,ADL_051,167
32.248842362879664,44.10897991230792,4.643990851524955,172.6293325738702,177.24578762237087,3.1226420468895633,0.7109638057466107,0.8430216067346462,0.05784308704646154,0.07726253867149352,0.0916136503219604,0.0062859792772609864,0.6298389555261478,0.7138020109957026,0.04335830614837757,0.6239307219750431,1.536450704348917,0.43458964542019063,70.58727063478302,477.3194397581066,117.9450137642131,2.5641510930029074,2.750655664289756,0.0985776702733734,1.256742003721594,1.4761508407456567,0.11773399973406057,3.232299207594792,3.974185673723545,0.41413282934546725,0.278653879960378,0.2989218831062317,0.010712726864687596,0.13657386898994442,0.1604176759719848,0.01279450182115805,0.03817284420798244,0.0469343834940119,0.004890830631913869,0.4893480091444742,0.5482919108082429,0.03162330798853248,1.0435103369291125,2.6289145559165217,0.8386854522949699,5.298085588722563,12.732165969133767,3.7302473571131625,0.11340135335922238,0.2856919169425964,0.09114242759954733,0.062569391875499,0.1503644795097969,0.04405351796818248,0.7314313541386035,0.8308370085137876,0.043700751587239725,0.47278425993975254,2.27660690746495,0.6835729793847383,1.73981577904933,-0.16386813798234845,-1.036464140658532,-0.0122404460810914,-0.04894991753489464,-0.14143782836338914,ADL,False,ADL_051,172
29.368416350859466,34.79087034416231,2.40235882294464,174.1143541839997,178.81988090714628,3.1935043723764966,0.6862439267429983,0.7540680572801534,0.03329191287388139,0.0745761563380559,0.0819468051195144,0.003617930596572441,0.6015970663976274,0.6405052932494399,0.033943082017433235,0.6828506168058691,2.677331385561452,0.6464833917659019,25.96099340817593,67.69072826624381,20.432825905462444,2.430396979844592,2.5950770744132807,0.11510393443793102,1.187138101058592,1.2965796618463827,0.06644302653762145,2.8865250830353726,3.364724155608072,0.23224749648017237,0.26411842505137123,0.2820146977901459,0.012508684849874436,0.12900980710983273,0.1409031450748443,0.007220560126718563,0.034089316990902806,0.0397367578759633,0.002742799144336822,0.489386652082185,0.5617254595756993,0.03380312371770027,1.110044467246154,2.787822128489465,0.9435561607886798,4.2441361801486925,12.732165969133767,3.9590612877506084,0.12063181400299071,0.3029608726501465,0.10253903753244446,0.05012244807708652,0.1503644795097969,0.046755767347298235,0.7038241645781764,0.7421128311182114,0.023640779078690274,0.3017321086066785,1.8145701636575209,0.4986487900316193,-9.860388695365,-0.01475472374381781,-0.5850694103446501,-0.006909559424284097,0.06209672905129593,-0.01960360550330198,ADL,False,ADL_051,177
11.09557090256488,23.06242403247144,5.88642278999314,176.32415263865045,178.83467289201866,2.2157764080211537,1.3110529747186184,1.4419710785178923,0.05512492471261158,0.13567759295304613,0.1492259800434112,0.005704740571852364,0.9869782763471054,1.1323867525664373,0.05397052466750163,0.8076614499420847,3.5642699701410048,1.0087789195417487,103.11020386975817,381.5325652621506,126.15827034946112,2.9071456789487313,3.2807266611289005,0.17938976712486143,0.9805455439089933,1.092855315910257,0.07047858611491059,2.86007610293519,3.5263389509825296,0.3626336936803921,0.30085323452949525,0.3395141959190368,0.01856459828340072,0.10147420565287271,0.1130968630313873,0.007293652585516128,0.030630449435287536,0.0377658995922889,0.0038836844258827606,0.33744702809004834,0.3570636287405126,0.016476095731267872,2.061692651882139,9.701352615063833,2.296642412718515,4.540123116930346,13.798002130122011,3.814978594097265,0.21335941553115845,1.0039687156677246,0.23767377858884903,0.04862318573285402,0.1477719442923053,0.04085713271869839,0.9249953193232784,0.9809390036010112,0.039664272386569104,0.5693775599782362,2.9387543338719424,0.886185301680336,19.631444680653455,-0.11819300993917992,0.7767703890755642,0.008318948611538698,-0.0291741944843103,-0.10906358155918583,ADL,False,ADL_052,65
14.782486433851012,23.78526248221004,6.115678245773538,176.04315753893252,178.83467289201866,2.372257171516344,1.3022806453505715,1.3665681421076812,0.044758566823832814,0.13476976652940112,0.1414227187633514,0.004631952123817929,0.9723954815688918,1.0382818236863716,0.0338745444273342,0.7078875641886982,3.5642699701410048,0.8433842638818256,88.85577331435705,381.5325652621506,123.08311898535688,3.106955598583762,3.597420203567484,0.29379641953029695,1.0821511019946937,1.4078348018186966,0.1410074020094348,3.4003836325346364,5.064573359348003,0.7574290788362369,0.32153106331825254,0.3722880184650421,0.030404256569914127,0.11198911070823667,0.145693302154541,0.01459250332528227,0.03641696065711009,0.0542398707627427,0.008111809708944507,0.34752980337653544,0.3913446138036478,0.018814212950465807,2.0835777224912304,9.701352615063833,2.264408742107296,5.447169694613766,19.370933105102,4.9388129482085725,0.21562424674630165,1.0039687156677246,0.23433799664494226,0.058337348340160085,0.2074561534853014,0.05289301921903243,0.9099089067933294,0.9577919898787856,0.033295137293401195,0.3866635584866011,2.1196253625675032,0.6204936825891375,8.213766814535168,0.0516481921175016,1.5702090810082607,0.0168164091190768,0.013473834059868128,-0.04563203785852843,ADL,False,ADL_052,70
17.668578642794085,23.78526248221004,4.546833496467763,175.9733407758763,179.07899615757506,2.4365459498146493,1.3512060544462348,1.4850396286370238,0.05690619097156613,0.13983293473720548,0.1536830365657806,0.005889079361423623,0.9900525484701297,1.0393071762192303,0.034254215159738984,0.727175595811584,3.5642699701410048,0.8755108251433916,89.5894947369986,381.5325652621506,122.86958196400606,3.3316912176958464,3.597420203567484,0.1689920603241192,1.2743912004467752,1.6494145396945592,0.21343583250624926,4.27404008027885,5.674955025849584,0.8791745025441601,0.3447883903980255,0.3722880184650421,0.01748856561488176,0.13188355763753254,0.1706937849521637,0.022087940428641,0.045773526246039274,0.0607768523321547,0.00941566209281502,0.38089025240679864,0.4793977521547913,0.05044754301288143,1.7430731356840576,9.701352615063833,2.2952613043677643,8.038743106181688,19.370933105102,5.856015242027442,0.1803862787783146,1.0039687156677246,0.2375308511402632,0.08609222460355777,0.2074561534853014,0.06271594611734693,0.9018412297622552,0.9577919898787856,0.025260186091487533,0.2397454157580214,2.1196253625675032,0.5198089525911916,-3.4998316892491452,0.1699576899374684,2.219238593262353,0.023767296068100997,0.12031891505470838,0.019443509384717395,ADL,False,ADL_052,75
14.953388160680342,23.78526248221004,6.8048676933426835,175.9111535644739,179.07899615757506,3.0019373759826613,1.3955862187457688,1.4850396286370238,0.062045010465126324,0.1444257269303004,0.1536830365657806,0.006420882936832984,1.0037273617347162,1.0526416548051674,0.030303201947839732,0.6071546332808241,1.6086299583826469,0.4700757521340095,115.25705178183836,518.3584575197127,181.46672362464147,3.402009734090478,3.597420203567484,0.09071029183190873,1.390012760816165,1.6494145396945592,0.14088015129738937,4.732204330630208,5.674955025849584,0.5233740338779413,0.3520654777685801,0.3722880184650421,0.009387381203618542,0.1438489437103271,0.1706937849521637,0.014579334467391064,0.0506803106805658,0.0607768523321547,0.005605159199780925,0.40857728736687243,0.4793977521547913,0.040094260011116385,1.3718220839075814,5.767255941869163,1.5531980516893364,9.683988299185346,19.370933105102,6.136153993934069,0.14196643605828282,0.5968388915061951,0.16073658127948506,0.10371224514819663,0.2074561534853014,0.06571613756901298,0.9169256213295536,0.994983896708026,0.03780482051857045,0.2538262028768105,2.745045461600661,0.6774925360069425,-19.679150193181947,0.05926180544813531,0.9733732692686163,0.010424499080774398,0.06396797102811452,0.10932861218434409,ADL,False,ADL_052,81
12.192347961472572,19.76377814166093,7.177956622864641,174.02300848623753,179.07899615757506,4.880432708026017,1.401581509673584,1.4850396286370238,0.05487894789611024,0.14504616459210715,0.1536830365657806,0.005679285046386422,1.0128210863014966,1.0526416548051674,0.02152556548480308,0.601689422206407,1.6086299583826469,0.5002879631963856,163.90828202615052,518.3584575197127,203.56003217089886,3.3253034773217838,3.4545974223250364,0.11565133860532413,1.328922657200536,1.6494145396945592,0.21710078900304025,4.437453635259442,5.674955025849584,0.8333877791111591,0.3441273391246796,0.3575076460838318,0.011968467747945724,0.13752688169479368,0.1706937849521637,0.022467217609159935,0.04752363024772534,0.0607768523321547,0.008925301743493298,0.3984437214678092,0.4793977521547913,0.05644923302931257,2.101285860232829,6.951881533384969,2.090315662473099,11.725442994989812,27.29103806398179,6.413178508234047,0.2174568176269531,0.7194328308105469,0.21632153930108794,0.12557553569843624,0.2922778035862095,0.06868297658734969,0.9322647335473745,0.994983896708026,0.03987753679369245,0.38665710857899,2.745045461600661,0.8549421322384061,-12.466783885510344,-0.0077996483639795056,-1.6856510854867608,-0.018052754011178798,-0.0662783041749459,0.06925991047505764,ADL,False,ADL_052,101
9.601875501145573,19.76377814166093,6.93730168871292,173.54847128008186,178.95091627745649,4.762215108476462,1.3759422055348236,1.475152557766535,0.05911787715769057,0.14239281713962554,0.1526598483324051,0.0061179612326274025,1.013666441780162,1.0526416548051674,0.02226999260489101,0.5532120330837214,1.2999874707849943,0.38128455381331666,209.12094362535,518.3584575197127,193.77016182354575,3.20773822522784,3.402616181421058,0.1309728853154574,1.141668163251482,1.5089863115515982,0.20441618611632797,3.679234579433219,5.046558047280521,0.7695070242122425,0.3319608052571615,0.3521282374858856,0.013554056292447287,0.11814838250478106,0.156161218881607,0.021154519785028348,0.03940336015193242,0.0540469328528816,0.008241160426130729,0.3548705165433295,0.451205175476277,0.0549458236315094,2.4631510702031183,6.951881533384969,2.029183715610517,10.16366269163694,27.29103806398179,6.798740569765959,0.2549053430557251,0.7194328308105469,0.20999514703259192,0.10884939594230048,0.2922778035862095,0.07281221609178051,0.94583936191178,0.994983896708026,0.03895911423425655,0.49260213196148483,2.745045461600661,0.9347956885283472,-15.681716756859064,-0.16286200850694588,-1.3118059716324404,-0.014048999060465396,-0.0424807067134354,0.08712064864921698,ADL,False,ADL_052,106
8.726269866889504,19.76377814166093,6.379499203701281,171.57752511344128,178.95091627745649,5.886007846440996,1.297962760707424,1.4014436632814866,0.06953637377979145,0.13432291944821673,0.1450318992137909,0.0071961453877561815,0.9833547401078273,1.0394321595078866,0.03592805976397917,0.6381027561945548,1.8627535259527277,0.4718666569012051,189.79777780618477,449.70960605525454,163.8334498131596,3.0644477645826793,3.275110188597417,0.14499032546473584,0.966863694334838,1.2847896180763605,0.14571246386310446,2.9722825487281717,4.207827568366072,0.5229163654678668,0.31713203390439354,0.3389329612255096,0.01500468611099119,0.10005830526351926,0.1329596638679504,0.01507941840751844,0.03183214258626629,0.0450644125983128,0.005600257725628349,0.3152087757743736,0.3922878173293639,0.043133817953835994,2.6776471598111016,6.951881533384969,1.9108836208053281,10.42551007951701,27.29103806398179,6.464826805979514,0.2771030068397522,0.7194328308105469,0.19775256613098502,0.11165369306082516,0.2922778035862095,0.06923611241855632,0.9305744793004035,0.9861122384091482,0.046459399845421946,0.672451000516522,3.294914934596642,1.0947677443557688,-0.508032060885756,-0.2701680812663867,-1.8810843421089154,-0.0201457782068619,-0.08470369625705881,-0.07268648566051417,ADL,False,ADL_052,111
6.790569131435583,16.693651733878728,5.160464745085975,167.372409362623,178.95091627745649,11.904519774614384,1.1944560743304948,1.3581432893204926,0.1295491602812646,0.12361127138137815,0.1405508518218994,0.013406718549891356,0.9521924033248176,1.0394321595078866,0.051184975714761556,0.9368983461216434,3.171622297710441,0.8157251269990518,146.2623880072203,449.70960605525454,142.60595794676522,2.7436441342175035,3.145223465710824,0.4175062253573713,0.9235348679569793,1.1197560969239932,0.10955611446328117,2.530413658027158,3.3276027426429406,0.49472937323673555,0.2839328686396281,0.3254913091659546,0.043206674933602696,0.09557431340217587,0.1158807575702667,0.011337688247766356,0.0270998759519086,0.0356375018988641,0.005298384555406603,0.3476044522395791,0.5714311269725248,0.08350171283643419,5.094944913993457,29.535500733592887,7.112578099689796,8.78592117202336,19.042098484728758,5.568203369844476,0.5272631049156189,3.0565550923347478,0.7360629164992951,0.09409424942430708,0.2039344457231973,0.059633578138142275,0.9008319085003686,0.9861122384091482,0.05771209269334568,0.7479003354095257,3.294914934596642,1.1605426383753843,-11.9776166521721,-0.42913285741069285,-0.7030914397291457,-0.0075298719397381,0.08666411346422259,-0.02102629800553879,ADL,False,ADL_052,116
5.537118891003499,15.648958700070688,3.358929563630691,150.84677821569102,174.46417345857483,20.35038542703299,1.0422494863400151,1.270868236397609,0.15154208272664058,0.10785979231198625,0.1315189749002456,0.015682711081796526,0.8832907289761993,0.967388796935151,0.07174546369929098,1.5100377262679212,3.731736057743325,0.9962038435534204,113.79125777526404,449.70960605525454,130.2447275127839,2.4780715022479884,3.022423928846884,0.37174756648644575,0.8545563029676437,1.1197560969239932,0.12821995740763303,2.1182011247304238,3.3276027426429406,0.47493545816239585,0.2564494212468465,0.3127830922603607,0.038471225785410026,0.08843589425086971,0.1158807575702667,0.013269162669299037,0.02268521889268574,0.0356375018988641,0.00508639840783917,0.3537424848271185,0.5714311269725248,0.08254389905486167,5.298872140251936,29.535500733592887,7.050970007088364,8.78965212863849,19.042098484728758,5.583360124096693,0.5483670234680176,3.0565550923347478,0.729687249099292,0.09413420670999882,0.2039344457231973,0.05979590185891641,0.8480521934256681,0.9852738968112368,0.07134051089817973,0.9456079143247808,3.294914934596642,1.2228445668068453,3.4656486967608116,-0.32007557871042536,-1.7463289036232033,-0.018702592957200004,-0.0605999363200137,-0.23076595044544146,ADL,False,ADL_052,121
15.886259554087136,20.945209975826085,3.844604369297846,174.6238694560887,179.11336919583678,4.530795888377116,1.3337512401048195,1.4638278897189985,0.053107699969996716,0.14251171251138048,0.1564104408025741,0.005674573370720925,0.9500726148750167,1.0071466988758635,0.047682010764509,0.7035713565500947,2.967499854631636,0.8920029868356314,76.78575305880227,377.85203693005616,92.08530434320322,3.167303705563836,3.457177020480161,0.15320121173460954,1.1623870195452757,1.5777308807189416,0.2628534444393506,3.715423762164983,5.2512619797394136,0.9806593871260958,0.3384273330370585,0.3694003820419311,0.016369594559028828,0.12420139511426287,0.1685810089111328,0.028085967892800545,0.04241893880770795,0.0599535812980889,0.01119617389470178,0.36442115650815077,0.4783582883816792,0.06900373412600928,1.332407494231816,7.747759675559132,1.818941795160626,9.083224040485984,29.81764098529604,9.03266227053443,0.14236813286940253,0.8278504014015198,0.19435446610455895,0.10370303615799718,0.3404275714726168,0.103125773169203,0.8957604597000863,0.9237020977405952,0.02940404279753788,0.36936082424822,2.5034003324677334,0.6427544634704652,3.8393450473497897,0.027436330119845254,2.3883576579820938,0.0272678444856123,0.16070441070103952,-0.012518732746679584,ADL,False,ADL_053,49
16.318816136204997,20.945209975826085,4.718018758228394,173.5883869317521,179.11336919583678,4.944185722834299,1.3522007281358568,1.4638278897189985,0.04846925714931244,0.14448304573694862,0.1564104408025741,0.005178954390295548,0.9418768081978325,1.0071466988758635,0.05138938567946109,0.994669654644784,2.967499854631636,0.875156661279891,103.6291171653772,540.2932903150111,164.64265345360354,3.2282294513697765,3.457177020480161,0.12231526465321678,1.3012459723973087,1.5777308807189416,0.23037216027488386,4.221308995103127,5.2512619797394136,0.8381432407323789,0.3449372669061025,0.3694003820419311,0.013069422024037056,0.13903851509094237,0.1685810089111328,0.024615333120994707,0.04819462312082704,0.0599535812980889,0.00956906913358491,0.4015683209772539,0.4783582883816792,0.06285243974216215,1.81563276094361,7.747759675559132,2.0322101625931293,15.996005078468956,43.09210460895395,12.904081108540867,0.1940008948246638,0.8278504014015198,0.21714225392691464,0.1826261562681018,0.4919819287147575,0.1473257054785961,0.9010938171478167,0.997540650146696,0.037957181218473225,0.4584865267341685,2.754449702658885,0.8652860624072609,2.814349137638281,0.10010596226714719,0.9415318029775244,0.010749454838158801,0.07785887984328033,0.1080561251121227,ADL,False,ADL_053,54
14.063594104451445,20.945209975826085,6.64268955830989,173.37108667130502,179.11336919583678,5.334807327563742,1.3475442338439194,1.3819590297778344,0.02923993456988289,0.14398549795150753,0.147662729024887,0.0031242956137362164,0.9390330115808138,0.99925433488129,0.04822899620189918,0.8004859432876036,2.967499854631636,0.7912814416070039,193.0280711814561,540.2932903150111,189.31514155481204,3.1964523326744425,3.328363565620592,0.09041678206891093,1.3115184341365675,1.5777308807189416,0.21376900943303148,4.209457404661803,5.2512619797394136,0.7873712607888008,0.3415418724219004,0.3556366264820099,0.009661059772582574,0.1401361306508382,0.1685810089111328,0.022841281567444745,0.04805931368591843,0.0599535812980889,0.008989406180383085,0.40893548912116423,0.4783582883816792,0.05717249372816327,1.4039714079452983,5.245333752172394,1.337712438463195,20.587739152704945,43.49645429508309,14.51471488897809,0.15001475811004636,0.5604654550552368,0.1429349677217038,0.23504991710522025,0.4965983831734633,0.16571428781736627,0.9206923372347692,0.997540650146696,0.036597131796198244,0.506486544540135,2.754449702658885,0.9140716607553273,-12.605514705478477,-0.03145203208340486,-0.6607420770885759,-0.007543682640218194,-0.03493138719600469,0.07003063725265801,ADL,False,ADL_053,82
12.641217241774738,18.452459317428453,5.973196422946204,171.04252699021444,178.86154250424875,6.554839058187574,1.3706998168382503,1.4188675075992576,0.022098167538626288,0.14645967880884803,0.151606410741806,0.002361195704714432,0.9736675659156379,1.046872373966461,0.03716340278996569,0.7975205018375904,2.9857744712423275,0.7992504938637925,214.86162675914684,540.2932903150111,185.445188225866,3.1561438241280513,3.29778844737455,0.07293443371446469,1.1057365633964162,1.5387946791069242,0.24685350224886027,3.4999128020265484,5.039220995584061,0.838822982473262,0.3372348964214325,0.3523696660995483,0.007793065706075205,0.11814827720324197,0.1644206643104553,0.026376369361165327,0.0399584533245727,0.0575327124800537,0.009576829735109081,0.34954002508127274,0.469890544478474,0.07303551925973059,1.7583924240458173,5.245333752172394,1.2989933260400783,20.197062904664655,43.49645429508309,14.32048065635234,0.18788474798202512,0.5604654550552368,0.13879781916474704,0.23058957208939646,0.4965983831734633,0.1634967184213755,0.9144162929044926,0.997540650146696,0.04326764455235377,0.7862055516597962,3.4240566320878054,1.139373410733215,-6.31270603026678,0.0758421691839064,-2.5041379374913597,-0.028589706245139103,-0.19683354032684042,-0.04030064423195645,ADL,False,ADL_053,87
8.837125089379203,18.369516456563428,6.22070623566077,169.42726809727594,178.86154250424875,6.1103873905056245,1.3391658669450384,1.4188675075992576,0.06438678871907666,0.1430902669827143,0.151606410741806,0.0068797473228537995,0.999209503684049,1.046872373966461,0.027559175669029826,0.8596176602373864,2.9857744712423275,0.7764688699391912,170.86990146430045,432.3856458222899,142.2279696314424,3.0532132175181115,3.2281460367074697,0.12376031967355798,0.9073096680088389,1.3608347221123278,0.1871791203566527,2.782797101687893,4.26127482794664,0.6392466546816354,0.3262367308139801,0.3449283540248871,0.013223826578221996,0.09694630503654476,0.1454055905342102,0.020000144094564437,0.03177115385136625,0.0486509124504728,0.0072982697166612594,0.29626282365711315,0.4345801857208207,0.055123969412613195,1.4825606268697233,3.7885439048564296,1.008611722595183,13.955755407391969,43.49645429508309,12.77594403658278,0.15841203927993772,0.4048070311546325,0.10777045938101365,0.1593326555828849,0.4965983831734633,0.1458627664002225,0.8916783130578404,0.9857970759510832,0.04717502762696924,0.7175382562869067,3.4240566320878054,1.0115106707206392,1.653327910186282,-0.1679539628920279,-2.2923036338241474,-0.026171197095217202,-0.1885033102586588,-0.17136839344919186,ADL,False,ADL_053,92
7.4308979029797575,18.369516456563428,5.8069337002179795,162.37417518013459,177.63961466300512,10.563518913302438,1.2286799391780148,1.4188675075992576,0.15775013068582777,0.13128481308619178,0.151606410741806,0.016855647887656013,0.9774102364048353,1.046872373966461,0.05705604219800034,1.0974559939599529,2.9857744712423275,0.6892614992617279,84.9637069895338,325.1818259330554,89.64591917551907,2.8585393869122475,3.2281460367074697,0.2693181262599703,0.7831278838624776,0.952470117016474,0.07067298649345195,2.250362730028292,3.074712633329031,0.37515524460965766,0.30543577472368877,0.3449283540248871,0.028776721047808148,0.08367744485537208,0.1017717123031616,0.007551429404994575,0.025692358409365693,0.0351039492110238,0.004283141946428966,0.27506146605010556,0.340038866330809,0.023454884037857268,1.958751616552802,4.499948622915504,1.129521626168399,7.490381198563194,24.78268370735035,5.967570775463843,0.20929318666458127,0.4808208346366882,0.12068971816007265,0.08551757270430822,0.2829435377945444,0.06813166835310416,0.8429771260358553,0.8990764973969134,0.038949417445041934,0.644030668908091,3.4240566320878054,0.9450290031019739,-16.877081229260618,-0.39271110737403503,-1.0077709267792083,-0.011505705946802898,0.013398922227719268,-0.07914188685961632,ADL,False,ADL_053,97
8.347661620025725,16.4088811830434,5.259620879836262,168.141194907822,178.8033863960916,24.117678639360683,1.3812478379792106,1.5396453248186854,0.10618018931559216,0.13971801400184627,0.1557404696941375,0.010740494768280583,1.0147581832877672,1.1710446440784432,0.09428302687014807,1.126175174928252,2.829193665453845,0.7523438438467799,158.59122809082191,427.9659035832515,159.25749033576582,2.924536728901381,3.307578326866441,0.43817810323456613,0.7699505197561672,0.9470234287267036,0.1583485350108994,2.2753538730284943,3.13235416789119,0.6220707110741954,0.29582704305648805,0.3345730304718017,0.044323236337222065,0.07788316806157426,0.0957947075366973,0.016017504044887904,0.023281477312422905,0.0320503256037127,0.006365042958052147,0.26771579346975993,0.342116481930183,0.0568921655791662,2.9775292391123496,17.17665884670586,4.113427563334066,13.151763575047282,43.45772132638526,15.415154676983827,0.30118741943505384,1.7374786734580994,0.41608747835603105,0.13456917138048144,0.4446604834100753,0.15772824532212668,0.8806669883208064,0.997176519085848,0.09088905908054853,0.9949555268808311,5.914247841549012,1.6363780187752253,8.84709233320411,0.06850984369106072,0.6368906506521035,0.006516680947704804,0.02519760354614181,-0.039028923579926045,ADL,False,ADL_054,1
11.893366811003782,14.026058171950565,1.7068659823103216,174.02347779481588,178.96083673585295,2.7043568523109593,1.279811963047765,1.4456646017079708,0.08401858274999321,0.12307171821594236,0.1390207558870315,0.008079555153153442,1.0021824598175921,1.120633211442872,0.054124520484776055,0.7110279956121633,2.2828857083309884,0.5589764771629745,42.11801290462781,188.9374675016928,47.738462493423015,3.180515067010872,3.4636819283508813,0.16780048477716755,0.8554301250897994,0.9252978644371836,0.07903123165408675,2.7260945292851635,3.136379303447647,0.32935706690160366,0.305850754181544,0.3330811858177185,0.01613635016335862,0.08226150274276729,0.0889802575111389,0.007599951987655866,0.025209550853125824,0.0290036580520514,0.0030457284726181514,0.26915541630592416,0.3002733953738629,0.02394074695914115,1.6085211997400501,4.661803763460175,1.251873202950435,6.0588904339165754,25.083997123099945,5.963369656308716,0.1546816825866699,0.4482972621917724,0.12038501789645727,0.05602957082614066,0.2319641869646638,0.05514624272626482,0.8990025905857733,0.9413950043751468,0.04964500673124341,0.3835858130930012,4.131676616533793,1.0227189754356643,-6.292860388728421,-0.21282691982481894,-0.40863202879188654,-0.0037788234411468974,0.029278388849595605,-0.015413711230281568,ADL,False,ADL_055,4
11.649800832582615,14.026058171950565,1.7262478212647068,173.3420680958732,178.36765348221854,3.3849418870929324,1.2221769457482012,1.2714398217116731,0.01963409407035118,0.11752930978933968,0.1222666203975677,0.001888091190441053,0.9710676013626678,0.9996701707342944,0.014923318725317119,0.5667083026538684,1.177393389259109,0.3403905518648535,49.94286201667687,188.9374675016928,44.47808001722986,3.000504245404725,3.1887431200547613,0.12067680059596814,0.8188288270217595,0.9704736968597284,0.11326512634624525,2.462849971230367,2.857241909853602,0.38700329410014866,0.28854021032651267,0.3066419959068298,0.011604752594107566,0.07874177893002825,0.0933245420455932,0.010892017043020823,0.02277519760462302,0.026422335855325,0.0035788117829880233,0.2726684624767383,0.3356698357817547,0.0350365006932054,1.5443539766962988,3.5422724431621067,1.008970103116379,11.143693472855135,33.96102838859233,10.537476475455263,0.14851111173629758,0.3406387567520141,0.0970265068653799,0.10305127143527666,0.3140545065438971,0.09744528159897095,0.8635292588250384,0.9316259391486772,0.06675048830502621,1.0428718803638766,5.497077723173212,1.706129691414716,0.9776502065592148,-0.07483856849015291,-0.8475469182171727,-0.007837687543728999,-0.01624496420767707,-0.15280629692275605,ADL,False,ADL_055,9
10.32077592783602,14.026058171950565,3.2056990502131177,173.39485116057958,178.36765348221854,3.5183542651058124,1.205559737214416,1.2481714943041071,0.03038369929961441,0.1159313340981801,0.1200290471315383,0.002921815224835894,0.9657551565233952,0.9996701707342944,0.016842846656816252,0.5042387760497854,1.072356557237356,0.3349575686996508,79.8389784876227,223.2304745152152,67.49720173427417,2.9011524960826045,3.052499106874656,0.11760157609960036,0.8085771743662475,0.9704736968597284,0.11771868091175475,2.3458802309485525,2.8057802887370853,0.3542996718951645,0.2789861579736074,0.2935402393341064,0.01130902699253839,0.0777559399604797,0.0933245420455932,0.011320288248769236,0.021693520287774968,0.0259464446708541,0.003276385136295711,0.27916366875610016,0.3356698357817547,0.04231999705874116,2.2397841150962337,9.12056266084174,2.473147539083609,13.59721858512626,33.96102838859233,9.824795828635262,0.21538639068603513,0.8770689368247986,0.23782752921898556,0.12574023743508708,0.3140545065438971,0.0908547694890484,0.8505735561171934,0.9175247149295728,0.06079539375848217,1.1136552293323103,5.497077723173212,1.7449760504096536,-7.922543601993045,-0.060352519597988374,0.04082980128596958,0.0003775734629831995,0.042101204531340086,0.05111378311002168,ADL,False,ADL_055,14
7.932509293679073,13.598406406624436,3.9232617766483036,174.98115914557184,178.36765348221854,3.3310543428325703,1.1649156716608249,1.2309569825687785,0.05416083774496182,0.11202284197012581,0.1183736324310302,0.005208317748033538,0.9466040373981693,0.9996701707342944,0.028921321322535203,0.4441896600323804,1.0433162788731205,0.35070927318509915,94.28843541449179,244.1619733623975,73.5252062521022,2.781974206017769,3.0228991279317343,0.11796176723803105,0.7609530806231717,0.9704736968597284,0.14602207349125992,2.1263622407562086,2.8057802887370853,0.4609723746491039,0.2675255080064138,0.2906937897205353,0.011343664379570823,0.07317622105280555,0.0933245420455932,0.014042053052252378,0.01966352834234489,0.0259464446708541,0.004262840629979917,0.27279461809378736,0.3356698357817547,0.047308574554033214,2.402557191917929,9.12056266084174,2.4312170945809677,14.096475724521147,33.96102838859233,10.222228273702175,0.23103928565979004,0.8770689368247986,0.2337953338656861,0.13035711631039956,0.3140545065438971,0.09453002481382385,0.8256710227111042,0.9175247149295728,0.07546400987822766,1.3257258897682909,5.756584673716344,1.9391308670487695,-7.028466858559678,-0.11403992264253371,-0.998484338247638,-0.0092334808755528,-0.050900922228005574,-0.13457348155641102,ADL,False,ADL_055,19
4.938663498013711,12.64176647973356,3.555354990226854,176.39653533206285,178.7020525998768,2.116105313999134,1.1154330889438,1.2036413629644491,0.052976473934745444,0.10726440350214636,0.1157468557357788,0.005094424697081728,0.913134924179858,0.9664885419641976,0.03678688908591017,0.4796578175231573,1.338734983814497,0.40992325015011694,93.20340812035236,244.1619733623975,74.44174933555162,2.6549294472511473,3.0228991279317343,0.16308042438032477,0.739465103112826,0.9337234345549836,0.12385357050061327,1.9712436079864923,2.667321522563411,0.40360016384323977,0.2553083876768748,0.2906937897205353,0.01568245071570922,0.07110985318819678,0.0897904932498931,0.011910243198844785,0.018229069258455046,0.0246660476525484,0.0037322912853664206,0.2785234945647829,0.3347782666206886,0.04272622731392023,2.5199306800502956,9.12056266084174,2.4454226188654893,8.966995649691137,25.30495915534146,7.643702797211909,0.24232637882232666,0.8770689368247986,0.23516139257769475,0.08292226494798881,0.2340075326845436,0.07068511832677438,0.8153308402956431,0.903070868514714,0.06379018591996019,0.736176442605341,5.756584673716344,1.4852920159796528,-9.670682193384017,-0.13973749312099293,-0.8227039698588043,-0.007607952454481599,-0.006734458397854082,-0.089329101752044,ADL,False,ADL_055,24
2.7246797301016494,10.230056474967618,2.4900842497841658,176.863031247833,178.7020525998768,1.8302135692062615,1.060956702294656,1.1702802953045075,0.04733295457456577,0.10202574133872983,0.1125387251377105,0.004551721827835046,0.8644312426059187,0.94576644930441,0.04829495888688369,0.6830693091746255,1.3663016319175727,0.4140115091099982,57.126131583218324,244.1619733623975,63.72696287243072,2.4761813919672124,2.756785985792775,0.17021837738589404,0.6912210412905834,0.8419855345557058,0.08080050483709132,1.7069065746504795,2.3211739219034078,0.20624742235905294,0.23811927636464436,0.2651033103466034,0.01636886416260968,0.06647051572799677,0.0809686183929443,0.007770092208964021,0.01578461334811799,0.0214650487701604,0.0019072724098272813,0.281255987298475,0.3404364573783673,0.04243979333737156,1.3583455780659461,4.266582635563498,1.1050081054218104,6.726486770971431,25.30495915534146,6.882588211146017,0.13062381744384763,0.4102912545204162,0.10626189635932477,0.06220316591888239,0.2340075326845436,0.06364671351125419,0.7816667511491006,0.8919966997808453,0.04210503094888115,0.6760330823135291,5.756584673716344,1.4310268005060478,-2.8951562595229863,-0.20284776222033274,-0.03162072128834814,-0.0002924125237653008,0.10265255328706621,0.010585861756540194,ADL,False,ADL_055,29
2.0636589506231684,7.496097696859705,1.9252850796413505,176.35105373734459,178.7020525998768,2.335037975184073,1.00218393706349,1.0921710734050707,0.06474783040533115,0.09637392262617747,0.105027437210083,0.006226404322524018,0.817206769704222,0.8811596164761238,0.04473016213494999,0.9292669039229182,2.9426908739063604,0.6523211550731419,52.7996558765491,195.59445228129985,54.704178507640954,2.300244731904546,2.547187726338252,0.15764053221408833,0.6678452055049741,0.7670247058893116,0.10540599852875433,1.542063129053369,1.872418247640068,0.28809465279350766,0.22120051980018612,0.2449475228786468,0.015159329432943729,0.06422260403633112,0.0737600922584533,0.01013625260878791,0.014260224087238422,0.0173151820397734,0.0026641544238805302,0.2905542157764297,0.342895787444291,0.04458258716369687,1.6668949329621192,6.495483270636306,1.6926036415476038,6.36545946042383,23.34631456957109,6.040633294882423,0.16029512882232663,0.6246310472488403,0.16276737867627677,0.058864566964647445,0.2158949728456427,0.05586073798855205,0.7566754397292346,0.809274693612964,0.055800913661590214,0.7399173076236806,4.69637740213899,1.2981349406113862,4.229135151681698,-0.15071224214797585,-0.612355240551852,-0.0056627532211504,-0.00747552195625481,-0.12997401624432514,ADL,False,ADL_055,34
1.554165862548369,7.496097696859705,1.9058323657476937,175.15880014985896,178.31192872469276,2.261424931569059,0.9169183678627749,1.0344514088825143,0.08878627675834609,0.08817445238431294,0.0994768887758255,0.008538035234976189,0.7524637306719865,0.8247026872846072,0.06364838714385718,1.0003429890932802,2.9426908739063604,0.6200567706479546,61.392642269937134,209.1067949890512,65.95232022444922,2.107750893209585,2.314326253019656,0.16952206680198836,0.6430752628073146,0.7670247058893116,0.1001082670537852,1.3578291024411984,1.7505484931726254,0.2568236894077085,0.20268956025441484,0.2225546538829803,0.01630190421658046,0.06184062957763667,0.0737600922584533,0.009626802053474735,0.012556520487505387,0.0161881918566741,0.002374976285253308,0.3066194190652156,0.3854349809659654,0.050072685366478124,1.4738124892547488,6.495483270636306,1.5897592795697222,6.848440898322906,23.34631456957109,5.83205897476666,0.14172756671905515,0.6246310472488403,0.1528774630457821,0.06333093633996963,0.2158949728456427,0.05393194759880969,0.727470594672606,0.7942830237727185,0.05101495863722302,0.8294837536372455,4.69637740213899,1.2842487007779808,-0.7267606397252921,-0.23919916813262487,-0.6622303582038429,-0.0061239732196671,-0.020747025716747303,-0.11111375025140946,ADL,False,ADL_055,39
1.5991161197156434,7.496097696859705,1.8813556014401174,174.32423176242227,178.31192872469276,2.0859385958471597,0.8623535324067885,1.007187079668978,0.062019457917317895,0.08292728463808692,0.0968550443649292,0.005964033365127083,0.7093555879694039,0.8033719279932912,0.059265837944709965,0.8967593331587143,2.9426908739063604,0.6881473299077717,62.11232736491777,209.1067949890512,65.48039784009623,1.9953010966463331,2.303956296727616,0.13042363571457422,0.6295875532216255,0.7314105799751895,0.08835518157322134,1.2513455415381507,1.4941437890813012,0.16877627512373036,0.1918759485085805,0.2215574383735656,0.012542046337133449,0.060543598731358776,0.0703352987766265,0.008496579437812362,0.01157181408251098,0.0138170901368575,0.0015607580899436155,0.31797348896782046,0.3854349809659654,0.053387417740785356,2.0748534328322252,6.495483270636306,1.8653084483615547,6.348224963363239,23.34631456957109,6.121174681762005,0.19952601194381714,0.6246310472488403,0.17937534760643745,0.0587051910055933,0.2158949728456427,0.05660554421831055,0.7087050761604076,0.754035022825288,0.03720645597469867,0.720319943388601,4.69637740213899,1.3116253375021019,-3.0335050391428586,-0.11355413601070008,0.6191384681570308,0.0057254810977607,0.1570088654273615,0.12451112194778857,ADL,False,ADL_055,44
1.503846207434448,3.5970602910081326,0.9887342901888189,174.7648765158958,177.36887571218531,1.9466421762834134,0.8639471294974105,0.9759042800492752,0.06095550528741664,0.08308053116003668,0.0938467681407928,0.005861719523685489,0.6921601254748855,0.7466501792311834,0.04011331346361505,0.6482857466884545,1.542997802979615,0.47672766850619314,38.05672138135717,209.1067949890512,48.38403400481318,1.9270951246390864,2.098601348637088,0.07093819657736224,0.6631694433173366,0.7407730132432494,0.04480342051482987,1.2790423650124119,1.4826249021847042,0.11159111848976543,0.18531699577967323,0.2018097043037414,0.00682169411756811,0.06377296447753902,0.0712356269359588,0.0043084719505045825,0.011827940373196703,0.0137105692653793,0.001031938528214785,0.344306510487103,0.3854349809659654,0.022598956441086674,1.8064159527419104,5.931812722729002,1.4536103671409033,4.1383406605094395,10.840052483900358,2.8361115554116307,0.1737120151519775,0.5704262852668762,0.139784851732833,0.0382692926484935,0.1002433523151147,0.026226932967007344,0.7140503898174969,0.7451452061867347,0.02036992528678736,0.3627731843452983,1.7834041744876217,0.5230955430997474,3.071189093783467,0.19444853459931466,-0.07930969619669082,-0.0007334161739214005,0.032541910184049394,-0.030852854325292056,ADL,False,ADL_055,49
6.6411212732243445,17.916697316899906,6.929161319288265,174.76897847970696,177.8741471336919,2.5676416247838345,0.9504836673507085,1.0945942731972904,0.09699591377982339,0.09140222271283464,0.1052604615688324,0.009327506003600912,0.7168490469167561,0.7559885943404124,0.03775103819351298,0.4832878135797208,1.351649005472228,0.45816411468393653,48.34035997837247,257.4019114672555,68.03720223119959,2.0093713163138043,2.1787959665464807,0.11793624373167087,0.673368493622412,0.7407730132432494,0.03570125697507187,1.3540371565662936,1.4994051283813683,0.11827517201394516,0.1932289958000183,0.2095215320587158,0.01134120993948639,0.06475374499956761,0.0712356269359588,0.003433172345043161,0.0125214544795813,0.0138657443560035,0.0010937492928132543,0.3360192611359258,0.3701150609693727,0.02327092817045383,2.1606103464150768,8.552234139679921,2.251550713281034,3.2409128858378837,10.840052483900358,2.9197821046719015,0.20777273178100586,0.8224162459373474,0.21651791273612722,0.029970332036690143,0.1002433523151147,0.027000676116346666,0.6985503723014552,0.7451452061867347,0.030758331432850845,0.2598318587563217,1.7834041744876217,0.49541481896091316,17.14249590815361,0.2744742506175757,0.2306278246032485,0.0021327301052931,-0.0453030109396394,-0.055133583790692664,ADL,False,ADL_055,54
12.432956930447508,19.81208156633126,7.2200003836879665,175.5344362349904,177.8741471336919,2.2289680044576325,1.0272349387062276,1.0945942731972904,0.06997080826437227,0.0987829248110453,0.1052604615688324,0.006728666278089146,0.7343376962352631,0.7559885943404124,0.018336977188592327,0.3671220514468777,1.351649005472228,0.3952085353746011,46.81137176854124,257.4019114672555,68.84080266949736,2.085876290489606,2.2256583385865287,0.11732999773955632,0.6884134683139458,0.7573443031895064,0.04434779817192441,1.4382807796823878,1.6589874109727665,0.14483470581028535,0.2005860129992167,0.214028000831604,0.011282910956459714,0.06620052854220068,0.0728291869163513,0.004264657526028194,0.01330049712765617,0.0153414810280185,0.0013393585006677298,0.3305681196436897,0.3701150609693727,0.021612396724439372,1.8471786421741498,8.552234139679921,1.981391010900621,2.985726743697618,10.840052483900358,2.797420158898126,0.1776319146156311,0.8224162459373474,0.19053830032065544,0.0276104989648029,0.1002433523151147,0.025869134395641806,0.6810221315216164,0.7451452061867347,0.0269426653359722,0.28679781646869834,1.7834041744876217,0.49423734433446775,17.31096387474625,0.16478006516475985,0.14657693701563268,0.001355469778430601,0.008041418384659604,-0.07068462728299107,ADL,False,ADL_055,59
15.577970794363411,19.071449153761986,2.66356599064751,176.6027867436298,178.86878943509302,1.8574010587880703,1.455391917462021,1.5729904170748683,0.043526848700683164,0.16000399092833198,0.1729326248168945,0.004785288018355886,1.0203016068599344,1.094967889022731,0.04090699430764445,0.9042867269351227,3.4888667191170537,1.0524921956804507,61.64317499302989,273.05781583624776,78.42800297943377,3.214537553555593,3.46500995513775,0.10408503357290447,0.7038264403855814,0.834792645202396,0.07427574647402348,2.263640101636823,2.892564826102078,0.2647018652433881,0.35340229074160256,0.3809389173984527,0.011442980112611982,0.07737781008084611,0.0917760729789733,0.008165783884350084,0.027359558956062412,0.0349610778836915,0.003199327615140523,0.21907933647862474,0.2525067177252242,0.023173078255995207,1.4642223755148835,6.839441411053668,1.776677072981825,7.084856254676069,19.009216260459777,5.963760222725833,0.1609748005867004,0.7519197463989258,0.19532568434466216,0.08563134318696439,0.2297555042475707,0.07208117990819456,0.894363562880253,0.9243355543531666,0.03062769209909838,0.41863970643487164,3.216515726746594,0.8340912297944739,0.6946275429110198,0.15420868996964554,0.48076341871561734,0.005810762536304703,-0.011586644014550007,-0.0038590419050611446,ADL,False,ADL_056,16
13.242414347180263,17.139908956208203,3.79857523087366,176.2293509947093,178.86878943509302,2.355963578029127,1.4940085959630596,1.647340103611782,0.05679140679428816,0.1642494608958562,0.1811065375804901,0.006243577161928008,1.0479894245962267,1.094967889022731,0.037043034596882456,1.6664974055050326,3.871664417758448,1.157184736972968,98.52702066070964,404.8765775907965,128.4222501623229,3.210929554370198,3.46500995513775,0.11396372035873628,0.7416666522333079,0.9612178258046712,0.11792984516225151,2.3797982222078313,3.024346772494709,0.37503428840166547,0.3530056317647298,0.3809389173984527,0.012529030743991355,0.0815379162629445,0.1056751012802124,0.012965061609264366,0.028763507819527905,0.0365538646208882,0.004532863999295125,0.23144564323141467,0.3054997019518927,0.03921469508277058,3.0892977744938883,8.686634163875668,2.5016919594329785,10.476962706391507,25.551045734586747,6.61061535307477,0.339633584022522,0.9549978375434875,0.27503292603178864,0.12663014700910932,0.3088235367711434,0.07989941526372485,0.9057931875693873,0.9872164687776628,0.03991868154549413,0.5518174562452711,3.216515726746594,1.0698931436300365,-4.257545009834683,0.23931311283968326,0.770859271836907,0.009317015403375699,0.08257683760803478,0.024567730547327638,ADL,False,ADL_056,21
12.70015199275399,16.280162927011002,3.498572787888535,173.63426150273918,178.86878943509302,11.28275223191146,1.4840363352478056,1.647340103611782,0.08712025137163902,0.16315312286218006,0.1811065375804901,0.00957789289805197,1.0301003395220036,1.094967889022731,0.06969533568528283,1.8868256240360712,5.540159148866275,1.5087320254091536,98.66671816024466,404.8765775907965,127.57579124096962,3.072347940278256,3.46500995513775,0.24117638312201764,0.8308763545090562,0.977623383371922,0.12087332341353908,2.536745351654149,3.024346772494709,0.32038407512564354,0.337770140171051,0.3809389173984527,0.02651463386197499,0.0913455208142598,0.1074787080287933,0.013288663974899351,0.030660454351782013,0.0365538646208882,0.0038723324373186726,0.2739964755190664,0.3842373862478329,0.05567669246755353,3.7867254899047653,8.686634163875668,2.2153613668947334,9.135120727023729,25.551045734586747,6.405592748743368,0.4163079261779785,0.9549978375434875,0.2435540941231397,0.11041193073096253,0.3088235367711434,0.07742140295670022,0.9198730732429243,0.9872164687776628,0.02540505040313326,0.3673169310725088,3.04624060948543,0.7927941296254611,-3.6629534125060825,0.05220886597043406,0.07652792174569667,0.0009249571896488007,0.15531426554052719,0.02034974118058941,ADL,False,ADL_056,26
12.398248985295318,15.576411041304484,3.0246197153767422,168.69243398375616,178.5985601298505,13.713746612834756,1.5128578683934362,1.7589577497777062,0.11225719403495765,0.16632172664006548,0.1933776438236236,0.012341417346422823,1.0241253052828627,1.1641579532929802,0.07862526572593695,2.0586978321985954,6.123966199805166,1.832918198374112,67.42264951324347,404.8765775907965,116.28528529000916,2.9977445398964493,3.2797254757456398,0.2404822018526238,0.8949456695435096,0.977623383371922,0.07562446201949892,2.6812056556200217,3.0502766863930364,0.30339050528965283,0.3295683344205221,0.3605689704418182,0.026438316430087372,0.0983892222245534,0.1074787080287933,0.008314060006619238,0.03240647846591,0.0368672673599164,0.003666939108465043,0.30083710224796195,0.3842373862478329,0.03825382991309538,3.157624991970061,8.686634163875668,2.3489642648580835,6.741617187946049,25.551045734586747,6.295646901666513,0.347145393971474,0.9549978375434875,0.25824223181116884,0.08148277315790657,0.3088235367711434,0.07609253893679781,0.9270440141372032,0.9872164687776628,0.02060183284741251,0.3275140316704959,3.04624060948543,0.7496372599028914,11.830108796719033,0.07770431524681864,0.6081924727845318,0.007350937900309197,0.04138675063461866,-0.06572282664843898,ADL,False,ADL_056,31
14.647405446859775,18.76199151841481,2.3128847525588094,168.57516570459762,178.1764219148312,13.592649854862564,1.4866379638923028,1.7589577497777062,0.10954562019798146,0.16343914270400997,0.1933776438236236,0.012043310265843717,0.9988586574975583,1.1641579532929802,0.07155885378581994,2.1022760178566293,6.123966199805166,1.8598942371601894,28.657405871875138,115.57177223762592,28.613033708778577,3.0537188128155814,3.34351330015768,0.27670915471259455,0.899179829943939,0.977623383371922,0.048777675985105885,2.740803977351653,3.0502766863930364,0.2393026454083444,0.33572207689285277,0.3675817251205444,0.030421062910414125,0.09885472059249875,0.1074787080287933,0.005362557488594583,0.033126815500017094,0.0368672673599164,0.0028923391269915543,0.2976384427383073,0.3842373862478329,0.03788128719452878,2.0983110456600764,5.3747820527928925,1.6677403840117169,3.4688748852714775,8.892310808396507,2.46252981154988,0.23068572628882622,0.5908969044685364,0.18334931922637068,0.04192666796553161,0.1074772008333102,0.029763445837279016,0.9176414671500531,0.9473848133769338,0.012673508405974993,0.16896871365942817,0.6420654013201421,0.18645244199554128,5.414544724504836,-0.12189853272248952,-0.11246800954953207,-0.001359348217818003,-0.0697341391480727,-0.030080804025026886,ADL,False,ADL_056,36
15.39561456677524,19.593767722198915,2.5414815959665384,170.91459445685885,178.07731121536236,9.411813962557384,1.4966590824592325,1.7589577497777062,0.08600257135869219,0.16454085210959113,0.1933776438236236,0.009455016537048009,1.0154513242814986,1.1641579532929802,0.04977611233855215,1.8931567320549525,6.123966199805166,1.5867027447351838,37.30915470630505,118.1110035097315,35.44453580527637,3.2012835126601553,3.34351330015768,0.19052140804886414,0.8503070868797792,0.9362124911713174,0.06189037121652108,2.720378284256537,3.0502766863930364,0.24070731328424083,0.35194515784581504,0.3675817251205444,0.020945688428903198,0.09348171154657997,0.1029260456562042,0.00680415101655101,0.03287993970291039,0.0368672673599164,0.0029093166904904893,0.266962879686044,0.3463170172661476,0.02944997145887901,1.2713629455572553,4.279627931049053,1.1983133129781136,2.662926811559813,8.892310808396507,2.394176978101939,0.13977207291510793,0.4704970121383667,0.13174108647889554,0.03218555062877174,0.1074772008333102,0.028937297115500946,0.9134847498171896,0.9473848133769338,0.013663333807611899,0.16083559766446037,0.6420654013201421,0.19259263903996493,1.189594984639335,0.014282585870958542,0.25691162003496437,0.0031051705656572996,-0.10718414767758622,0.008152011151779881,ADL,False,ADL_056,42
15.827807860051811,19.593767722198915,2.4404141709989613,175.07243863797157,178.1390661421947,3.041607971174454,1.4413972016555479,1.501937754512437,0.03103117864254929,0.15846542914708453,0.1651211827993393,0.003411529476318865,0.9873890170307197,1.015105090454489,0.021490334128543506,1.2411342802246108,4.214275697563491,1.1970876683000546,54.30545046777389,165.85785247728828,48.31797378877953,3.187231390911073,3.34351330015768,0.11731600287750421,0.769398014631561,0.932404614849052,0.09034421644041293,2.460206570729919,2.9418924865562075,0.35370063193883133,0.3504002849260966,0.3675817251205444,0.012897576546181549,0.08458666801452634,0.1025074124336242,0.009932331638179736,0.029735365912322304,0.0355572782396507,0.004275014073716736,0.24092712082685816,0.2955158502417261,0.02299102979133525,1.525666161587164,4.520323557538877,1.380304259527071,4.070446330958374,14.59505827057477,3.8854771304612217,0.1677298545837402,0.4969587922096252,0.15174894650015883,0.04919758060869124,0.1764036416090242,0.04696194441263778,0.8950236481078095,0.9211855413686842,0.025490278240142324,0.29830991092655523,2.31097014821642,0.5670285115578623,1.0105436207390994,-0.026246479485741547,-0.705495422306953,-0.0085269931319392,-0.0569551650474161,-0.010313894001792723,ADL,False,ADL_056,77
6.456002054185777,14.429381773358122,5.071067947769694,173.23871074331416,178.99679126037563,4.231013650729728,1.2726615347898373,1.5438816663267385,0.13044093332454823,0.1322746843099594,0.1604640781879425,0.013557440690191325,1.0029630012133344,1.109620942244417,0.04106121293205333,0.7990349151015234,3.574331071453669,0.9923540799331658,86.45777083386015,370.3939379943264,99.34186028091723,3.0095536161275263,3.5433197089381228,0.20534307106194621,0.7543484875719708,0.8402908774391299,0.057099080010821306,2.2702872212081773,2.567696704061156,0.2289442459859127,0.3127993921438853,0.3682766258716583,0.021342430141445174,0.07840357025464371,0.0873360335826873,0.005934620145542264,0.02452496723624028,0.0277377580032318,0.0024731893300893337,0.2517237063289586,0.2889974478578022,0.024795056636049702,1.7480404719443567,6.168110455897029,1.745299938373603,4.513478784060846,17.292046300724735,5.270648876405814,0.1816834211349487,0.6410855054855347,0.18139858246967686,0.048757231361083314,0.1867987737459664,0.0569366244940541,0.920145414888809,0.9913041612663488,0.04453609135975267,0.6364786448479193,4.067734256036394,1.2049344149522876,-10.43676583132543,-0.44555593445487496,-0.41290447377932793,-0.0044604350482782,0.06218135903519928,-0.011983716366909647,ADL,False,ADL_057,1
3.6609188401964388,9.50293379767136,2.5701966228073383,171.17360047564847,177.74962558750477,3.9084442837781417,1.1660624038635323,1.3629204506247152,0.08412470858544474,0.12119525273640948,0.1416557878255844,0.008743541756091976,0.9780935622651636,1.0526422374627042,0.034472133560721124,0.38093435333087844,2.317955405216048,0.5559985190846072,65.66161829477612,186.2220013778212,63.81094111588529,2.8632262188000968,3.032172729857282,0.07380493880932751,0.7469291431523983,0.8402908774391299,0.05399210213873802,2.138145638047632,2.547907083718777,0.16179479532153848,0.29759078423182167,0.3151503205299377,0.007670951556756049,0.07763243714968358,0.0873360335826873,0.00561169491683586,0.02309749675264541,0.0275239789773973,0.0017478017834867913,0.261100961441877,0.2889974478578022,0.020430889550062697,1.2415171541972236,3.496941733428174,0.8234046279809006,5.229756345101716,17.292046300724735,4.884948988200945,0.1290376782417297,0.3634563088417053,0.08558095318211922,0.05649487951083284,0.1867987737459664,0.05277006925254944,0.9112377313833944,0.9892534852389352,0.04086803720233556,0.7286595177750885,4.067734256036394,1.184138810190137,-0.2834719866750919,-0.2828631272633553,-0.3778770140181651,-0.004082047990030098,-0.004874407436268824,-0.059363304079872004,ADL,False,ADL_057,6
2.5817733195275356,4.92092957706036,1.3011378674776455,170.45723522481438,175.13461558864822,2.8083407128732114,1.0822915816553262,1.1693142021793834,0.05475183124797368,0.11248849232991535,0.1215332299470901,0.005690657724572352,0.9422311928686561,1.0104527973283914,0.03990668083758766,0.4786500234260732,1.6163029698550049,0.5357472428945391,42.69334683090312,155.13165169541563,38.01609378019681,2.800070933301662,2.8387875569399057,0.030837550896235754,0.7808908938335971,0.8475832157361136,0.039213978412950344,2.1861282556527324,2.373959057761836,0.10382725382547112,0.29102670947710674,0.2950507402420044,0.0032051155772264994,0.08116226792335507,0.0880939662456512,0.004075723570892025,0.02361583298503097,0.0256448909053901,0.0011216025772031635,0.27896948984053643,0.3050924501903345,0.015367159965572108,1.225439715996851,3.496941733428174,0.7776716393955884,3.0316699216414196,9.715922314182476,2.5504894711728756,0.12736666202545163,0.3634563088417053,0.0808276731761574,0.03274986741976344,0.1049570619079531,0.02755187543345426,0.9279758099386437,0.9622335306690568,0.0205395719500135,0.2986741709445408,1.379241465887043,0.42746940192819344,1.8091995285111988,-0.11326221161591699,-0.05424480935672804,-0.0005859840815656998,0.0086728664453391,-0.021026452458465794,ADL,False,ADL_057,11
5.000089228340121,12.548033913252311,3.6002215379897438,172.05418439612032,176.00624517417742,3.5643124590106017,1.0462199599227386,1.1321730833747612,0.04259566800396991,0.10873937110106148,0.1176729500293731,0.004427201093279994,0.8908208004682086,0.9757007852668674,0.052472538395401856,0.44621127572484,1.6163029698550049,0.5511052057880185,56.229691516242475,174.4097371936765,50.79848686461612,2.712130911463304,2.8362332887128874,0.1283683680292942,0.7052802914653686,0.8475832157361136,0.13309396480721816,1.927263610725514,2.373959057761836,0.423362153264234,0.281886621316274,0.2947852611541748,0.01334202762658619,0.07330364386240638,0.0880939662456512,0.013833184784156176,0.02081942604754997,0.0256448909053901,0.004573405003946603,0.25857831798627545,0.3050924501903345,0.04103081062736675,1.5855663030019513,5.421511731292044,1.2159607783754223,4.599404154952486,21.338857560169064,5.432188289431562,0.16479659080505368,0.5634874105453491,0.12638146411760767,0.049685447353400684,0.2305147902138316,0.0586816674889707,0.8621646776067932,0.9622335306690568,0.10231664732217753,0.7724717317632269,4.591619705157473,1.3305597520203816,9.509878064878587,-0.1017103701181743,-0.7534748393000272,-0.008139474853463998,-0.039099104178321215,-0.20528310471776035,ADL,False,ADL_057,16
6.474412365859083,12.548033913252311,3.944485568539533,172.95531647636076,177.38335747000016,3.2811910648520115,1.0321365790179293,1.0977366272386788,0.0255981352060031,0.10727560818195339,0.1140937805175781,0.0026605544056589104,0.8420822391565975,0.9040771887668412,0.04334757175646534,0.5870851326095992,1.6163029698550049,0.536344655230511,89.52430714430031,251.4708140744509,78.17760622127727,2.6010903607550215,2.800856616420946,0.14421178497749032,0.6203892959011149,0.8475832157361136,0.17151953910155923,1.6352789516913109,2.373959057761836,0.527810190308336,0.2703455686569214,0.2911083698272705,0.014988720732274939,0.06448045770327245,0.0880939662456512,0.017826965196520255,0.01766523739273835,0.0256448909053901,0.005701713643693521,0.23606624530834744,0.3050924501903345,0.05505026246534709,1.5989300462651335,5.421511731292044,1.4952472762709583,8.398124226283379,27.14200385226476,8.322605713375495,0.1661855578422546,0.5634874105453491,0.15540923963473827,0.0907214380504104,0.2932037624950645,0.08990564301025258,0.7948967821796908,0.9622335306690568,0.11967667448265247,1.0413475275081887,4.591619705157473,1.5141752969898488,11.106836336623568,0.08470533226418686,-0.506331918274586,-0.005469692816990199,-0.03659910443175207,-0.1641507057680408,ADL,False,ADL_057,21
7.16808213488365,12.548033913252311,4.308203353543682,175.10569237759697,178.51518493559965,3.52392991753317,1.0733192222731778,1.15297927263776,0.050494133557180625,0.11155594587326047,0.1198354512453079,0.005248131882043534,0.8199918142185992,0.8630572123689334,0.023922931878351098,0.42963433873108325,1.2245304676192272,0.36930528248904915,118.94817724773401,312.6624230928404,103.06334592772636,2.4995437662171125,2.756534844038068,0.09049354968086722,0.5670367841393413,0.6935119240268433,0.11758065134210811,1.4204589148162903,1.7803276330694708,0.31192188496052126,0.2597912748654683,0.2865017652511596,0.009405490296444776,0.05893523891766863,0.0720804929733276,0.012220801141605269,0.015344626010692995,0.0192321378823452,0.003369562202289138,0.22666490391331354,0.2864324484814485,0.04589073481755475,1.6907397596167373,5.421511731292044,1.6512141250292072,8.959105197466622,27.14200385226476,7.986504198365572,0.17572784423828122,0.5634874105453491,0.17161972853406945,0.09678148182368315,0.2932037624950645,0.08627487833578004,0.7475785560905888,0.8368718463281126,0.07003044869492142,1.123055502642168,4.591619705157473,1.5413758084234028,0.6373332331980777,0.10684026860441986,-0.23379320746411403,-0.0025255706412608027,0.022375270581901974,-0.050844084033075276,ADL,False,ADL_057,26
5.3770999698149495,11.951740047901874,4.268817861216278,174.89891309478068,178.51518493559965,3.8669508898582574,1.0957084193654505,1.15297927263776,0.03941131500646585,0.11388297776381173,0.1198354512453079,0.004096233843966622,0.80523217923556,0.8449085172604033,0.021967364243745437,0.5091002383304529,1.2245304676192272,0.3310357694376104,140.68749516768085,312.6624230928404,117.50036540617029,2.4281898378945934,2.6064446322641275,0.08256641930089754,0.5578875452189153,0.6935119240268433,0.12735970554501808,1.3572086467775664,1.7803276330694708,0.32333107104549497,0.25237507025400796,0.2709020674228668,0.008581580215224711,0.05798430840174351,0.0720804929733276,0.013237191809650026,0.014661359709917355,0.0192321378823452,0.0034928108874388688,0.22960908108300015,0.2864324484814485,0.05159132619608019,1.3975626417689808,4.521123579107442,1.3305485706048885,9.232253853107903,27.14200385226476,7.684212981686493,0.1452563405036926,0.469905138015747,0.13829120101826034,0.09973219297936706,0.2932037624950645,0.08300935223159296,0.7447310399654258,0.8368718463281126,0.07007427167607179,0.8800864886862885,3.876660623138033,1.3100853591023274,-1.0485805372590358,-0.0018465971466095077,0.5101260253031454,0.0055106789749075,0.1201414263103672,0.10903916797650615,ADL,False,ADL_057,31
3.8502135852796164,11.951740047901874,4.1641083086528585,175.6822621878283,178.51518493559965,3.032371427455293,1.0512846922633026,1.15297927263776,0.09641908119757907,0.10926577647527057,0.1198354512453079,0.010021363244055483,0.7841109692926694,0.8449085172604033,0.040301899804752156,0.6035046500639941,2.9492937796622454,0.6888168874648058,125.05540486602315,312.6624230928404,122.27262994183445,2.3286041727758997,2.5783625921786686,0.13396723803731653,0.6076077659846657,0.6935119240268433,0.09974200922048287,1.4141846464186472,1.7803276330694708,0.24711383857373762,0.2420245865980784,0.2679833471775055,0.013923948854311462,0.06315200328826899,0.0720804929733276,0.010366733354802895,0.015276847702536154,0.0192321378823452,0.0026694678708614247,0.2620195884965703,0.3228412466778893,0.046658463645019285,1.6760323588645798,5.231317959965001,1.4764945333420483,4.959093542107647,20.51175917196717,5.30122082064679,0.17419922351837155,0.5437195301055908,0.15346016434405033,0.053571021985895556,0.221579990827081,0.057266880473938075,0.7647416873802795,0.8368718463281126,0.05515318843727557,0.6201014371172169,3.876660623138033,1.0658920746660447,-1.508443700719134,-0.18049254131753012,-0.37853711711824434,-0.0040891788088757,0.03695479129615281,-0.06820911413214126,ADL,False,ADL_057,36
14.908377763940463,19.353474464032157,4.275828711229564,175.15170305785205,178.89806955281827,2.7977811255964387,1.3884342197934503,1.4444044544189056,0.0358114844302929,0.1441534320513407,0.1499645113945007,0.00371810800532404,1.0002461727361487,1.0554445904078882,0.0312581705991497,0.7497292967789426,2.773227824991311,0.6562711732423978,91.9984253701361,292.6170011354111,104.43760190807765,3.1594627871661567,3.3330094914286743,0.1046270016407618,0.7718283015729941,0.9659160244574494,0.1318438117240972,2.4500045098790504,3.21940727743973,0.4852598673629093,0.3280295153458913,0.3460479080677032,0.010862841866574541,0.08013465603192645,0.1002857089042663,0.013688612455537706,0.026409868535388927,0.034703659775408,0.005230867637540558,0.24341018039286866,0.2898021249777959,0.03546110968347954,1.1043688773011866,3.3356701142554317,0.9308286558896333,6.335143686092303,14.188715141207576,4.9897268757464355,0.11466050148010251,0.3463241457939148,0.09664278183678635,0.06828979751990612,0.1529475150165637,0.05378685234439265,0.8451720051250764,0.9048279330150402,0.061845980830074705,0.5636446522994897,2.8697131339992232,0.9407181243720951,1.71698065224599,-0.00681660811071616,-0.8983185941968834,-0.009683441756932299,-0.0456966449928915,-0.1467743943702624,ADL,False,ADL_058,4
12.364682744440787,19.353474464032157,4.7412264153085415,176.41843850015064,178.89806955281827,1.732579836717328,1.36621932524618,1.4444044544189056,0.06029241719308144,0.14184698263804119,0.1499645113945007,0.0062598276109522245,1.0043831747580294,1.0554445904078882,0.03534583176696974,1.0985883591778631,3.038716017078958,0.807275081018575,169.04018632964497,373.2680421897912,123.3583721469247,2.984024473554904,3.2131488492992952,0.20130800705275725,0.683404458139658,0.8856283076451635,0.09776270340599894,2.0459800402217456,2.7965917439400862,0.3730533498893777,0.30981472730636594,0.3336034417152405,0.02090069497162602,0.07095409830411269,0.0919498801231384,0.01015015981433284,0.0220546793568774,0.0301459119796714,0.004021335425113697,0.2294285238170563,0.2804610678887184,0.031103727167280912,1.8379240329193942,5.976076340973631,1.7416252435054378,6.625802672577556,14.188715141207576,4.999212864962604,0.19082146883010864,0.6204628944396973,0.18082329909436387,0.07142296139399382,0.1529475150165637,0.053889106739075154,0.7976047982456865,0.9048279330150402,0.05827172944658175,0.6976305360146078,2.8697131339992232,0.92108604460361,-2.8849409850919123,-0.10493643969980049,-1.0132166527412834,-0.010921987485682301,-0.007438481688972209,-0.16464638495093964,ADL,False,ADL_058,9
10.506177149985119,19.353474464032157,5.897190135326772,175.71431678703365,178.89806955281827,1.9905621768860458,1.2984283262242176,1.415094977098558,0.07198672775224725,0.13480861882368725,0.1469214707612991,0.007473983080866239,0.9717412451011683,1.0258441926824369,0.04134215734046516,1.310329616393767,3.76275476007712,1.0577760632919189,222.8877649436719,428.1135776128301,147.21296971333834,2.780023430954709,3.108991307003787,0.2295441924635483,0.6355255519330922,0.7784117236553335,0.07429062834096922,1.7654582386115434,2.420075282114266,0.2510919969268596,0.2886344293753306,0.3227893412113189,0.023832301652718223,0.06598309675852453,0.0808181762695312,0.0077131843136180244,0.01903078945301692,0.0260872458759422,0.0027066507846771402,0.23045437568952293,0.3007915022547947,0.03512438483953319,2.3403721335409835,5.976076340973631,1.9730764050238332,6.658913875327067,14.188715141207576,4.5463593353357235,0.24298787117004392,0.6204628944396973,0.20485359077797657,0.07177988421113032,0.1529475150165637,0.049007563813334466,0.7577503726933369,0.8489673367346215,0.04186226796297161,0.6879963702592556,2.8697131339992232,1.0364033344452737,-13.543165544742719,-0.2244176079509872,-0.7749622770082611,-0.0083537200740436,0.05041791311253918,-0.06352277325530853,ADL,False,ADL_058,14
7.007457827492695,16.30482441739068,5.692039312350767,175.75768334627094,178.5579563944357,2.061964504724393,1.1756929446153868,1.3467164824741025,0.12948781137433907,0.12206568419933315,0.1398221105337143,0.013444001993270139,0.9260859065572551,1.0258441926824369,0.06712507238746895,1.615753846094961,3.76275476007712,0.9557362345345173,174.1776423154647,428.1135776128301,166.91667501913335,2.5390085101029274,2.9088983478037944,0.21019533578346347,0.6550032399692699,0.732588674114523,0.06697814038893808,1.6546692483194712,1.9034927818186025,0.14580808603796022,0.2636111855506897,0.3020147979259491,0.021823417071121953,0.06800535718599951,0.0760606229305267,0.006953969206346914,0.017836537500833145,0.0205187353423985,0.0015717409368562058,0.26101335580751583,0.3133197149616548,0.042126533141489335,2.7411809402281664,5.976076340973631,1.6838325215711487,4.434854755371629,13.503266561044896,3.932502498657532,0.284601628780365,0.6204628944396973,0.1748230009919042,0.04780559814916072,0.1455587094789123,0.04239048278721788,0.7573501349537671,0.8050479349727634,0.03319620989060285,0.45741052645632596,2.744211043675726,0.7438838306837255,-3.0100791340049295,-0.408516403389358,-0.017790144942596564,-0.000191769193593299,0.117247794241616,0.013537208167407444,ADL,False,ADL_058,19
12.259644957643884,18.078146478574027,5.278864181011689,175.30284819810342,179.00232620029135,2.8330193732124274,1.314420246506785,1.426427177379315,0.08287781081439469,0.14844265878200527,0.1610920429229736,0.009359717810202851,0.9795469426823344,1.0143131526233782,0.023753953401343775,0.4238120770467119,1.5161326525617047,0.4335866219159408,122.46241410375957,524.7399818732968,142.62742660586238,2.9868312934276577,3.163406780951997,0.10216484155603917,0.7152170187975159,0.8147873262674394,0.09982475371425427,2.136412097698068,2.471171254082944,0.30599448856263955,0.33731462955474856,0.3572559952735901,0.01153787820518213,0.08077227671941119,0.0920171439647674,0.01127360286254254,0.027247960267086018,0.0315175036768273,0.0039026766770726548,0.23971877716883055,0.2814313560138695,0.03466278791330459,2.6030328938924727,6.614214247169876,2.039683710690841,8.864013211589555,30.88331830333462,8.468273357108526,0.2939707636833191,0.7469692826271057,0.23034952017359392,0.11305228989133552,0.3938881599443,0.10800499408046647,0.905380194806346,0.996739923614088,0.05963206905948484,0.6850921902714765,4.330376950382857,1.31293366023443,4.644352221505247,-0.08255322019723632,0.07732311468248909,0.0009861848090383998,0.026086861059737704,-0.025801956786140057,ADL,False,ADL_059,2
10.212533276305093,17.73910396988366,4.433069534740506,175.28143220006388,179.00232620029135,2.360870314230815,1.2231011267543022,1.426427177379315,0.1255969236018007,0.13812963068485257,0.1610920429229736,0.01418415558025676,0.9821371446371467,1.0143131526233782,0.025285750730371894,0.41348758071644737,1.5161326525617047,0.4282922991576876,54.999963814417725,215.72156880473,66.07037152007995,2.881058336224972,3.163406780951997,0.18385706749830358,0.7232457810521485,0.8147873262674394,0.07678762691106603,2.086923552179696,2.471171254082944,0.28317065135785385,0.32536927262941995,0.3572559952735901,0.020763703243192478,0.08167899648348488,0.0920171439647674,0.008671929339594556,0.02661677964261126,0.0315175036768273,0.003611579744056525,0.25164214258514644,0.2843476384735766,0.027053469818512418,2.70890674566363,6.614214247169876,1.857488270342406,6.3652277529058034,22.114718362666625,5.643139358932991,0.3059275150299072,0.7469692826271057,0.209773471033179,0.0811825925761269,0.2820527780726412,0.07197302299472687,0.9093944095796008,0.9777365643763029,0.042532517042221205,0.5149958201671321,2.959594542646892,0.881273245406393,-9.481841060985946,-0.3807762333629361,-0.8796132291135217,-0.011218653153627498,-0.0278503564424471,-0.09795975821895508,ADL,False,ADL_059,7
7.437020534438217,13.793379608302953,3.1837261857576062,174.65358938100405,178.41150289863742,3.4115749582596093,1.1151604493081548,1.256187516899567,0.08876901097302006,0.1259394645690918,0.1418662071228027,0.010025034262294513,0.989490309120463,1.0352893709113873,0.026685699641970477,0.6862338357039302,2.7169570238829093,0.7775704711476557,58.7365124772019,215.72156880473,67.85507980524174,2.7650204694232197,3.1110364304069007,0.15466201167283133,0.7015703554878726,0.8147873262674394,0.07981808577343377,1.9482614130846783,2.471171254082944,0.3074026919147544,0.31226465900739037,0.3513416051864624,0.017466590526358055,0.07923110524813332,0.0920171439647674,0.009014171002453055,0.024848272311707654,0.0315175036768273,0.003920637008334458,0.253430683231042,0.2843476384735766,0.022408758170421473,2.2737563006247345,6.476716149635853,1.6733743625446582,5.84070852284188,15.144335652620857,4.549475510786073,0.25678426027297974,0.731441080570221,0.18898076180272094,0.07449283494205258,0.1931519937462678,0.05802435217790995,0.9012847255683584,0.9777365643763029,0.04818654249763952,0.5633496541732093,2.959594542646892,0.7939346964478939,-5.073714515054861,-0.19549884000485385,-0.4294631123843733,-0.005477404773656398,-0.006981251810922406,-0.04068648968460631,ADL,False,ADL_059,12
7.10948441278071,11.815260462694756,2.305253041312877,174.27126947261513,178.41150289863742,4.060740184689489,1.0555710440086825,1.139015936448026,0.04478702765915167,0.1192097981770833,0.1286335587501526,0.005057975546509031,0.969782468383616,1.0352893709113873,0.04066810772784464,0.634598687254124,2.7169570238829093,0.7700594357469301,48.59833068385375,211.78419088600964,57.00233747082266,2.6458507366965214,2.7796803710548565,0.05608511487289686,0.6789513238077084,0.8146395469518033,0.07622748336749526,1.7960827623513376,2.1237541012570262,0.20092867452513566,0.29880635142326356,0.313920259475708,0.00633391306315672,0.07667664885520932,0.0920004546642303,0.008608670121602288,0.02290737437673123,0.0270865192302851,0.0025626593979121404,0.25676963063143815,0.3124821922655078,0.029961308015139756,1.478116159722672,3.854926366106266,1.108129347883422,6.717960768917046,15.16786423702113,5.061020413403006,0.16692948341369626,0.4353520274162292,0.12514541457448244,0.08568137594077815,0.1934520790779181,0.06454863426578758,0.8826052281045542,0.9334689729292496,0.04198993903119684,0.7533386201984802,2.959594542646892,0.8214873911084114,6.430280123512466,-0.025863623315221407,0.19767248784107783,0.0025211297485129985,0.06320440473433758,0.010731778101317202,ADL,False,ADL_059,17
7.189057841460925,11.815260462694756,2.2437993474668074,174.2001813728386,178.41150289863742,4.132476760985321,1.006066961254228,1.1287733784704488,0.06662674350491206,0.11361910700798032,0.1274768263101577,0.007524420730843311,0.9264136462347157,1.0352893709113873,0.055324461768284885,0.7074813345927856,2.7169570238829093,0.7576898738332981,58.74086609738562,211.78419088600964,59.525731290419,2.535880283960948,2.688448810546888,0.1568063135146111,0.7128416950047486,0.8193428875635583,0.0850429589289284,1.8004234921570308,2.1237541012570262,0.18730492797289833,0.2863869547843933,0.3036171197891235,0.017708754984392592,0.08050402204195656,0.0925316214561462,0.00960423651997804,0.02296273637051657,0.0270865192302851,0.0023889011116975142,0.28342754856726327,0.362036727304738,0.0463504725551208,1.5982686600839022,6.353681952619721,1.50695636919993,5.759738270453551,15.16786423702113,4.674614717529482,0.18049877882003784,0.7175463438034058,0.17018652193391956,0.0734601342649359,0.1934520790779181,0.059620387014481524,0.8831832803845179,0.9334689729292496,0.03725869060927602,0.551461432204173,1.813718186588413,0.5826315748822097,-3.3945085321724173,-0.12525563680010776,-0.2666606306472967,-0.0034010097005640998,0.05306042557848473,-0.043810269547112535,ADL,False,ADL_059,22
8.474972958566836,11.815260462694756,2.1269970171348733,171.97732758228432,177.66236908896343,4.301885098916026,0.9496850444259229,1.1287733784704488,0.08277786591836606,0.10725167493025459,0.1274768263101577,0.009348430639195236,0.8741461254634169,0.9649355971115492,0.042149891833919775,0.38194382190227905,1.3250579558187074,0.3860728407210451,39.474307252459624,141.50881912389994,40.503419945516725,2.399279453171697,2.63551452357766,0.16870188006984332,0.7581422127187091,0.8291826149602094,0.06090480231708882,1.814593118979388,2.1237541012570262,0.15380300912977257,0.27096008459726967,0.2976390421390533,0.019052168197837685,0.08561998804410294,0.0936428606510162,0.006878219361401503,0.023143456854673658,0.0270865192302851,0.0019616151238994587,0.31828696981605487,0.3753046135814769,0.03930639144448101,1.8206327241048674,6.353681952619721,1.8465652400021044,4.071966786001923,15.16786423702113,3.5962763069199934,0.2056112289428711,0.7175463438034058,0.20853989016740937,0.05193417005708942,0.1934520790779181,0.0458671779784444,0.8793693505922805,0.9334689729292496,0.03596159011737787,0.475746864031519,1.813718186588413,0.6077786226644398,3.835610825006741,-0.18142101294906665,0.06729011092668613,0.0008582231259940988,0.12124836213906376,-0.0054949144670142225,ADL,False,ADL_059,27
8.523269145673435,11.32984678288957,2.0379643783457997,170.43365398458528,177.66236908896343,4.487427532017219,0.9019563542210797,0.9914969499098816,0.04127915089276395,0.10186148583889004,0.1119736582040786,0.004661817198167941,0.8406736002813376,0.8884822320588296,0.022470573953174144,0.7202924818002633,5.150193595242542,1.225416147734762,38.53197064743414,141.50881912389994,41.23662167739949,2.218478321673397,2.542281081126092,0.1511894083142734,0.7713028580076661,0.837769120981939,0.044239149883429946,1.7144559081862336,2.0061256973079544,0.17948596407834083,0.25054150025049843,0.2871098220348358,0.017074415742981425,0.08710627158482867,0.094612568616867,0.004996101550021351,0.021866299351264724,0.0255862777363624,0.002289177459243845,0.34855364676834916,0.3821421568108687,0.021288772334970948,2.405030777837397,6.353681952619721,1.987935877763021,3.513240532949439,8.990078635519652,2.3833889134754274,0.2716096043586731,0.7175463438034058,0.22450543345442825,0.0448081334840164,0.114660137771434,0.03039792111520331,0.8555675163461385,0.9320301341627072,0.041549948142119215,0.5295721956864696,1.5232721804752936,0.5971202018958591,-0.22620079357549105,-0.04082944572300118,-0.6805565205839073,-0.0086798689505443,0.04401232373773867,-0.1586827938604939,ADL,False,ADL_059,32
8.687763289036218,11.32984678288957,1.9089490189653733,170.8066688192055,177.86323702668048,4.793823746076053,0.8820337496752292,0.9629875490615027,0.04266800749293674,0.09961154758930203,0.1087539792060852,0.004818666247735224,0.7971559872322002,0.8447666035231276,0.055641855133595514,0.9917401260515936,5.150193595242542,1.4928070058277167,32.243923226609105,124.79608651177011,30.228272244512503,2.0429653674284816,2.41048647350072,0.2044532079792246,0.6955892867646865,0.837769120981939,0.11711966559081936,1.4415328065133126,1.8490317525843685,0.3569135429443165,0.23072013060251872,0.2722257375717163,0.02308970656044268,0.07855563958485917,0.094612568616867,0.01322678542282392,0.01838541762513782,0.0235826897728603,0.004552102118973351,0.33879366540806743,0.3821421568108687,0.03504424179623538,2.4177134098186,5.537243456391683,1.8436850146092008,3.628143864417218,8.990078635519652,2.524384070244078,0.27304190397262573,0.6253427267074585,0.208214614962352,0.04627361919895097,0.114660137771434,0.032196183928647995,0.7905132491245528,0.8879496085132115,0.07589455804009056,0.6449865378731757,1.9717272656583584,0.6651413997369242,-1.7357525194856613,-0.07344605597952425,-1.0612857913676454,-0.013535718650145702,-0.07898270139835858,-0.239772631394216,ADL,False,ADL_059,37
20.07379995748543,48.573272179481286,13.510473856757189,173.02571289558585,178.77540136146257,10.074965754586936,1.1707628492178714,1.3204412309500952,0.09707483123248456,0.08400015930334723,0.0947393178939819,0.006964947079864833,0.9233699510907845,1.192467520296079,0.15920090491324773,1.571481843457032,3.536777772843411,1.2134494715744575,96.48746080272646,272.0564688247798,75.33006931847957,3.982196744365243,4.046673006759867,0.04585362888272932,1.1680975211865507,1.537227225544568,0.1103009498752612,4.65238615131984,6.209917866357755,0.45542607849313993,0.2857155581315359,0.2903416156768799,0.0032899165987022574,0.0838089267412821,0.1102933287620544,0.007913897649743633,0.02394959137188841,0.0319674658368729,0.0023444460810541344,0.2933190489025181,0.3805298944114183,0.02710464454180608,1.1524450240282418,3.8473983340511664,1.032633024954942,7.144278618274218,40.13505223830045,10.52462756046681,0.0826858878135681,0.2760440111160278,0.07408958924180081,0.036777375735685035,0.2066075492301955,0.05417876358844121,0.8787822357701576,0.9758907957141696,0.07582061447069861,0.021202878822685005,0.2112551053543643,0.05436431648093052,-48.24373040136323,0.0076788047829889905,-1.851633820858562,-0.009531855683851696,-0.10594314977447172,0.24331914366404384,ADL,False,ADL_060,133
8.370955014684798,26.299691609580783,8.574630911345144,176.28238124153262,178.77540136146257,1.7451096168771205,1.1418637820948305,1.3204412309500952,0.11493368282676089,0.0819267024596532,0.0947393178939819,0.008246288027688915,0.9993009861822764,1.192467520296079,0.12476079686199067,1.3881234578591695,3.536777772843411,1.24062207222236,59.20934210939515,160.18020475455666,46.33294438225809,3.9474939106043943,4.046673006759867,0.07597297995302242,1.1297194891567188,1.226741245395951,0.038776346911110114,4.459867174654681,4.85509111895582,0.1825062586243172,0.28322569131851194,0.2903416156768799,0.005450926652709574,0.08105537096659338,0.0880165100097656,0.0027821341614239735,0.022958540613740017,0.0249930776574274,0.0009395072065599216,0.2862727057885696,0.3099609763471281,0.010777124449756785,1.174110913054327,3.8473983340511664,0.9132508598314795,2.415234344792317,8.877935996358648,2.2662529296577696,0.08424037694931026,0.2760440111160278,0.06552413049407176,0.012433163057352155,0.0457019113252776,0.011666235313517789,0.9368930824545123,0.9758907957141696,0.03718675117955471,0.0526948565529257,0.2363280834909786,0.08748108767881525,-25.448762202525018,-0.09242001168462977,-0.2947879453245772,-0.0015175117890588972,-0.005950778607563267,0.10923352375940854,ADL,False,ADL_060,138
2.4020192611799733,11.719544025475509,3.1501987253486132,175.86661565123757,178.77540136146257,2.076265432621929,1.0622046439784956,1.3204412309500952,0.19437287915677812,0.07621130049228664,0.0947393178939819,0.013945909561724739,0.9668716446530048,1.192467520296079,0.15044780032204616,1.204581061739095,3.536777772843411,1.1615966162202913,36.111309306573474,127.71668658565274,39.56930770553776,3.8179019873263784,4.046673006759867,0.20667387069869134,1.1288441030576737,1.195849077093651,0.035029604585488115,4.303845324740818,4.538063138452185,0.14921896689293432,0.2739277005195618,0.2903416156768799,0.014828483901865561,0.08099256356557208,0.0858000516891479,0.002513312040504197,0.022155370062331023,0.0233610784338971,0.0007681506147135474,0.29701412049356524,0.3540164893849646,0.025505260454578026,1.4946829959125187,3.48581142730084,0.9091887881545674,1.455476136822787,4.206647458518269,1.2841545497363902,0.10724085569381711,0.2501007914543152,0.06523268405110506,0.007492511927143361,0.021655014093902,0.006610581263941953,0.9560169812134174,0.9758907957141696,0.0146124954005319,0.11393884113837903,0.4330629805131036,0.14183656317386528,-9.836800005669799,-0.46567331015525915,-0.4674846013095255,-0.002406521043150499,0.07294689080555239,0.0036667386776005895,ADL,False,ADL_060,143
1.8194328940113949,7.934621245955462,2.042591888950159,175.37274070434287,178.68588628920153,2.113363848623574,0.827952990907002,1.2143107738661465,0.2196012787429579,0.05940415958563483,0.0871246457099914,0.015756002515753258,0.8004867828443156,1.1084480250927289,0.16981668242860867,0.9291326788130291,2.509562916581582,0.7687794429580497,24.60927742693882,127.0034025053034,34.219672582196715,3.4817641927089173,3.9540708537344025,0.38183338582430704,1.1666307537914415,1.2479452389351298,0.05607653523473253,4.041792902945601,4.356415303365662,0.27929636224144033,0.24981040954589845,0.2836975753307342,0.027395868649236137,0.08370368878046669,0.0895378589630127,0.004023392009785861,0.020806374468268225,0.0224259902270258,0.0014377640913232903,0.3412159318554567,0.4596810114246924,0.05619368588331108,2.5453980311915965,5.549101059550843,1.3202836542328151,2.3027856911599716,7.566906901160935,1.9015885245022268,0.18262779712677,0.398138165473938,0.09472801204381524,0.011854298961118512,0.0389529850570369,0.00978901291466976,0.9306750993923864,0.9729824127328216,0.04081230275182331,0.3182496903205691,1.5307934782567645,0.40206920625778375,7.55442374489529,-0.7769821454833372,-0.9772606730808828,-0.0050307504628488015,0.18104397030981012,-0.14854547342354618,ADL,False,ADL_060,148
7.369398055428287,34.44241825516973,9.240910340113116,173.15225034427937,178.64524913055865,5.876311997736677,0.5434767111548524,0.8820272312477851,0.2678100805814431,0.03899349073568977,0.0632838904857635,0.01921489859958575,0.5943615465436057,0.8268772424101452,0.1790310244247252,1.138598959135691,2.509562916581582,0.7072071544063105,75.41842819123727,356.1231987816846,107.9283794412379,3.018278212446657,3.705009081245109,0.4623433984976712,1.1647334377734055,1.2479452389351298,0.07133364239110047,3.526847480966364,4.247932146370681,0.6279823360770778,0.21655611197153724,0.2658278346061706,0.03317231935793006,0.08356755971908567,0.0895378589630127,0.005118062405672877,0.01815553422541162,0.0218675397467222,0.0032327325911120294,0.3937242975313613,0.4880812760459321,0.056036656967095005,2.8822560836996094,5.549101059550843,1.2707952307713644,5.068666418217896,18.10611106725697,5.029589437981423,0.2067967653274536,0.398138165473938,0.09117730537661048,0.026092522324763178,0.0932067862148144,0.02589136152721305,0.8436839069208507,0.9598668184490176,0.11172696668083995,0.7178466201063454,2.803437752322282,0.8092201824748226,33.646911318054364,-0.8634668832359552,-1.5594367251201064,-0.0080276810914217,0.1786263619225536,-0.3569937155056817,ADL,False,ADL_060,153
19.72227846571929,46.845061001165526,15.920697335666544,162.7569395204647,178.64524913055865,22.40086586431146,0.2856973536396108,0.6704118077153656,0.23468981414025739,0.020498278737068124,0.048100858926773,0.016838578186713485,0.3861099987375116,0.6885736047202835,0.2022152081189277,1.8423735775599355,6.269820014843206,1.44731558269672,130.86145351819727,407.8174077609722,144.95232057281444,2.652921153013404,3.267921784946735,0.28428431249793906,1.186413283353771,1.2664268736423117,0.0797894084701575,3.153155923992871,3.926944970449617,0.44224367905878614,0.19034239053726193,0.2344675958156585,0.02039689553970937,0.08512305021286008,0.0908638834953308,0.005724748634354574,0.016231841780814993,0.0202151593447332,0.0022765856177380545,0.4512208294517241,0.5222719737549513,0.04864884577945916,2.5487816648573647,5.549101059550843,1.461836591771523,5.996447231637118,18.10611106725697,4.58853384304804,0.18287056684494019,0.398138165473938,0.10488418441557397,0.030868559962517094,0.0932067862148144,0.02362089193862506,0.7343033675378824,0.9153333799583472,0.11856900512317993,0.76538039591639,2.803437752322282,0.855597358579322,31.44410894400137,-0.6117560653620018,-0.665487501500075,-0.003425801987546599,0.12403846560767079,-0.247265112006388,ADL,False,ADL_060,158
32.068167454091274,66.5170872366942,16.329783353897827,159.67118997660657,178.58789309325746,21.01015179920998,0.14473511697138539,0.4135975016221063,0.12283266812958811,0.010384488105773882,0.0296748876571655,0.008813026222546712,0.22000050196010493,0.4909568958928599,0.1489224280766537,2.428177928685516,6.269820014843206,1.7929980152243046,277.0139789715939,1036.2477971274711,272.8030832823777,2.5097812923495524,2.6729451531180484,0.09446385155413202,1.1706345679922663,1.2664268736423117,0.0752915787577513,2.9377828102163788,3.261457468949542,0.21683189507916714,0.1800723592440287,0.19177907705307,0.0067776139157949885,0.08399095535278317,0.0908638834953308,0.0054020373247039,0.015123142309259973,0.0167893573571866,0.001116208997841894,0.46714419740343505,0.5222719737549513,0.03566931397462065,1.8207720714479432,5.646497870494796,1.4657619595183236,5.77826120771095,18.10611106725697,4.901850202466578,0.13063716888427732,0.4051262140274048,0.10516582259385718,0.02974538016915314,0.0932067862148144,0.02523378444886369,0.6422272961799186,0.7590042247862201,0.08566053388222648,1.196772768507099,5.893536539217275,1.7002691097173206,58.65209242402837,-0.12017216296061278,0.1005002006082174,0.0005173557523115001,0.04924942832086382,-0.314884775880704,ADL,False,ADL_060,163
37.27581462079666,66.5170872366942,14.322859664241733,149.62409913442514,173.74693655126555,29.93501242846007,0.16351377152224547,0.4430645229679549,0.13784967440649565,0.011731823285420693,0.031789094209671,0.009890469805901185,0.12285576743206257,0.2498555515140032,0.0768360638063206,3.5342128406207096,9.729350751985296,2.3818365445828444,469.737028686061,1496.0592041150496,410.29865800388507,2.41886406095456,2.6729451531180484,0.20817297989968345,1.225764674278372,1.3094039226065155,0.052577755984266915,2.9648064821650375,3.261457468949542,0.2724807076575651,0.1735492090384165,0.19177907705307,0.01493604232992858,0.08794644276301064,0.0939474105834961,0.003772360800004373,0.015262254988106443,0.0167893573571866,0.0014026784090719442,0.5110315437608467,0.6333549130909198,0.05336702614947331,3.1947906866372717,16.871081573091036,4.062549058796917,5.089191788742924,29.976321333915227,7.124773388335285,0.22922056913375852,1.210470199584961,0.2914806942709021,0.026198182994544753,0.1543123514319688,0.036676966553932246,0.616243025245273,0.755831265973284,0.0788066319077613,1.1488766322233122,5.893536539217275,1.70195057803397,-11.927539540228167,0.3258730812429861,-0.801322599451566,-0.004125055012572399,0.11108293933596858,-0.021125185216152254,ADL,False,ADL_060,168
31.221918019349403,66.5170872366942,16.77613029946824,155.7437573988805,173.74693655126555,25.488257001005593,0.2294167869847258,0.4430645229679549,0.12055199964354862,0.016460247834523475,0.031789094209671,0.008649392301062583,0.13384598625073324,0.2498555515140032,0.08105683090129595,3.6053958365618355,9.729350751985296,2.36776822276736,504.5248747932685,1496.0592041150496,391.9896286819975,2.2674230134923743,2.6729451531180484,0.2846594309301327,1.2073960212010806,1.3419874923680604,0.07543168468561041,2.7410651647811743,3.209334283293529,0.39559281529266466,0.1626835823059082,0.19177907705307,0.02042380962233758,0.08662852446238196,0.0962852239608764,0.005412089676695898,0.014110477609775256,0.0165210371969806,0.0020364359207858296,0.5405682353406046,0.6664431222581962,0.07222160872723704,4.972384668279588,16.871081573091036,4.112873308308115,6.373334044750599,29.976321333915227,8.126554053891441,0.35675978660583496,1.210470199584961,0.29509136997570945,0.03280870097272976,0.1543123514319688,0.041833941234015924,0.625475379452015,0.755831265973284,0.08405850056725254,1.3344731511447525,5.893536539217275,1.7210253901614352,-10.085774897229921,0.26899555343948156,-1.0733414875074416,-0.005525356062932401,0.07057981200811803,-0.061022589893427015,ADL,False,ADL_060,173
27.845396120398323,72.17761824868415,21.46238373352016,153.03857590367053,177.460660661044,27.799212929480973,0.37043716211666566,1.2164254410638418,0.2849654203707787,0.026578209797541254,0.0872763693332672,0.020445763822350495,0.21351501025968359,0.6574484118063342,0.16469624890821877,3.228426397827176,9.729350751985296,2.448080117837744,456.03025601485194,1496.0592041150496,382.3757340472485,2.25056083753011,2.921647627409344,0.29606976594004764,1.5626720731747346,4.474910767672873,1.1426641958611037,3.6049683174275655,11.763229236917104,2.9677949269121906,0.1614737510681152,0.2096230387687683,0.021242480934958854,0.11211895147959389,0.3210669159889221,0.08198413072868349,0.01855768530445418,0.0605548473997785,0.015277638928347874,0.6882158707965055,1.935283978211407,0.4498872817808129,8.566302900440181,17.884377258699804,4.965818122089467,21.613920621369353,156.99869333067662,38.47721681130032,0.6146170496940613,1.283172369003296,0.35628864855562115,0.11126431684510503,0.8081991539166289,0.19807333049875386,0.6443627064832602,0.7622654556806963,0.06777495200615259,1.1226248212398588,5.27295857029729,1.4798226279692346,55.52917114915828,0.7731133554068619,7.427656740834456,0.038236151946065895,1.4065848106556733,-0.1268863928399374,ADL,False,ADL_060,178
40.16846993561075,75.96924545223123,28.750191440980142,144.59600882033445,177.460660661044,30.314780700425914,0.5930440367428861,1.2164254410638418,0.3697153654987951,0.04254985849062597,0.0872763693332672,0.02652642216956332,0.3344807030208223,0.6574484118063342,0.16309620276504674,2.4379612240120374,6.03078910036946,1.671895329571271,246.68809809296957,830.2331820496386,220.5444566496532,2.1060598251418354,2.921647627409344,0.3841899133955304,1.926729843864245,4.474910767672873,1.2554568403467616,4.085128957413868,11.763229236917104,3.0850085265848124,0.151106059551239,0.2096230387687683,0.02756494532562515,0.13823945124944048,0.3210669159889221,0.09007680305029891,0.021029460162883335,0.0605548473997785,0.01588103205266776,0.9406098824982555,2.017425409436207,0.5732651098582784,10.153691477414352,20.201140346862147,4.919264231386984,39.5529555251134,156.99869333067662,44.55116143481742,0.7285093665122986,1.449396014213562,0.3529484894125363,0.20361102702281283,0.8081991539166289,0.22934083216721385,0.6058451106520797,0.7622654556806963,0.10081714078200679,1.3755775818277651,5.27295857029729,1.657335756001014,23.57141428697038,0.803337187523522,0.8051012628658492,0.004144506846913001,0.43532748248436837,-0.043150920695088524,ADL,False,ADL_060,183
54.394016912957746,75.96924545223123,25.194858202520276,113.15980677680093,177.460660661044,43.78870265299588,0.8409453937418448,1.2164254410638418,0.303325095840767,0.06033634146054581,0.0872763693332672,0.0217630379955676,0.4046947707193326,0.6574484118063342,0.12551154823184293,1.6952648494641127,5.064827317827562,1.3505397808033397,163.79245659061962,830.2331820496386,207.89743164969184,2.0366957503672207,2.921647627409344,0.40376838783225505,2.2919178739178765,4.474910767672873,1.159282486882036,4.656243639722472,11.763229236917104,2.88353247834251,0.14612931013107297,0.2096230387687683,0.028969666164435547,0.1644410451253255,0.3210669159889221,0.0831764636542117,0.023969448982146892,0.0605548473997785,0.014843872008405923,1.1664713516650087,2.017425409436207,0.538876004320807,8.546489577845394,20.201140346862147,6.34149769970469,42.80408232283397,156.99869333067662,43.391981383827144,0.6131954789161682,1.449396014213562,0.45499121991517405,0.22034720406639607,0.8081991539166289,0.22337359564713563,0.5858184517819942,0.7622654556806963,0.09651814818210247,1.3225710898063225,5.27295857029729,1.7388388162414083,60.3235648509928,0.7191376278475334,1.401238487952328,0.0072133069159576995,0.6609408483405326,-0.18231700299840958,ADL,False,ADL_060,188
66.82634994284894,75.96924545223123,5.069361393444593,97.46432815311226,168.42880456121335,34.77115904304714,0.9794237929675496,1.0953336408658103,0.06459569859041245,0.07027192115783688,0.0785882472991943,0.004634626880696226,0.40212770624528343,0.4774657677750931,0.05015711145971596,1.177806076949574,3.7012283503801657,1.047242448280018,61.88379727119325,347.47124697058115,83.20506088076307,1.8260210650530964,2.1370799285250417,0.1711026089041487,2.6050172742386897,4.089594395656404,0.7966442422641891,4.818824257904514,8.461344398367604,1.7610006924906485,0.13101377487182614,0.1533316969871521,0.0122763089166764,0.18690537214279174,0.2934211492538452,0.05715781236395654,0.024806382814336274,0.0435573776996633,0.009065293726488906,1.420109478691352,2.017425409436207,0.3712823760291669,5.372607138716114,20.201140346862147,5.543361129761728,45.2811395906323,119.90379222648522,36.6366153918941,0.3854750394821167,1.449396014213562,0.39772633568535365,0.2330986196709901,0.617241719488284,0.18859826750107228,0.5657498400733819,0.6588646243680039,0.07792453204226572,1.146147837549034,3.529753310288576,1.412356255908084,-3.116434253335072,0.1431115875648027,-3.915432305322535,-0.0201558943533016,-0.7928199014286972,-0.07337970940824723,ADL,False,ADL_060,194
67.96373123513605,74.28846069739812,4.689369211379802,88.38571742539153,168.42880456121335,32.683409661655205,0.9414763926353713,1.0327160647407674,0.08682108446733737,0.0675492624441782,0.0740955471992492,0.006229258923801511,0.34596207347639374,0.4160785283696677,0.05187551902922371,0.6437061903236084,2.2671550144202954,0.5854715926817076,37.249611203238345,120.00559587342906,34.40248559519862,1.8732283345431222,2.068993543064925,0.10101086139909146,2.765658155522055,4.089594395656404,0.7306045156876475,5.222931860352472,8.461344398367604,1.590124155794283,0.1344008127848307,0.1484466195106506,0.00724735026787054,0.1984310706456502,0.2934211492538452,0.052419579034734605,0.026886651225881707,0.0435573776996633,0.008185654097314858,1.4690069104464247,1.9765972012289037,0.34247019723531624,2.2631632737465863,7.528314913469365,1.9998551843083257,39.23539859183927,118.53439170505573,32.85371664141273,0.16237795352935788,0.5401432514190674,0.14348606481470522,0.20197630485189674,0.6101923083160443,0.1691246304622478,0.5865015644910627,0.6588646243680039,0.04891447192547461,0.5852137068572019,3.527071535513321,1.0329323691787755,13.829544035659985,-0.28492928624317426,0.8775469335196662,0.004517443261129,0.0967398034269451,0.018871238937450796,ADL,False,ADL_060,199
72.91121822219458,78.82898375769904,4.442449405863918,92.96807994311676,168.42880456121335,28.769006408947885,0.7805273594947947,1.0202025184831018,0.20988478623428744,0.056001454591751036,0.0731977224349975,0.015058861400331509,0.28920594554186985,0.3993917231579174,0.0538972932384611,0.37694742393177744,0.7745763013644896,0.21435916546545564,35.12905407305428,120.00559587342906,35.245740520302085,1.9185658134416095,2.068993543064925,0.08488362883293665,2.7061263070886716,4.089594395656404,0.7427527026505489,5.215479733641088,8.461344398367604,1.55829206657277,0.1376536965370178,0.1484466195106506,0.0060902499160920935,0.19415976603825888,0.2934211492538452,0.05329118991717102,0.026848289107221687,0.0435573776996633,0.008021788608816567,1.4070236832903211,1.9765972012289037,0.36204872397134147,1.8916713671934247,7.528314913469365,2.005413586932656,34.077122023705854,118.53439170505573,35.44654373472996,0.13572406768798828,0.5401432514190674,0.14388487035096548,0.17542248666659077,0.6101923083160443,0.18247200691879847,0.5614823319991442,0.6397533247434104,0.051058571676600654,0.45289863105639644,2.4915477781467144,0.65916084651024,13.984582211512915,-0.6596258004235646,-2.4249536859912943,-0.0124831963612415,-0.77972885577302,-0.13777387898232485,ADL,False,ADL_060,204
77.0429035049704,81.32099349827202,3.0923027470763804,83.26171319230669,130.1497644198417,17.531210582338108,0.5796255297830576,0.9202843895485804,0.20217968919805762,0.04158710439999893,0.0660287737846374,0.014506034344943268,0.22881701514114708,0.3164943598411462,0.052233473972918755,0.3867735027431475,1.0355140215751175,0.254962679318298,31.62142469164812,90.34446849504832,26.01104512484078,1.9929854284717663,2.252327836991708,0.11936114351164473,2.3078482837324557,3.809597671379962,0.545796499694202,4.5797688136671075,7.646526596761957,1.0185909086178235,0.14299317200978598,0.1616005301475525,0.008563950484341021,0.1655840237935384,0.273331880569458,0.03915993145166026,0.023575771248895403,0.0393628519753832,0.005243510586410992,1.1668618195908536,1.8979772655869347,0.3059381590280107,1.4398943821410737,5.522558683999335,1.2469038550763047,16.169112628114146,75.25827771119138,25.17750552724685,0.10330986976623531,0.3962337970733642,0.08946314151695126,0.08323548985277537,0.3874151757639055,0.12960896828608315,0.5320159967541868,0.5963051850069842,0.035644818429354796,0.21934766168631145,1.223995758062697,0.34294524137824944,7.067208459529496,-0.5159638427866845,0.6746602301668787,0.003473021434984999,-0.28817511911166194,0.03431369268555717,ADL,False,ADL_060,209
81.0493184486468,88.60382530502817,3.6877215602287223,87.13877666819646,108.9414653151672,12.641509629179726,0.4007705974909502,0.6646198376889138,0.11596643651356867,0.028754580020904485,0.047685295343399,0.008320386274204788,0.20209951806330573,0.252555895543117,0.03119345108820593,0.6059877716329901,2.3931004555935917,0.5563242086049964,52.19638974687328,201.10003163022697,53.68917454079156,2.150945875969128,2.454147088614788,0.1965320971548471,2.018957025259722,2.155971952387856,0.06807541244049156,4.332022823539661,4.874220068474241,0.29268086856551356,0.15432655413945515,0.1760807037353515,0.014100829625962878,0.144856588045756,0.1546871662139892,0.004884290181792577,0.022300422420446796,0.0250915498197628,0.0015066649621345266,0.9487380941977627,1.1153292969322628,0.11322073210904186,1.3083355816062263,2.861093627524358,0.713482963937684,3.048418654312213,5.609405148273785,1.398255823840868,0.09387075901031491,0.2052783966064453,0.05119113804390701,0.01569267440977735,0.0288761415692917,0.007197952733319832,0.5178348156474794,0.5481711650758125,0.01907566245496706,0.21297811851562162,1.117222397945703,0.32286551667891056,6.600958346940928,-0.29707813444553083,0.6617162894626949,0.003406388511464801,-0.2941399826014568,0.003927849353201673,ADL,False,ADL_060,214
80.97239804210884,88.60382530502817,3.8676221489924343,98.77919374819456,129.5094700002216,17.61737841808993,0.36049239721075865,0.4252121793243182,0.06075989231278089,0.025864690542221017,0.0305082201957702,0.004359414579081866,0.20135201166201472,0.256517313941157,0.03314059955589637,0.9856367857147994,2.3931004555935917,0.7296432670072759,61.71686193397258,201.10003163022697,50.096336189002514,2.246522907307711,2.454147088614788,0.1435114247682323,2.0043372023518753,2.0702454792137868,0.045583935006850186,4.499742334321365,4.874220068474241,0.25677931916257263,0.16118403673171994,0.1760807037353515,0.010296690359140773,0.14380764166514076,0.1485364437103271,0.0032705665411290083,0.023163810285870504,0.0250915498197628,0.0013218506733261423,0.8965249720428312,1.033298213161592,0.07021494964202718,2.1817001956063327,5.553786474202198,1.3431492918996724,4.2178569785865,10.67737571531004,2.752623665267082,0.15653312206268308,0.3984743356704712,0.09636858101802853,0.02171271855272745,0.0549650817856672,0.014169978552840964,0.5334345635120937,0.5856341228533669,0.025900093997913067,0.20111859334117377,1.4381442530171296,0.4319852028212337,-4.2433168923404025,0.03625381123843302,0.19236045297001692,0.0009902347085778002,-0.04214248047071234,0.04455210583621355,ADL,False,ADL_060,219
79.74207353502521,88.60382530502817,4.612214426709091,112.35958758353189,129.5094700002216,13.51778093104415,0.36605995470568253,0.4385610419706235,0.06300897033037245,0.02626415292421972,0.0314659774303436,0.004520781940447626,0.20525231475192515,0.256517313941157,0.030678298996994053,1.1642740345283356,2.3931004555935917,0.6527177032187544,69.71183843862312,201.10003163022697,48.889495595574544,2.238073709035904,2.454147088614788,0.14180824517799215,2.012832202490308,2.0702454792137868,0.041764913343114746,4.501458788553652,4.874220068474241,0.2432592706973623,0.16057782173156734,0.1760807037353515,0.010174490242355422,0.14441714286804197,0.1485364437103271,0.0029965585058116732,0.02317264626296587,0.0250915498197628,0.0012522520575753715,0.90362542087921,0.9974753710689428,0.0688873639742434,2.0613166074633145,5.553786474202198,1.4602116436647574,3.974375089562796,10.67737571531004,3.0062257540694803,0.14789581298828125,0.3984743356704712,0.10476759726906584,0.020459320498716186,0.0549650817856672,0.01547547345380739,0.5404568898444598,0.5856341228533669,0.02029648280552402,0.21192775206260617,1.4381442530171296,0.4359922801252591,-8.623928907707878,0.0056382817799093266,-0.39544907623297654,-0.0020356959796821,0.06874213179588962,0.009426246133378613,ADL,False,ADL_060,224
75.00178997419731,80.06497714996203,4.195569514540561,123.14995062965409,141.58693624402022,9.883904507437963,0.42116848925412015,0.5260669758154699,0.05044843320022073,0.030218092600504516,0.0377443730831146,0.003619585664384387,0.1935495778381808,0.256517313941157,0.036957301016381464,1.3280774599350555,3.0861804489266818,0.7367497035570575,81.136351544865,284.60026925031457,67.71733073816704,2.0607036267380043,2.3826247324103504,0.16755607353981264,1.9948391025660994,2.0702454792137868,0.06371756726916324,4.119453629794348,4.826348274919123,0.4438216401864093,0.14785183270772295,0.170949101448059,0.012021851290370427,0.14312616984049475,0.1485364437103271,0.004571622514847513,0.021206156991295393,0.0248451150104855,0.0022847086588997736,0.9723098154239845,1.0704055678654254,0.05489256830972475,2.518480157870157,7.282754325385772,1.8940316492259093,4.8538264724291755,17.960080952583912,4.619322686187404,0.1806964874267578,0.5225247144699097,0.13589341374031805,0.02498656749972378,0.0924550511995647,0.02377938699643354,0.5294573816665411,0.5856341228533669,0.03284609284428857,0.4059112472165974,2.5232043384758254,0.7254485908156019,-13.886033821824597,0.0969806065573654,-1.3802089165114069,-0.0071050507165893,0.1709738653221936,-0.047032091262454556,ADL,False,ADL_060,229
71.24269999752349,78.92628561306216,5.336623483050237,133.30239701052804,166.32907790033957,14.41885252173591,0.42918201596144817,0.5260669758154699,0.055354654782909386,0.0307930489381154,0.0377443730831146,0.003971598366870366,0.19367798367587757,0.2816640340646072,0.04164401281167007,1.4503260757185479,4.632591585636256,1.096303633636132,94.953899264534,284.60026925031457,81.52579385520936,1.923678786025679,2.12061451746304,0.1332104017676406,2.088758626934404,2.4584254370996166,0.19225005843607143,4.008914421657473,4.500811820064998,0.3603333279336279,0.1380205432573954,0.1521503329277038,0.009557610216979465,0.1498647292455037,0.1763876676559448,0.013793600937624722,0.02063712235415565,0.0231693157933037,0.0018549268442033552,1.0934835481331908,1.3909940386677797,0.14877245882796863,2.2138700532231304,7.282754325385772,1.7205364556388558,5.6492930502668495,17.960080952583912,5.2168113769229025,0.1588412523269653,0.5225247144699097,0.12344544111339933,0.029081476836473958,0.0924550511995647,0.02685514415136797,0.54140467597648,0.6243386412288228,0.04717800905137892,0.369484350189571,2.5232043384758254,0.68996575025453,-12.318117321042664,0.023483148698038525,-0.09157501680595637,-0.0004714106183456024,0.2078841967478804,0.05844715078651286,ADL,False,ADL_060,234
69.15528916640726,77.43695179127958,4.517737220301309,106.54580664739366,166.32907790033957,52.58784392596626,0.46174113406142603,0.671749726207563,0.08635410054863005,0.03312910795211789,0.0481968522071838,0.006195753655343668,0.2213113519368077,0.2940197383393372,0.049329250015152766,1.6139027071182082,4.632591585636256,1.175265962157653,130.30896010430158,390.9232710731296,101.66059962086027,1.9086916066712318,2.509993243671901,0.2981997420345912,2.212395255270993,2.5882064384582435,0.242912984713441,4.255557467550706,6.357967085407587,1.0123023912071454,0.1369452397028605,0.1800875663757324,0.021395302944449086,0.15873543818791705,0.1856992244720459,0.017428576100114543,0.0219067934372804,0.0327295948140999,0.005211138505198852,1.183469717800655,1.8379798048794156,0.214513482580076,5.825188287134158,21.22084109398897,6.555802474503778,15.702087763839762,47.76647399804115,15.75982022503293,0.4179469347000122,1.5225577354431152,0.4703672076607856,0.08083133544768369,0.2458926444023745,0.08112853108224591,0.5485155396114952,0.6443677919989304,0.0775070988592577,0.8320169809552915,7.381031820667431,1.8813960375724845,-12.078727963299926,0.3179647825242816,2.724735628281532,0.0140264162886083,-0.021118746481816553,0.17087719207226676,ADL,False,ADL_060,239
70.4806623489222,84.84849016206061,5.980658213861115,75.56430196636026,166.32907790033957,59.16750947171018,0.4763181734844247,0.671749726207563,0.08223074198885778,0.03417498469352719,0.0481968522071838,0.005899909987160071,0.24172483405723957,0.2940197383393372,0.03843763387262463,2.0701424665512396,5.21475435606606,1.6120304513032166,127.93806191035385,390.9232710731296,107.59355685756213,1.7929513419841105,2.509993243671901,0.41511845603383185,2.4053183665863767,2.5882064384582435,0.13828965492774734,4.322401461170538,6.357967085407587,1.100777397622832,0.12864108085632323,0.1800875663757324,0.029784013440378947,0.17257732947667437,0.1856992244720459,0.009922037628453971,0.022250893492776865,0.0327295948140999,0.00566659086477562,1.4380965830652654,2.968989765243915,0.47129508266755665,10.204748374410293,30.429375608333235,9.074100431125526,26.84448758913406,77.99319310940125,22.43404208869803,0.7321726083755493,2.183253765106201,0.6510506224709143,0.13819027213919097,0.401493995555171,0.11548614482304782,0.5465109375716887,0.6443677919989304,0.09710394150143832,1.2427319655587794,7.381031820667431,2.1305874403918272,19.290533493423297,0.052019733091846876,1.0872943704024562,0.005597182827291002,0.07651356096317063,-0.017560972493886107,ADL,False,ADL_060,244
77.32155618161306,89.29055750428692,8.354543930099052,76.5801309511926,174.33206654951877,60.77497697724416,0.493043082304687,0.671749726207563,0.11880733371121908,0.03537496725718177,0.0481968522071838,0.008524215612765108,0.22299843351020388,0.2940197383393372,0.05141609678754669,4.048397638110256,22.16243498198111,5.248614191167471,115.42154892461573,390.9232710731296,102.87089867523157,1.5833898580233203,2.509993243671901,0.5461243454188395,2.4361397552205384,2.662854896672081,0.14520049063479945,3.88770031493358,6.357967085407587,1.4366850821907478,0.1136054158210754,0.1800875663757324,0.0391834538013102,0.17478870948155717,0.1910551190376281,0.010417877841268594,0.020013135387011452,0.0327295948140999,0.007395779182859781,1.7541021687240284,3.233305767855388,0.6736761798243286,11.686266518198721,30.429375608333235,8.332584663387966,30.43044777109312,77.99319310940125,21.31207696502127,0.8384689092636108,2.183253765106201,0.597848180441335,0.15665010720886127,0.401493995555171,0.10971048360929715,0.45961867626689906,0.6443677919989304,0.13992288787407586,1.7932701112803082,7.381031820667431,2.1136277716002168,5.873521368318578,-0.13966149411674564,-0.9058404072350417,-0.0046630926358659005,1.3953259629759722,-0.1314182955254348,ADL,False,ADL_060,249
83.07978146121816,89.6336500948354,6.9612793638732535,98.17219060020466,174.33206654951877,54.95124772573993,0.38619685336549003,0.6600116825344777,0.1857799125464764,0.027708939711252805,0.0473546683788299,0.013329379438108437,0.1862037504102455,0.278987781706573,0.053055155320309216,6.594408760793466,22.16243498198111,5.888258808599849,82.63241253166247,293.80109761577205,78.57320356304103,1.1864744263534763,1.884964744413226,0.4356050044668343,2.329793968441975,2.662854896672081,0.21550278820775218,2.82656463764728,4.850408165532065,1.2124060574571673,0.08512743711471554,0.1352428793907165,0.03125388697889922,0.16715858777364093,0.1910551190376281,0.015461943084254783,0.014550612493478778,0.0249689707116012,0.006241233790248498,2.2200898234976614,3.716418623102795,0.7488083405636723,11.441333975057745,30.429375608333235,8.11755315691996,28.302263902791335,77.99319310940125,20.9326088472976,0.8208954334259033,2.183253765106201,0.5824200509865799,0.14569462493540183,0.401493995555171,0.10775705453816053,0.343288830039291,0.5859315646683685,0.14626234116833084,1.753458939521692,5.024621644826663,1.5869138585259501,19.961943529379184,-0.16369501288686172,-2.180288435746192,-0.011223706590684,0.5555118384528417,-0.3486739194628705,ADL,False,ADL_060,254
86.72852826652745,89.6336500948354,1.6470766290761376,112.5676045265778,174.33206654951877,37.573432933169954,0.304760525287606,0.6600116825344777,0.1911504486514247,0.021866027514139765,0.0473546683788299,0.013714705884588538,0.12244993354067482,0.2304563564375993,0.06573362986719698,7.50389177422559,22.16243498198111,5.684867419289091,54.070514230531494,142.07534349728263,49.41543513037552,1.108610699255668,1.7982222673174195,0.34313523084994024,2.153394420498096,2.662854896672081,0.22383153780050713,2.4100212679663873,4.788404969830964,0.9012131029980566,0.07954085270563759,0.1290192604064941,0.024619344620681573,0.15450223286946613,0.1910551190376281,0.01605951610517571,0.012406327137952821,0.0246497901551094,0.0046392721613772265,2.146246441894072,3.716418623102795,0.7277836493679991,7.122822182297361,21.172566369629084,6.173502269721457,16.855671127850503,45.20029868620674,14.913280421533093,0.5110498666763306,1.5190941095352173,0.4429378455787291,0.08676976129688538,0.2326824662038973,0.07677070657790888,0.27952250511168414,0.503941347198406,0.09035821257221353,1.0736953470533883,4.281255375056258,1.4313692016969026,-2.6040066245743816,-0.2792124988454364,-1.8046840125399028,-0.009290167077693898,-0.21717531317521233,-0.16013966922979062,ADL,False,ADL_060,259
86.82035906892575,89.6336500948354,1.298067839888737,94.24187373021446,156.46589718321303,26.92716084018652,0.24122965329603752,0.4109694326062313,0.12085653335582482,0.017307800054550116,0.0294863283634185,0.008671242055145174,0.07152808836065976,0.2093607754182787,0.062259708769943876,5.177290976789975,15.105988676497214,4.811266892624492,46.37814930039053,142.07534349728263,49.2017618534788,1.1559222552207344,1.5366166262947916,0.2955889975359794,1.9459232628397383,2.1643965605402147,0.13440134404273005,2.2353204144201704,2.983720957291061,0.5603540931639761,0.08293537298838292,0.1102495193481445,0.021207986654108786,0.13961654504140214,0.1552916169166565,0.009643058214321916,0.011507000659310235,0.0153596230774155,0.0028845953707078067,1.8572028021166922,3.716418623102795,0.7212840826549601,5.738235630976865,21.172566369629084,6.200521872514831,12.88635703131501,45.20029868620674,13.423575570546696,0.4117082357406616,1.5190941095352173,0.4448764541880411,0.06633649381934956,0.2326824662038973,0.0691019917968448,0.2614404901004964,0.3438016779686154,0.06225811452004933,0.7432710759810337,4.281255375056258,1.1895156481838773,1.3604886616891605,0.13439663323857037,0.5507979757604227,0.002835402311603799,-2.127320619355662,0.05250972991863931,ADL,False,ADL_060,264
86.68190530399427,89.15526075756463,1.355991438511955,96.43699551593896,131.73436652049435,20.58615936993265,0.21253046396822986,0.4109694326062313,0.12972710602950224,0.015248684088389027,0.0294863283634185,0.009307689921763599,0.04624828252317662,0.0954948150495758,0.028826011374176536,2.6026780560515865,11.185891648095106,3.01470069281942,44.73017353767352,142.07534349728263,43.91601633298956,1.153807615714615,1.5366166262947916,0.25536420759094003,1.7891410365160494,1.9880671276666504,0.1650301714159377,2.094928223191732,2.983720957291061,0.6044799948640834,0.08278365135192868,0.1102495193481445,0.0183219292723049,0.1283676981925964,0.1426402926445007,0.011840622290037964,0.010784288592348383,0.0153596230774155,0.003111747047344502,1.606945585045683,2.0050100512720235,0.27360158404917856,2.596271333038965,8.380537009228922,2.391399542338679,5.659620530886155,16.50446665863942,5.135675247392248,0.1862778663635254,0.6012886762619019,0.1715786785074341,0.029134640725430875,0.0849618280660635,0.026437470922071524,0.2468990219611588,0.3438016779686154,0.06765266531625383,0.4174712015341723,2.0984068576278294,0.5955294824463364,3.927518483419533,0.08416051455389391,-0.7006151668202745,-0.003606632469562501,0.011152169861859074,-0.09822605891071101,ADL,False,ADL_060,269
86.40789728718556,89.15526075756463,1.622661636053511,97.9528903721147,131.73436652049435,21.28852658460399,0.15198169779110302,0.3267777650293896,0.09942633644399604,0.010904417435328122,0.023445725440979,0.007133663410846452,0.05058506023326751,0.0954948150495758,0.028808571730848564,1.2022142627423418,4.163040762558096,1.1461166446154802,45.72323353774282,119.12200100871829,33.50659470127823,1.1085458455847848,1.4892092020937735,0.22874075239071603,1.6644323565079924,1.9735589571930483,0.12390214081373657,1.8636222444737602,2.93904215992648,0.502575926943315,0.0795361995697021,0.106848120689392,0.01641174355064628,0.11942007144292192,0.1415993571281433,0.008889758992038893,0.009593569788708541,0.0151296251999681,0.002587164455432351,1.5551078206471591,2.0050100512720235,0.28138167419651283,2.663015230896852,10.529921135697414,2.700905014605642,5.115361799592801,15.93034828467236,5.248402983536159,0.19106662273406982,0.7555031776428223,0.1937851475571234,0.026332901189824957,0.0820063768183843,0.027017771681534252,0.22319590990440483,0.3376524213087261,0.05658108839363275,0.4524842301596434,2.0984068576278294,0.5883136967074225,-1.8084421938547166,-0.24558301826012469,-1.066018802162715,-0.0054876602835953,0.081386934943535,-0.10620918646314317,ADL,False,ADL_060,274
85.51184826378612,88.82532379501218,2.082480768747062,98.1137480458214,131.73436652049435,19.963812010887747,0.07803134420705529,0.1552882658009927,0.03775863739002739,0.0055986106395720945,0.0111416578292846,0.0027091153071337136,0.07089245592622118,0.1092823122589858,0.02157939360262641,1.1377391357023323,4.163040762558096,1.2251176080765227,51.69644217551794,119.12200100871829,28.748279924235586,1.0307971492934875,1.268400729176283,0.16298036517180226,1.5990426320973876,1.6481369717223462,0.029849782993333022,1.6473412324444188,1.9846972270955567,0.2564526556244732,0.07395786841710404,0.0910055041313171,0.011693552325216823,0.11472847461700436,0.1182509064674377,0.002141669022283531,0.008480196631123213,0.0102168405716653,0.001320169072100635,1.59252901939317,2.0050100512720235,0.2642872430065146,2.403223941930703,10.529921135697414,2.42451934829097,3.8198416611482355,15.93034828467236,4.180426119789423,0.17242705821990964,0.7555031776428223,0.17395496588104442,0.01966381205564,0.0820063768183843,0.02152003167254786,0.20458714879173326,0.2606020482216269,0.03731992130636817,0.3317026520788463,1.272821342489366,0.41175425640635316,-0.5274015330902557,-0.0945697779548463,0.07908602496425488,0.00040711968429010034,0.0881059353746736,0.011554839357666297,ADL,False,ADL_060,279
2.294247517245809,9.845553966263212,2.4824312638743717,177.26591111063814,178.54430957946573,0.8726332941513447,1.390830911645467,1.474335950064202,0.054137559310311174,0.1068423310915629,0.1132571101188659,0.004158796722081922,1.000988800651709,1.032997060083828,0.019054034052745136,0.18143402800916805,1.0345473273159769,0.2926214105216033,25.123400472643677,111.14885727155269,29.63275131100423,3.2588020064193226,3.3614829245810403,0.05652243323954637,0.985665544476189,1.0550903079157643,0.05303851716584111,3.2116869746641656,3.4563558915427537,0.17494492777039486,0.2503381252288818,0.2582259774208069,0.0043420005089876415,0.07571790615717565,0.0810510516166687,0.00407436933144813,0.01895270711584286,0.0203965397055476,0.0010323795574073006,0.30258917571424093,0.3239677416307045,0.017664868391628678,0.6446574461590934,1.9265329179458268,0.5447079901326122,1.8367115896827009,5.167453454202611,1.6508955891781851,0.04952198266983029,0.1479944586753845,0.04184395884695675,0.010838745210893504,0.0304940153336374,0.00974221361775234,0.9783400380297755,0.9979814315001024,0.02849951446810716,0.0215862161337128,0.1764720424863297,0.047311222161829085,-8.676181332253492,0.19534220625554943,0.4283627033054347,0.0025278406392477,0.029166985831038272,0.10079481339989738,ADL,False,ADL_067,68
1.0182652079415262,1.941599891784187,0.48038468403718526,177.2686525173511,178.54430957946573,0.7372438327581718,1.449934061029795,1.5423256041770528,0.05050675578805691,0.11138257980346679,0.1184800118207931,0.003879881787991073,1.027241621859435,1.0858345590033789,0.027285819329995704,0.10235837257192475,0.5918366292943417,0.1487614849819317,9.824422121362419,31.7649676475396,8.299773817338313,3.354600115679602,3.654069483725284,0.13919882749847381,0.9944442883034318,1.0550903079157643,0.03758440356185145,3.331656087456323,3.4563558915427537,0.07650518881404615,0.2576972464720408,0.2807022035121918,0.010693123866188835,0.07639228105545041,0.0810510516166687,0.002887198764142686,0.019660665106653923,0.0203965397055476,0.00045147003673559947,0.297309258662466,0.3239677416307045,0.021952428934276187,0.927492762340357,2.359804676588535,0.7557001918641086,1.3954525372367674,3.7626679696094767,1.179247635397155,0.07124912738800045,0.1812779903411865,0.05805218264064884,0.008234801037879378,0.0222041389975835,0.006958939406935713,0.9943429710669915,0.9987203200606712,0.0026688038002065585,0.02332039951140906,0.1764720424863297,0.04696367017022575,-0.2934852732885273,0.16641804493761114,0.22642409695752974,0.0013361668267979007,-0.05624976808278459,0.0016304737404918557,ADL,False,ADL_067,73
0.6836935654271964,1.3254491380023807,0.45840165308537895,177.75411136311828,178.60601785236324,0.6612454086931769,1.5166048241310306,1.6153095939288098,0.06109377717628247,0.11650416553020475,0.1240865737199783,0.004693166878912768,1.0727432065782476,1.1581093674487375,0.049086997854041296,0.2517884603786665,0.7634949731904743,0.2594970534449877,5.5160432842154705,23.36722301201577,6.04721966952002,3.5390722950272093,3.8377431745800967,0.1957778277245573,0.9654371693253814,1.0503169125142726,0.03220858456302303,3.4115505510461848,3.614269461485873,0.11281451376319888,0.27186822692553203,0.2948118448257446,0.015039469798228138,0.07416398127873737,0.0806843638420105,0.0024742333716194476,0.020132135826104836,0.0213284143447509,0.0006657374939205301,0.2740477541916448,0.3191688840671793,0.02346784424701694,1.1504309667834,2.359804676588535,0.730506597389248,1.1773059220024853,3.336541416311536,0.7434553821912939,0.08837503194808957,0.1812779903411865,0.056116834253054436,0.006947481028344472,0.0196894942570935,0.004387255739280762,0.9962017024142933,0.999323525824194,0.0025466758504743264,0.00732594437772936,0.0367995965428802,0.012137521647560613,-0.8995383907013489,0.18275540193126494,0.15791356994311911,0.0009318746392032971,-0.07377301980411019,0.004997435503896419,ADL,False,ADL_067,78
0.6851380899851173,1.6349137968515943,0.546678641354381,177.43176406515047,178.60601785236324,1.0200262905974533,1.5848547829578947,1.6859297753108264,0.06509408225533356,0.12174706359704332,0.1295115500688552,0.005000466577348114,1.124818413184373,1.2011688545266763,0.05272659509753718,0.300467472195764,0.7634949731904743,0.22927118815243766,5.821218808554558,23.36722301201577,6.465661291265753,3.740788727353817,3.954076453617605,0.17610481772171288,0.9660236017448299,1.0390569134787644,0.03192861650516859,3.6166991036202254,4.108510475554967,0.25833854300506104,0.2873638947804769,0.3037484586238861,0.013528207551543672,0.07420903046925859,0.07981938123703,0.00245272648700687,0.021342752073219465,0.0242450140190602,0.0015244993615296108,0.2586213293857816,0.2854581650133547,0.01099360617660473,1.1962158360700093,2.359804676588535,0.7212201038108874,1.758625776238507,4.157133968313578,1.1012462269273597,0.09189218282699582,0.1812779903411865,0.05540345449332147,0.010377947641334317,0.0245319494596785,0.006498639925381822,0.9961936772778605,0.999323525824194,0.003037103563079905,0.018756392039550793,0.0829140240282555,0.02799698495077092,0.3094646588492136,0.20722273893415655,0.8376375847076085,0.004943040818554699,-0.022677840733450805,-0.0017192481047177965,ADL,False,ADL_067,83
0.8061455949060542,1.692761090482527,0.5688599495773582,177.81599048486962,178.60601785236324,1.0068628614242665,1.6626395189219212,1.7908401143124495,0.06610214656478938,0.12772241433461504,0.1375706642866134,0.005077905135702449,1.1855444549324459,1.2808111178949892,0.04768790149839056,0.4126899825666426,1.1423386183861532,0.28807635894762734,4.991492213888626,14.924524325085375,5.124170345622861,3.8932570440899505,4.012863238824695,0.09298092304636908,0.9994194201815794,1.0571759527205773,0.048284361641462596,3.8951691142118685,4.220706457562301,0.27522405926112,0.299076368411382,0.3082644045352936,0.007142707630481279,0.0767744660377502,0.0812112689018249,0.0037091595461727312,0.022986050624081805,0.0249071014526531,0.001624143643997189,0.2565748627445173,0.2662580573540839,0.007076728287523626,0.8276813127862174,1.9079460052600703,0.5699129173101561,1.656789078422992,4.157133968313578,1.2051102853668143,0.06358170509338373,0.14656662940979,0.04378017780218259,0.009776992092874033,0.0245319494596785,0.007111559271194359,0.995521413361633,0.999323525824194,0.0031603330532075655,0.017664956368865094,0.0829140240282555,0.02801193878638089,0.7395548701386465,0.22936836065907062,0.7209338717558684,0.0042543525035493995,0.008885314412060807,-0.0041086381674370065,ADL,False,ADL_067,88
0.9136800517100713,1.692761090482527,0.47645627998371665,176.89971879287603,178.57663094606326,1.6880603062858615,1.7443667805037757,1.858757220884657,0.07742411475141982,0.134000626206398,0.1427879929542541,0.0059476481529704564,1.2520237752900654,1.368167473766818,0.06650745694618418,0.49230799876228026,1.1645858842589214,0.3632055372617324,6.945178638301204,15.300793012781792,5.310421870879187,4.026556852223596,4.252659629530449,0.11310931610977364,1.0409167686116276,1.0760041732687888,0.029875121303981855,4.193882501588981,4.575879508866464,0.22302662013638636,0.3093163351217906,0.3266853392124176,0.00868895197838485,0.07996225357055661,0.0826576352119445,0.0022949789043618055,0.024748808759354837,0.0270030375977103,0.0013161177424282676,0.2585544755080082,0.2662580573540839,0.0051225961992102925,0.9288979344912196,2.307244565324371,0.5676278385724346,1.9397853058245385,4.157133968313578,1.1732313398333158,0.07135707139968867,0.1772403717041015,0.04360464018864412,0.011447000613362186,0.0245319494596785,0.006923436230990089,0.9949239997127218,0.9989917822965856,0.0026469793332428524,0.02179017674650917,0.0850044056265675,0.03280654399694823,0.4498340033178474,0.24416825292774824,0.823038915103472,0.004856891604303398,0.003950536515439834,-0.0024990777962103916,ADL,False,ADL_067,93
0.9444656132181939,1.692761090482527,0.4207970830436932,176.61600896639035,178.46086548048754,1.799751060609571,1.8300595216935907,1.9397559680811,0.07357679705222352,0.14058346251646675,0.1490102410316467,0.005652100802109758,1.3222168572737152,1.3949846527679892,0.06380996849749355,0.5413757412517035,1.1645858842589214,0.3835500807119116,7.512366995858885,22.82805813029381,6.3416074796936,4.185319709122511,4.436495097521349,0.1764330500037842,1.0838799135901382,1.185151366234951,0.04230213401224236,4.542803549959155,5.257918226122091,0.35980459581919844,0.3215123494466146,0.3408074080944061,0.013553422048764271,0.08326264222462969,0.0910422205924987,0.0032496104092686077,0.026807850779477057,0.0310278632272886,0.0021232676712550917,0.25906959717087674,0.2671360753731155,0.005577607495689141,1.063902312398005,2.307244565324371,0.6719224938174228,2.315380712197603,5.575692841754414,1.5831731785738719,0.08172798156738278,0.1772403717041015,0.05161645815548964,0.013663452523900286,0.032903104888895,0.009342572238163475,0.9947529688154545,0.9989917822965856,0.002337761572464947,0.01593389785057452,0.1268225451682969,0.03642525281385435,-0.9459291784570028,0.23346923647924878,1.0863154955967111,0.006410531158815399,0.004902334680713716,0.005255162102538846,ADL,False,ADL_067,98
0.8059559905891709,1.5576826995353312,0.42338215321234063,175.49529890922693,178.27156954391464,1.4646004506513655,1.9054319678743517,1.9804182826796977,0.055014657151404106,0.14637350340684255,0.1521338820457458,0.004226174558706857,1.382135591024052,1.4475604762000318,0.038658756123291234,0.39928420573808715,1.1645858842589214,0.38134338139662016,9.549248706189708,22.82805813029381,6.751557357976566,4.355535326846742,4.52584689871564,0.14097678024090818,1.1381454222642544,1.284667970169366,0.07345633604103217,4.966271974258708,5.799057904538794,0.467396270651953,0.33458815415700277,0.3476713299751282,0.010829704534609226,0.08743126789728796,0.0986869931221008,0.005642847099784364,0.029306809451934923,0.0342212198385336,0.002758184310795109,0.2611076381540491,0.2845922667829661,0.010117767724019157,1.0259673197818913,2.307244565324371,0.6655292225568166,3.685704174892429,10.805665949272516,2.7425313173955255,0.07881385087966915,0.1772403717041015,0.05112533303088664,0.021749962649980803,0.0637660592528988,0.016184140367558515,0.9955224667189491,0.9995583442621724,0.0023521230734018864,0.021887966429851455,0.1268225451682969,0.038202629079014866,-0.5988857598313606,0.1533881962742092,1.4781440296846844,0.008722777496886998,0.0249681982395909,0.0033271431101743465,ADL,False,ADL_067,103
0.78542957171606,1.5576826995353312,0.44230822584964685,176.41785772419405,178.990711250621,1.720306825621721,1.9781191463689156,2.1148562466327947,0.06426330177669863,0.15195726454257966,0.1624612808227539,0.00493664679722999,1.4444405957248954,1.5753884669045417,0.060902481452036694,0.39346682406990063,1.0193181631022612,0.3470857032619895,9.241632742519846,22.82805813029381,7.276150764682847,4.591086690674288,5.068685617377862,0.22770868307563588,1.2077856299154381,1.3206306007714037,0.07170035109292104,5.557927064953786,6.529888923097049,0.5756759914367112,0.35268298983573915,0.3893716931343078,0.01749236827128593,0.09278096357981361,0.1014496088027954,0.005507953976797954,0.03279826604032608,0.038533977076451,0.0033971612256712583,0.26309497991175734,0.2845922667829661,0.009747978097932342,1.6960086460709876,5.348189178056204,1.6684946489601402,4.805604299526181,10.805665949272516,3.3134844083157735,0.1302857995033264,0.4108428955078125,0.12817219995333395,0.02835868237535161,0.0637660592528988,0.019553430959842414,0.9956365023793553,0.9995583442621724,0.002457267921386925,0.026792096200712625,0.1268225451682969,0.03965342013552111,-0.5591743261414089,0.2220395072350152,1.8292412661180029,0.010794661570209103,0.0034512993712813578,0.0031065240341190403,ADL,False,ADL_067,108
1.1391568330260005,2.61612879022637,0.8325755084176265,176.20774357083158,178.990711250621,2.017153623871638,2.0815462049941,2.251212258933175,0.11071353703762926,0.15990243454774217,0.1729360222816467,0.008504910468590206,1.5316815867820925,1.667562832975584,0.09801678100309473,0.5692677489232121,1.624399567998596,0.5010715655286941,9.669692568333483,25.16462396646672,7.138550173799223,4.897109390573189,5.477058439344066,0.3584661158678367,1.2576312992952279,1.3206306007714037,0.04960781927271675,6.169097388887022,7.123239690651429,0.6169689867477738,0.376191367705663,0.4207425117492676,0.02753703208346633,0.09661006132761635,0.1014496088027954,0.003810826324815745,0.03640488531511166,0.042035440140296,0.003640838163131283,0.2577305183014468,0.2845922667829661,0.015031019337375365,2.1450833540215957,5.348189178056204,1.708258042593356,4.655513553701896,10.805665949272516,3.8288705596208725,0.1647832989692688,0.4108428955078125,0.13122678669879084,0.02747297154212086,0.0637660592528988,0.022594811659239,0.9936713509276335,0.9995583442621724,0.004625419491209006,0.0363108200431865,0.1398034664803693,0.04125904756145143,1.3034234582369248,0.30290867754068307,1.988992771493555,0.011737382176725899,-0.02225420193726607,-0.007241241434649437,ADL,False,ADL_067,113
1.577496359372003,2.61612879022637,0.8734008447074969,176.91261765541944,179.08053764179363,1.881336833946634,2.191641287832212,2.3446381670690104,0.10741568140961759,0.16835983594258624,0.1801129132509231,0.008251572280640853,1.6260580358140897,1.7507996911986206,0.08280921037508068,0.6855451624748768,1.624399567998596,0.4368265884100597,8.414435495148119,25.16462396646672,6.81203674247489,5.248182251028908,5.60222118082814,0.3020155632452326,1.341636747630673,1.830425660466896,0.14129101102195887,7.0633496907816165,10.25444940499898,1.0410273498594194,0.4031604568163554,0.4303573966026306,0.023200553376309583,0.10306328137715655,0.1406115889549255,0.010853843449603917,0.04168201913891737,0.0605132373548009,0.00614327816412769,0.2557059874042046,0.3267313710269224,0.021823633916747815,2.24349428688203,5.348189178056204,1.641760082595014,9.87149161341022,66.29712261136899,15.624274718105681,0.17234313488006592,0.4108428955078125,0.12611847554495628,0.058253338766000654,0.3912305144892869,0.09220148319737494,0.9912361313368223,0.9985422062779704,0.004852226915041641,0.031473697529548615,0.1398034664803693,0.041383646351758785,1.2721810092017742,0.3423072294994598,4.54929527286767,0.0268461595324574,0.05998559438075979,-0.00706767227334304,ADL,False,ADL_067,118
1.6454539042151237,2.61612879022637,0.7880216967489402,174.8355063279607,179.08053764179363,3.1413664696944466,2.2895097176841728,2.3673100494296637,0.05802470583548191,0.17587799727916714,0.1818545460700988,0.004457403686139377,1.7054785701036372,1.7844640777858312,0.05010266957155785,0.500425952173871,1.624399567998596,0.48496493996779383,8.955514286039918,25.16462396646672,6.351419548184124,5.480368986653294,5.60222118082814,0.14286707623310468,1.3661523332742311,1.830425660466896,0.16175467599633242,7.495042296200794,10.25444940499898,0.9843619182510386,0.42099682490030926,0.4303573966026306,0.010974915306507,0.1049465457598368,0.1406115889549255,0.012425843072442435,0.04422951009277672,0.0605132373548009,0.005808885884513095,0.24918626649455697,0.3267313710269224,0.027435888575976928,1.2520239046083217,4.256787080251892,1.1498710337196685,16.079868404037747,66.29712261136899,17.69517873151888,0.09617930650711058,0.3270024061203003,0.08833201841331446,0.09489001846292663,0.3912305144892869,0.10442223744299939,0.990858589421027,0.9979434418506438,0.004377898315271902,0.023038182001547027,0.1398034664803693,0.03710429662675577,-1.1697051816236879,0.19851509428310976,-0.44545068749468086,-0.002628679719174798,-0.05379652967321297,0.00649836212013144,ADL,False,ADL_067,123
2.5836580855823343,6.340035312979313,1.9344600936176761,175.51894845161345,179.08053764179363,3.1650284660584798,2.3537294989804676,2.4220605532845814,0.05321678310067951,0.18081130087375638,0.1860604286193847,0.004088063553997315,1.7625956756025878,1.83608339875019,0.05345783848672068,0.325173207400396,0.9627310814002478,0.2807723300360997,21.462565944069564,100.33669224020004,27.976102543138023,5.564065209179136,5.60222118082814,0.03156058894962983,1.433745122596563,1.830425660466896,0.17067747885863133,7.97944989062171,10.25444940499898,0.9698001286955814,0.42742629051208497,0.4303573966026306,0.0024244549540617423,0.11013896067937212,0.1406115889549255,0.013111284451186755,0.04708808109741506,0.0605132373548009,0.0057229543056561685,0.25762248561307344,0.3267313710269224,0.0300795045376786,0.47696710357688055,1.6075759097097908,0.4310875680142706,25.2468522901071,66.29712261136899,18.34107276449924,0.036640167236328104,0.1234924793243408,0.03311574418255237,0.1489859381770486,0.3912305144892869,0.10823376718780822,0.9856463439689869,0.9979434418506438,0.01074700052009819,0.06809141428481834,0.5574260680011123,0.16469822844405532,1.366799159694064,0.1722133131843182,0.20608475014394845,0.0012161409070471987,-0.0026156764247350917,-0.00759332866496687,ADL,False,ADL_067,128
4.706109565566238,18.237387808039475,5.405751667181103,174.98602908388324,179.30412648941282,3.4745544291318646,2.4627311701151027,2.8993364688526486,0.14775299721776403,0.18918470740318297,0.2227243185043335,0.01135024719132441,1.8273915955852906,1.9860562352700888,0.06425048770712764,0.6635558268340224,3.157412512072016,0.9587045708131591,29.590511932367203,100.33669224020004,27.686331439935046,5.706844717805451,6.755597112215954,0.3576045480603844,1.4002560139711855,2.0277541951079816,0.3394399808553004,8.076055193564851,13.307492051766364,2.4350321264807175,0.4383944789568583,0.5189586579799652,0.02747084724951501,0.107566358645757,0.1557701826095581,0.02607546216912124,0.04765816530143687,0.0785297575053709,0.014369535722167632,0.2438891667812415,0.3140742199320726,0.04956293801077755,1.167601963955625,8.97960869886493,2.224480620677317,26.75591916476011,73.6668219813027,18.936411961785904,0.0896940919069143,0.6898051500320435,0.17088252280788735,0.15789119660327164,0.4347203548105938,0.11174696431124051,0.9738549468579653,0.9979434418506438,0.030031953706561698,0.08079455524553401,0.5574260680011123,0.16830134577554745,15.866262382610742,0.5597698404203415,4.512172925745604,0.0266270942941551,0.010320763488172402,-0.08814590212561535,ADL,False,ADL_067,133
9.578648432431645,18.237387808039475,6.125031394558522,177.1047933570749,179.30412648941282,2.3209223821435057,2.7108426987065553,3.187099586431,0.30032375282126433,0.20824440320332843,0.2448300123214721,0.023070590080305552,1.9270886243480585,2.094848061673527,0.10459801355720681,0.9811910731932139,3.157412512072016,1.020049020560382,32.893248380196425,100.33669224020004,25.742602075502948,6.131421272213173,6.892136239164376,0.6150374863961775,1.6243079848109248,2.054990947185121,0.42833935269777274,10.182745106153197,14.163277578249298,3.4904816381857584,0.4710100531578064,0.529447466135025,0.04724660503663979,0.1247778216997782,0.1578624844551086,0.03290462884976988,0.060090098180375896,0.083579892392537,0.02059792149846102,0.2616328022746758,0.3140742199320726,0.05229675959928163,1.4028856648604888,8.97960869886493,2.189632968169602,21.459835820561704,73.6668219813027,19.93239695629433,0.10776836597002468,0.6898051500320435,0.16820555870260423,0.12663811457021265,0.4347203548105938,0.11762443993125059,0.9467852864864909,0.9926896046110996,0.0340279521919918,0.07865898062756993,0.5574260680011123,0.1691986355576709,9.987297426892216,0.7868725452646603,6.144955776359383,0.0362624215833876,0.046963627844941624,-0.055484985704956635,ADL,False,ADL_067,138
11.900422729541042,18.237387808039475,5.215849963489457,174.03376452861806,179.30412648941282,5.257239098529828,2.995501945409648,3.4589798360203177,0.29798149403027474,0.2301116605599721,0.2657155990600586,0.022890659948501837,2.0650538859363587,2.3583702138530804,0.15085303337538017,1.4938713524596499,3.157412512072016,1.0076351392760277,24.035020417185535,80.41686219442347,20.852267565410468,6.5859915404244,7.191448382076522,0.5392003399027795,1.7921787263578404,2.068318745106353,0.4350003706042572,12.022649352484885,14.231232064364118,3.44558506391278,0.5059297164281209,0.552440345287323,0.04142086630244605,0.1376734952131907,0.1588863134384155,0.03341632202153687,0.07094768379722029,0.0839809032888982,0.020332979233099235,0.2683988139836437,0.3140742199320726,0.05255345835463977,2.434535746007874,8.97960869886493,2.2804932670259728,16.154075998538396,73.6668219813027,17.64879987140368,0.18701876126802883,0.6898051500320435,0.17518536196424267,0.09532793000768078,0.4347203548105938,0.10414854795860565,0.9338865403914386,0.9926896046110996,0.02897694424160811,0.01940294813397636,0.2169425210004794,0.05592137549938521,8.140818888197586,0.9556912542744782,7.271778236042625,0.0429119911766893,0.05237071118346959,-0.04522677160109767,ADL,False,ADL_067,143
12.900014337385494,16.773948117041975,1.9558153173776438,174.68968559251854,179.3890600967871,5.2579996832766,3.3094767868545185,3.5912041300968776,0.21161956000393117,0.25423091451327,0.2758729457855224,0.01625641687000003,2.242613112297458,2.4664633337287154,0.16196869140971623,1.2395177948746976,2.8557970817331264,0.8169842084887448,19.144676331120177,80.41686219442347,19.373035168184895,7.090787182273593,7.654658221809748,0.3069215892468019,1.9629810868653312,2.068318745106353,0.07880777555647026,13.901757074152654,14.56546910989606,0.4378916124007995,0.5447076459725698,0.5880236923694611,0.023577429709740635,0.15079437295595802,0.1588863134384155,0.006053939683172853,0.08203661574134666,0.0859532925289467,0.0025840723407312746,0.27767787808119965,0.3048812331950916,0.020909251820576125,2.4960062828933207,5.543485605649741,1.5441189486505558,13.641799449996233,33.11689268284147,8.790579883446888,0.19174087047576902,0.4258453845977783,0.11861777486761281,0.08050256190856861,0.1954283753541474,0.051874696140588414,0.9283332536811916,0.9403266187104884,0.010865640652098047,0.02699819098103794,0.2261058608526123,0.0599161507801616,-4.581440575414495,0.5965766605862317,1.1366674549399605,0.006707666572593113,-0.041343429193454434,0.02545244764119159,ADL,False,ADL_067,160
9.433989311212626,14.33884622345478,3.967508591267803,173.6453177277334,179.3890600967871,4.875665692209368,3.331198503341947,3.5912041300968776,0.24279396465001263,0.2558995564778646,0.2758729457855224,0.018651205506699544,2.385289942229885,2.502920412675942,0.1190346010342704,1.0215578259479061,2.8557970817331264,0.8211710591543467,34.008183155461005,227.78227261777295,56.217212563535625,7.196619456973535,7.654658221809748,0.2810146686227036,1.8854137995458544,2.068318745106353,0.23173413071138113,13.550881096112684,14.664215749802292,1.6193948785326535,0.5528375824292501,0.5880236923694611,0.02158728427386732,0.1448357264200846,0.1588863134384155,0.017801599397434267,0.07996603735116223,0.0865360131239425,0.009556322605485163,0.2627380769215539,0.3048812331950916,0.036355204601081166,3.815753122715065,7.818153609541811,1.9340661633109444,38.224388721437315,193.19953704673532,55.67787548112431,0.2931225895881653,0.6005832552909851,0.14857315554554684,0.22556857185475992,1.1401030889525288,0.3285645441634186,0.947588948271041,0.9902787843541327,0.02204171439593223,0.02699819098103794,0.2261058608526123,0.05991615078016161,-12.589027407198671,-0.3177186566331933,0.6327380568771837,0.0037338941084988087,-0.013802749051047392,0.06993904115110372,ADL,False,ADL_067,165
5.746445129855356,12.19250754162748,4.883769687530092,175.71274294063304,179.3890600967871,2.0725916292289326,3.10349556782045,3.5912041300968776,0.43285020072996766,0.23840762972831725,0.2758729457855224,0.03325114798083326,2.4627034442813884,2.502920412675942,0.032146759454291324,0.7227961908441736,2.1922198577018013,0.5645596106127875,35.31524668083345,227.78227261777295,54.23029328606381,7.102683737483903,7.654658221809748,0.3800752211056669,1.8501126576780416,2.0660216649558145,0.2348899128056413,13.135985126898044,14.664215749802292,1.789484688703521,0.5456215282281239,0.5880236923694611,0.029197023357086523,0.14212392568588253,0.1587098538875579,0.018044023629269084,0.07751766618357947,0.0865360131239425,0.010560051294173717,0.2613237977013569,0.2979098268466033,0.03624474429884099,4.001661820958369,7.818153609541811,1.8512938329449355,41.15765091484146,193.19953704673532,54.30610377292152,0.30740392208099365,0.6005832552909851,0.1422146624662389,0.2428782473256632,1.1401030889525288,0.32046948769606604,0.9680753048341371,0.9982653488982576,0.02713205381961162,0.04843488202251443,0.2754953729267517,0.08461280812821312,-8.735571738803797,-0.9810087941400467,-3.874950579014964,-0.022866737634079704,-0.016367082892033202,0.04853095410446562,ADL,False,ADL_067,170
3.2268720455277076,12.045699729852616,2.836349852291864,173.91752139339093,178.86595499363045,2.409568602503304,2.770474656296229,3.5634060074779663,0.31834690615235467,0.21282527446746824,0.2737375199794769,0.024455111879031,2.5044824349374037,2.6381668743547144,0.050018183969285715,1.1627524100499287,3.493082611489492,1.0277065796236984,40.88588805205333,227.78227261777295,54.39359958596883,6.848052836012803,7.505893088466445,0.3005266545175381,1.6876166155513064,2.0660216649558145,0.3232110295250488,11.561132661032628,14.664215749802292,2.3280242066106522,0.5260610202948253,0.5765956938266754,0.023086176799029443,0.1296411315600077,0.1587098538875579,0.024828769291664114,0.0682241958760221,0.0865360131239425,0.013738063919226743,0.24679935190667798,0.2979098268466033,0.047107391376412594,4.569705960559708,14.94149187755161,3.363258727087125,45.144536247070704,193.19953704673532,54.27122349623938,0.3510405421257019,1.1477914452552795,0.25836239291008034,0.2664055308381208,1.1401030889525288,0.320263653293993,0.9820729330804017,0.9982653488982576,0.015757499179399267,0.06680114969108407,0.2889106825362564,0.1105072925914946,-8.271929269856665,-0.9595083411856677,-4.766103252265136,-0.028125580025896893,-0.0675614082595831,0.04595516261031485,ADL,False,ADL_067,175
2.1163394347549542,5.728187407211636,1.658552263450592,171.35873741575912,176.09086444677985,3.908791489356357,2.526101563253723,2.7044982158339765,0.11041107993722193,0.19405276179313657,0.2077570259571075,0.00848167599674167,2.513213977601839,2.643419005933501,0.08461293329724102,2.2134898655270763,8.346000980259909,2.518803181055437,28.89076495686965,76.62012970459799,23.064613887904336,6.729031599469412,7.151760609842078,0.19052871847106959,1.4315982843938309,2.058366153621481,0.37680260122293585,9.615814880822764,14.22196536693983,2.4907033606441917,0.5169179201126098,0.5493915677070618,0.014636238129949056,0.1099740425745646,0.1581217646598816,0.028945623755510297,0.05674454719717956,0.0839262189427589,0.014698061074794235,0.21330092045974866,0.2979098268466033,0.05762662384630398,4.325098930795234,14.94149187755161,3.3993096166500467,26.151145325874168,57.28253430819235,15.175398281198552,0.33225005865097046,1.1477914452552795,0.26113178856168423,0.1543223240667668,0.3380339068410976,0.08955258755249551,0.9882425586958059,0.9983936055385128,0.00921417924139218,0.07275367751611526,0.2889106825362564,0.10914507105889154,0.08786109240839268,-0.2394410241430296,-7.1130294530935085,-0.0419751878045158,-0.14539727399157018,-0.0004881171800465989,ADL,False,ADL_067,180
5.920564018795497,31.26543464036267,9.734697195945557,160.61840252889544,176.09086444677985,33.753978926327584,2.3213803695619264,2.6038976662922986,0.4590767106006692,0.17832627097765602,0.2000289857387542,0.035265843964018245,2.38897473656696,2.643618996613725,0.4361290414504446,3.0740858146103363,8.346000980259909,2.71472916533695,33.958375405479416,132.97410468039223,35.77181455359484,6.292669263867983,7.151760609842078,1.2830695701418475,1.216231482692547,1.5762264491921898,0.19489841994288476,7.561599031367878,10.278527567661827,1.7639779978403831,0.48339697321256003,0.5493915677070618,0.09856420552547283,0.09342976609865822,0.1210842430591583,0.014971914514126227,0.04462227262479163,0.0606553266581597,0.010409532004704687,0.2127365422381917,0.4550367237736479,0.09907698584040948,4.95747195565659,16.65076292345526,4.696285659997432,23.697746671385723,57.28253430819235,15.44278199537662,0.3808283635548183,1.279096049921853,0.3607642763651113,0.1398444043617231,0.3380339068410976,0.09113046399635194,0.9671079776733583,0.9992488922028958,0.05408165108858644,0.09835753817657125,0.738745026002179,0.19600869795495773,27.180118370621322,-1.2775532677743762,-5.761632352838161,-0.0340003653388186,0.21191520820762572,-0.15100065761456294,ADL,False,ADL_067,185
12.148598146690604,31.26543464036267,12.197959169016283,147.36551992294173,171.26829827050585,34.78257138600609,1.969681712210159,2.5945207996754216,0.5367497526410747,0.15130910873413084,0.1993086636066436,0.04123261447874012,2.07284572457434,2.643618996613725,0.5332455253743152,3.520346298711592,8.346000980259909,2.7610190275059323,44.93922747427576,142.643961953201,43.408255235048316,5.709309187504313,7.011472288065956,1.3658031921168954,1.2408216849688174,1.4805377949023233,0.20083072878038333,6.876476622630978,8.219133841818099,1.2049845904896068,0.4385837972164154,0.5386147499084473,0.10491972506235493,0.09531876246134435,0.1137335300445556,0.015427628936092551,0.04057924961111544,0.048502496562941,0.007110817524500968,0.24248945833997157,0.4550367237736479,0.10610213708128152,9.818454352126569,38.30976855562102,10.603451455662793,23.989291793146332,57.503391232091765,13.747992267855661,0.7542444893292019,2.9429206252098083,0.8145472333505503,0.14156486135126498,0.3393372208396883,0.08112922365691858,0.9325077880739412,0.9992488922028958,0.06776643982786824,0.06476631680105142,0.738745026002179,0.18296870243776994,16.236411009795575,-0.9556730204006265,-0.08162630405798765,-0.0004816906024665002,0.10612668570577663,-0.09020228338775338,ADL,False,ADL_067,190
17.938502472717815,31.26543464036267,9.614216901239335,129.8845373084964,171.26829827050585,33.48982464399468,1.6895727610562967,2.552419560861599,0.4299244184071748,0.12979140082995094,0.1960744857788086,0.03302639211653929,1.784562307931772,2.643618996613725,0.43840490455852693,2.8441046794034226,7.106543706328209,2.023682204979365,41.98262701622595,142.643961953201,42.60893340615581,5.127514172381081,6.918387586144004,1.1307219981758225,1.357806598689575,1.4805377949023233,0.12498147912493975,6.874737283138264,8.219133841818099,1.197913536800677,0.3938908477624257,0.5314640700817108,0.086861007394988,0.10430543422698972,0.1137335300445556,0.009600960448299212,0.040568985475089595,0.048502496562941,0.0070690900427681945,0.28302198911522947,0.4550367237736479,0.0842356888070001,13.11775200777839,38.30976855562102,10.889250339237845,23.62976667000072,57.503391232091765,13.648533780917147,1.007693452494485,2.9429206252098083,0.8365020365468633,0.13944324289544444,0.3393372208396883,0.0805423023323933,0.9003416529293455,0.9992488922028958,0.05341231611799628,0.06967530758659828,0.738745026002179,0.18454179299484091,18.002217235129734,-0.9101992908337833,-0.9249240821639271,-0.005458133177961899,0.08853023382895567,-0.10001231797294297,ADL,False,ADL_067,195
18.85789841770712,26.981264532345588,3.629630153224019,118.69516969062298,140.2446937614955,11.566615682724976,1.577992936545473,1.7545223111250683,0.08695498354248432,0.12121994296709694,0.1347807645797729,0.006679800588208174,1.6706710489441856,1.825104666917712,0.07827627299381379,2.3950301931412517,5.079988291437278,1.4985085857204352,41.12791322147457,142.643961953201,34.0192356449383,5.116661008573495,5.5565713197989846,0.32386974050519735,1.3857887411843077,1.4805377949023233,0.07244983085071577,7.083995037646289,7.998809112476868,0.5084095611541697,0.3930571178595225,0.4268506169319153,0.02487937085368392,0.10645499626795446,0.1137335300445556,0.00556552831150554,0.04180385081663622,0.0472023231342966,0.0030002106629512834,0.27227561122617705,0.3274633058729872,0.026704937533622925,12.058129058102507,38.30976855562102,11.206947001340327,19.46719699874436,57.503391232091765,16.82764374438444,0.926294207572937,2.9429206252098083,0.8609071972855469,0.11487921643490749,0.3393372208396883,0.09930276700468722,0.8952338976794049,0.9329460479579308,0.020164611962355656,0.01769464248405472,0.1629227791586707,0.04644203003029301,-14.911553164773155,0.3882476686459517,0.6186082413575953,0.0036505116813643004,-0.07931337993684343,0.08284196202651739,ADL,False,ADL_067,206
13.949845339672542,19.539180070738087,4.88564115662413,104.92835995250067,120.31549556339291,11.196059512587473,1.6728944047579672,1.8118488346049788,0.10082372584493854,0.1285101850827535,0.1391845345497131,0.007745184413442051,1.7310566733197268,1.838906545559086,0.07177303767185905,1.7283221741741308,3.062790345425086,0.8908505895135704,32.59576965636921,78.39853667448969,21.624949063169556,4.990320772657021,5.5565713197989846,0.37233636479682247,1.3642117835507055,1.4446263743289751,0.05251950217922199,6.7982600547803775,7.998809112476868,0.4549241520722517,0.3833517789840698,0.4268506169319153,0.028602531646342647,0.10479747454325354,0.1109748482704162,0.004034499085124496,0.04011768043772678,0.0472023231342966,0.002684584233197314,0.27536035918254453,0.3204311563566393,0.028298703982037852,7.441990343802314,22.635298226520764,7.780051401507057,11.128095989048111,38.82175816544413,12.567148134773056,0.5716867446899414,1.7388224601745603,0.5976562792710519,0.06566877335842132,0.2290937498068856,0.07416086304757989,0.9225008592240413,0.9707752062410416,0.02714245087013405,0.011119072342618441,0.1629227791586707,0.040582632209258375,-13.702187371036473,0.19458375469427525,-0.7285097737881818,-0.0042990591805978015,0.01841881327795314,0.0761232631724248,ADL,False,ADL_067,211
8.42754979773197,17.980886197878394,5.513516095776283,97.30617066899761,112.7537665305922,9.326061697061407,1.8071483746988937,2.1905279869812304,0.1703154295034783,0.1388234496116638,0.168274313211441,0.013083472158009443,1.7675805322134566,1.838906545559086,0.038039050460891954,1.3683723138815762,3.062790345425086,0.9202987691818492,43.65876254871029,87.50999304574196,24.842051786247133,4.889573343442148,5.370138882625901,0.3827985960142762,1.389673771906289,1.5613805842841209,0.06526210159783323,6.785202333113976,8.012334340645227,0.5086906111873906,0.37561245560646056,0.4125290513038635,0.029406230472944935,0.10675344069798783,0.1199437975883483,0.005013373666247887,0.04004062461743802,0.0472821377893897,0.003001869186651321,0.2863712296613409,0.3204311563566393,0.029804916740891797,4.7740363027598125,17.61952032787452,4.634998540294857,8.364668178888346,31.80265752444788,9.266972478509345,0.3667370080947876,1.353515088558197,0.3560562570939807,0.0493613192587858,0.187672851781997,0.054685969280717305,0.9531802789014888,0.9969416515538227,0.030630644976534897,0.037402886764936964,0.3350673685926209,0.08895023598433392,-14.532586770269674,0.6252635875667185,0.957024341056333,0.005647562225664898,0.0511201616654845,0.08073659316816495,ADL,False,ADL_067,216
5.219991980949173,9.795879119558924,2.597247425357637,89.88887920911796,101.97664050633216,4.960872642110796,2.071941311499475,2.5217482452693907,0.28044082688919253,0.15916459560394283,0.1937183439731598,0.021543202288075537,1.7924421864372582,1.8461655671258372,0.03890747119743081,0.7439730895263764,2.452820710517471,0.6410959899396289,40.263773419281286,87.50999304574196,24.557542832100037,4.8446178179838,5.237140618797555,0.33552699524943413,1.4705943074225518,1.6174059074896,0.08121973091580197,7.14517842918112,8.470582175196904,0.8373113652966631,0.37215901414553326,0.4023122489452362,0.025774870271027837,0.11296968062718707,0.1242476105690002,0.006239223840234703,0.04216490434061325,0.0499863356340863,0.004941115742730068,0.3041465847551258,0.3204311563566393,0.01365562918388838,4.471000957989077,17.61952032787452,4.810035282830451,9.515156689590803,31.80265752444788,8.971707459705222,0.3434581160545349,1.353515088558197,0.3695024161076968,0.056150546215054185,0.187672851781997,0.05294356055063439,0.9710000445502822,0.9969416515538227,0.014429152363097974,0.08292088671933227,0.3350673685926209,0.114229226944482,-2.909115016263635,0.726198166159167,1.3992586035972012,0.008257261278108795,0.040092332041944234,0.016161750090353588,ADL,False,ADL_067,221
4.882481128089465,7.538802545221821,2.032459429670877,88.68223737297424,95.9365067837288,3.680365227693585,2.326712833640263,2.606100473435477,0.26160548716039794,0.17873590588569638,0.2001982033252716,0.020096289089155412,1.810324211182651,1.8496645311315312,0.03957935736187877,0.3177822812142925,0.9115501493178528,0.2923868911858426,31.429671816509444,87.50999304574196,24.169486416093136,5.0925763889441065,5.370716159312948,0.2960838685045859,1.541027701518105,1.6457312606311565,0.08271173542654132,7.869673600800564,8.827294313297667,0.8319400960073392,0.391206959883372,0.4125733971595764,0.022744886128689627,0.1183803081512451,0.1264235377311706,0.006353838232675769,0.0464402726759665,0.0520913541901979,0.004909418975740023,0.3028068410513715,0.3196518691528258,0.008360858914064052,2.9099726366295773,13.410149078732054,3.3759847505765257,9.003578993967905,31.80265752444788,8.000022024931576,0.22354137897491455,1.0301551222801208,0.2593399941438095,0.05313163985567822,0.187672851781997,0.047209480735486434,0.9728751048439471,0.9969416515538227,0.011291441275949304,0.09719672225069574,0.3350673685926209,0.10814194483545805,4.697573865061974,0.6744721576350379,2.2319593580602657,0.013171169027829797,-0.009458262645716087,-0.026097632583677588,ADL,False,ADL_067,226
6.538432372333646,8.220552628337824,1.007693177479715,89.27358837528332,99.11712243368925,4.162628983124526,2.4559092959750743,2.606100473435477,0.10172566822337469,0.18866065740585328,0.2001982033252716,0.007814470784211896,1.8076587033257066,1.8496645311315312,0.05298661364822634,0.4326192187316805,1.529957800316369,0.49827771397846143,20.780665503608223,46.36506468908227,14.125886843421327,5.223225276319889,5.370716159312948,0.11980174403312073,1.6247852208964704,1.7522682939532002,0.06573044247815447,8.483723430027036,8.955137791695305,0.32190723399769056,0.4012432853380839,0.4125733971595764,0.009203058038298857,0.12481448252995807,0.1346076130867004,0.005049351175073731,0.05006388439767847,0.0528457801419968,0.001899628940353788,0.3113450052279312,0.3507175661662804,0.017021756524911287,1.5450965710703528,4.601302548261197,1.3092228312933736,5.949978943174504,13.705214410260975,3.915505826801397,0.11869287490844725,0.3534677624702453,0.10057327461049166,0.03511183036983563,0.0808767842964108,0.023106060998831585,0.9636753757092574,0.9749794930260444,0.00559829543044285,0.0748137630152199,0.2575836927171249,0.09115854303161718,1.5306424346327923,-0.1462422635208136,0.6179106862237198,0.0036463952907404007,0.04965049930914184,-0.008503569081293239,ADL,False,ADL_067,231
6.30403281276241,8.220552628337824,1.2064224196411562,97.2535391526614,120.08943734136211,10.869568581138006,2.2918891864945055,2.606100473435477,0.2752389721655858,0.17606078584988913,0.2001982033252716,0.02114360066862901,1.7017382077127046,1.8496645311315312,0.15259622974189696,0.6724070744326535,2.8196009023638826,0.8009431904827415,16.951673752081785,41.33589141171172,12.12807334366151,5.090468527263211,5.370716159312948,0.2506002411859232,1.6442210303305282,1.7522682939532002,0.06029538056224014,8.36922828230112,8.955137791695305,0.4937168831033696,0.39104503591855366,0.4125733971595764,0.019250876376291658,0.1263075232505798,0.1346076130867004,0.004631834797014332,0.04938822919897676,0.0528457801419968,0.0029135066889834377,0.32380514988390274,0.3538297720754866,0.020141873885091373,1.8115702830852862,4.799450443361328,1.5045718752651802,6.446916402466394,17.95737736521625,4.556328238898375,0.13916313648223874,0.3686892986297607,0.11557980564147291,0.038044342222686774,0.1059695158514628,0.026887662252488058,0.9649775954846531,0.975814853570609,0.006702346775784223,0.036988447671615104,0.1682132727721008,0.0478783892913303,-2.4931345729603036,-0.7495933901750604,-1.3575309097720316,-0.008011019111320301,0.02229433042497103,0.013850747627557336,ADL,False,ADL_067,236
14.54991584641054,57.45051370433813,18.715158084053286,157.70370335656872,178.4310063114158,19.45569616181609,1.1767173720545603,1.6856392976974912,0.5583568907283378,0.08828035593032833,0.1264609843492508,0.04188936631706636,0.8963123593376566,1.351182233980612,0.5427108666959043,1.9204698205184805,10.191866975367777,3.1669541536199524,136.6961416597274,625.892152375979,188.01564718599414,3.313890443016526,4.071111872957062,0.7539615814367958,1.088711392954143,1.5287568074855953,0.23423110977152464,3.742664321286082,6.22373998981854,1.373740268588449,0.24861656228701273,0.3054252564907074,0.056564132006328066,0.08167792161305742,0.1146912574768066,0.01757261873722659,0.021065156886272578,0.0350296067320954,0.00773193954750985,0.335858145552664,0.5747637869464287,0.06997561696102238,8.309228255084548,43.21380056171904,13.072305060217744,13.340889955914827,64.57581904730438,19.46928862881445,0.6233796196825364,3.242010176181793,0.9807178605096236,0.07508766905050022,0.3634575913085314,0.10958065811501104,0.8437350242093864,0.9997384849768132,0.22207085543400243,0.9398327341081952,8.137670657166934,2.4073929079903236,-36.6634417274537,0.7503886343609195,1.9967423449432466,0.0112384352821788,-0.2427049572697853,0.3754380906887401,ADL,False,ADL_068,57
1.9315611569940137,12.359018920748085,3.386138495526551,167.40540164904874,178.4310063114158,11.419336806011499,1.4311605846551507,1.6856392976974912,0.21803220994787753,0.1073693384726842,0.1264609843492508,0.01635733571678948,1.1949058863354929,1.351182233980612,0.1333801144216672,0.300723699159228,1.5659270014561877,0.4259987937757707,32.593011696433194,139.51042466504884,42.56874674996216,3.688745923641996,4.071111872957062,0.1717626395871923,1.2092760308347514,1.5287568074855953,0.09281454326642485,4.46720278261514,6.22373998981854,0.4963405119068619,0.2767391820748647,0.3054252564907074,0.01288607385120426,0.0907229900360107,0.1146912574768066,0.006963185136601299,0.025143138518563483,0.0350296067320954,0.002793595645985728,0.32810729335396155,0.3755121082076849,0.02265006932799839,1.5370509045935785,7.338497452322286,1.694354065254946,6.4726760947803355,64.57581904730438,15.714044781536426,0.1153135019190171,0.5505529046058655,0.12711478856774283,0.036430715048396636,0.3634575913085314,0.08844469880943835,0.9892691046833666,0.9998533214882512,0.018811880530703054,0.018402028112734156,0.0993765335688334,0.0341331365128201,-12.099993831383399,-0.6495710874101389,-2.2240884037152875,-0.012518026499663003,-0.021024039598816102,0.06722218795212997,ADL,False,ADL_068,112
1.6012779925807665,8.3639140695321,2.3142503244367414,173.15086389873676,178.50360023090542,5.17812086205459,1.1263015938295668,1.576113350701575,0.3208841970456437,0.0844980349143346,0.1182440668344497,0.024073555639062667,0.9869550639001481,1.2877515780273656,0.22248214445476028,0.10534613743132727,0.705500768824006,0.16962624617158614,22.410603310537105,82.07533238179232,24.400761783531518,3.4396116094413327,3.7487683915308665,0.2540528143750554,1.1919102369741037,1.2168505353827228,0.018873845920592585,4.103936444102372,4.48685066096042,0.3588598193707485,0.25804848670959474,0.2812422215938568,0.019059693865972463,0.08942016363143918,0.0912912487983703,0.0014159643387731233,0.023098535595252486,0.0252537243484152,0.0020198013357037156,0.3481424868794791,0.4003184822523672,0.022156265567100812,1.718635839397568,3.3489760817678427,0.8961662659914283,2.139534146421578,6.136175884848303,1.5189883185507638,0.1289364695549011,0.2512487769126892,0.06723269224481913,0.012042122560011088,0.0345367622099956,0.008549451538227183,0.986338666424448,0.9998533214882512,0.023002426513545546,0.17683203921133847,0.7900118179111759,0.27952096812765137,7.720582163945487,-1.0672793353282357,-1.0422226993256016,-0.0058660309306564,0.08104499798640652,-0.07707996768140257,ADL,False,ADL_068,117
6.9731274966698304,23.14965167393081,7.557679789946753,173.16399178828627,178.53526220785884,5.23121518082276,0.7446651315851548,1.326059282422611,0.36580491896014583,0.055866688489913906,0.0994843691587448,0.027443623433961915,0.7308081346499093,1.1207834401215575,0.2550376899769556,0.45232634280603373,1.6645251418267213,0.6017910214319817,49.6891140521283,127.91840819479096,37.12500694233788,3.0773008276236964,3.622162905262047,0.3887955344267211,1.188457862048811,1.2195629227337028,0.01696166499743933,3.6568337571974094,4.368487434734573,0.46633315147930055,0.23086700240770977,0.2717439532279968,0.02916843838498352,0.0891611576080322,0.0914947390556335,0.001272507620526153,0.02058206940020492,0.0245875305046787,0.002624702659362682,0.3928769582633207,0.5108780536706876,0.053992318373139295,2.5258340523578307,3.918899193744645,0.8528509816488083,3.025569492313688,6.136175884848303,1.099690292831527,0.18949455022811887,0.2940058708190918,0.06398306849505393,0.01702907088499112,0.0345367622099956,0.00618948068974751,0.9304736287572646,0.9998533214882512,0.07894556672952363,0.4764781920524497,1.1120562050120952,0.41835409654722167,22.895665554377718,-1.1328769615509016,-1.457175416116494,-0.008201544706196301,0.17791692469538184,-0.23350554535490575,ADL,False,ADL_068,122
14.484828453515187,25.18690984171428,8.429081811104327,165.70781203164697,178.53526220785884,15.725590374768892,0.4016587908401133,0.9531296577272036,0.27240215893795666,0.030133472879727636,0.0715062320232391,0.020436308767367874,0.5089322407656922,0.8809572331673862,0.1647499909256388,1.0764352316169092,2.433247417227833,0.8681638446241973,68.61690289363203,127.91840819479096,32.90130805719879,2.64681291061099,3.3074290448222854,0.39881260390266776,1.2062903920417931,1.36177575912447,0.057576945973210836,3.1771143153217034,3.90313062014374,0.39456353357067636,0.19857069452603654,0.2481318116188049,0.02991994463424658,0.09049899975458779,0.1021639108657836,0.004319570191286889,0.01788202354061942,0.0219683230455167,0.00222075559621983,0.46883371635604865,0.6496303630910062,0.09103739713582364,2.6797115844390165,5.382777983924716,1.2376300487103544,3.5069011386978777,6.678265728518653,1.631394494704035,0.20103883743286133,0.40382981300354,0.09285018119470233,0.019738190852748926,0.0375878527228223,0.009182116808844079,0.8464163756933619,0.9942197902598124,0.09537088373256841,0.6456585393607928,1.5662099827280496,0.43560676581087565,24.14647208848053,-0.8815131772355901,-1.2252584204071577,-0.006896226494401199,0.2928259121690165,-0.2720222062802796,ADL,False,ADL_068,127
24.95464993955455,52.29947416573568,10.056955723953841,159.77896110240073,178.53526220785884,13.686415399159003,0.1789499673447912,0.4322785905444769,0.12028895549164845,0.013425285617510435,0.0324306488037109,0.009024386022914749,0.3617731374922501,0.5130406389605102,0.08520829505043788,1.6046829965845288,3.395572894344,0.9868996173035665,122.61558369768747,411.6041810880984,108.02727267023991,2.278353415206154,2.811242905967378,0.2696454087140826,1.2774641035027385,1.4797733482772402,0.10013164704549718,2.8899615959897877,3.368975923916759,0.21343636113231362,0.17092791795730589,0.2109066545963287,0.0202294902935744,0.09583863417307532,0.1110163927078247,0.007512133032957927,0.0162658173933986,0.0189618945999932,0.0012013020796218148,0.5721406984378601,0.7367258791565097,0.10294191422758785,2.029831043346041,5.382777983924716,1.5556157762071363,3.1922307061171153,7.303287608002615,2.142957639629616,0.1522831320762634,0.40382981300354,0.11670628621265283,0.017967104412512872,0.0411057166877526,0.012061391298892244,0.75216846512387,0.8963122270061352,0.07076242393655446,0.7790413418424109,1.8938278024966584,0.5576516736357726,41.63094424972815,-0.29423563259882374,-0.39189760406253393,-0.002205750717738701,0.2994137779589438,-0.2842787809737891,ADL,False,ADL_068,132
38.13542572781247,60.729500918652505,14.997599627237602,157.49183841084914,174.6658741677194,11.768359674387247,0.1706938437220346,0.366807486783921,0.1085092260706843,0.012805890043576514,0.0275188386440277,0.008140640502756442,0.2507695855748903,0.4045433573198025,0.1151825545096883,1.8673996394387482,4.256529448756139,1.1131483742783534,141.65538539539526,411.6041810880984,107.04594155600664,2.0680286712130256,2.3927570513943976,0.13963282499629673,1.2971329636940898,1.4958967193671022,0.12705533582688242,2.680118875861786,3.2140291438668167,0.2904520326801701,0.1551488161087036,0.1795107722282409,0.010475612736733506,0.09731424252192176,0.1122260093688964,0.009532017233722382,0.015084741710014947,0.0180897944193247,0.001634775954003312,0.6302952592110754,0.7367258791565097,0.07545398283961147,1.8664863736918391,8.126245766413378,2.168915635259332,5.9879918640317005,26.87064244899708,6.961524467061894,0.1400285959243774,0.6096518039703369,0.16271761496070633,0.03370272544405133,0.1512383292308072,0.03918214204577469,0.6505651994393902,0.7744045834038011,0.10307035650979016,0.7931184405862169,2.212077312044826,0.7462881695191547,29.15381620027729,0.18576139115529766,0.4169094141808918,0.0023465268223859005,0.20767405354792612,-0.10558757657239537,ADL,False,ADL_068,137
44.47687594424594,60.729500918652505,11.620835393969145,150.50343723254875,174.6658741677194,35.390850934602625,0.20513945492693164,0.366807486783921,0.11748714458123671,0.015390088160832687,0.0275188386440277,0.008814186980821273,0.21645487976616493,0.4162839267630093,0.1059329637889777,2.0320659424726677,4.415042032918643,1.2671131159425695,192.00950728250973,430.9759071400573,122.82691987024407,2.1341872997540814,2.6102088434164368,0.2243330295496497,1.4120861218266103,1.6431982613767997,0.17418371235492572,3.043857734486578,4.197029112106505,0.6595323177668948,0.16011220614115393,0.1958245635032653,0.016830039367051765,0.10593832333882647,0.123276948928833,0.013067708941111644,0.017132004158583132,0.0236224970003178,0.003712102008804414,0.662048242459535,0.7367258791565097,0.05409520474402497,2.053703071094986,8.126245766413378,2.3810405271102786,6.7268243169909665,26.87064244899708,7.138941275270831,0.15407407283782956,0.6096518039703369,0.17863176851959137,0.03786115916885529,0.1512383292308072,0.040180712202849,0.6539621610874771,0.823107989451253,0.1112314791327302,0.7333233825555779,2.212077312044826,0.7698771930708236,16.860943005146012,0.20560714444673558,1.4959493943540179,0.008419779595719499,-0.05147555248691771,0.04803287210865803,ADL,False,ADL_068,142
44.515252031470844,60.729500918652505,10.134270644375714,147.48629656224756,174.6658741677194,35.35633902483742,0.26979644523741453,0.407131804299736,0.08306473451034514,0.020240821441014568,0.0305440723896026,0.006231729472156967,0.2422792464304381,0.4162839267630093,0.11904258933639404,2.0007376302219804,5.804461261723839,1.6177312318159363,156.3924797547096,430.9759071400573,119.76917150028625,2.349147890318085,2.746493198725477,0.3082542119171779,1.5251143376920606,1.874972316660736,0.2269169264892016,3.639841919381771,4.804011287939586,0.9222729287308197,0.17623910109202065,0.2060489654541015,0.023126021754533568,0.11441799004872637,0.1406652331352234,0.017023889944028158,0.02048643278985308,0.0270388265622223,0.005190907403900159,0.6497127416065952,0.7317848957224685,0.05758859402267211,2.4935404352941855,8.126245766413378,2.249420966849148,7.816985551652306,26.87064244899708,6.690086827835993,0.18707180023193357,0.6096518039703369,0.16875733146002936,0.04399700664757938,0.1512383292308072,0.03765438642456839,0.694596540977826,0.8254124825645043,0.1319409498002483,0.5091617722063554,2.212077312044826,0.7030643896004011,-20.436484037485776,0.2275636578713649,2.143747854055545,0.012065838930158898,0.02034883085260697,0.25379236999302746,ADL,False,ADL_068,147
44.90645387929738,76.75596152179797,14.455134461405455,142.22280433055874,172.14844095926006,34.04276631445805,0.33335545097875435,0.7616537018036688,0.1681010154187658,0.025009181102116872,0.0571412146091461,0.012611369412782136,0.2690968442156333,0.4162839267630093,0.1174350928141303,2.320386203067472,5.804461261723839,1.6898762814267194,190.90441977128128,589.7547826977211,189.6331041803847,2.492443404112511,2.746493198725477,0.16187339910766557,1.7765391388054261,2.025578935231674,0.18642786166749528,4.421228785214608,4.95404847771102,0.4702418845641211,0.18698949813842772,0.2060489654541015,0.01214415766117729,0.1332805236180623,0.1519641280174255,0.01398629643293259,0.024884379146951303,0.0278832936770889,0.0026467025152380878,0.7167101744717906,0.8580208787090974,0.09532937734498344,2.2896918934840618,7.135795358944339,1.5620779900499375,4.8568144334077585,12.258652342655305,3.546087306074712,0.1717785596847534,0.5353456735610962,0.1171910980729079,0.02733602301049837,0.0689964187660763,0.019958745701568813,0.7468213602174141,0.8254124825645043,0.08242536855839538,0.6359693212694416,3.2764154594317865,1.028037485069298,21.62394098797862,0.40314624743207605,1.3808756930378578,0.007772100465661701,0.12190021094567038,-0.08965412940136941,ADL,False,ADL_068,152
50.62200408640568,76.75596152179797,15.538385862184432,152.33401904499368,172.14844095926006,12.015219059430946,0.5147316967432007,0.9184895157540326,0.24596786678431068,0.03861649235089616,0.0689074397087097,0.018453140357084608,0.2772547954120075,0.4019465681995101,0.10736064279723885,1.9432435988684296,5.804461261723839,1.7387284314588891,178.00697790341584,589.7547826977211,204.66969952825505,2.5871688580985905,2.8003667411632653,0.14229490915378923,1.816718594391834,2.025578935231674,0.15607895857289697,4.679205975244375,4.95404847771102,0.18095308941794713,0.19409604469935096,0.210090696811676,0.01067532911937651,0.1362948894500732,0.1519641280174255,0.011709443867555527,0.02633637417363577,0.0278832936770889,0.0010184737102832027,0.7075795732035758,0.8580208787090974,0.09974691944261899,2.1920316480367363,7.276634522889336,1.6454982669849263,4.09765236514613,11.701530945227034,2.9237356240338648,0.16445183753967282,0.5459117889404297,0.12344950124984856,0.023063166377568167,0.0658607248768916,0.01645591063670221,0.7187666439644129,0.8254124825645043,0.08632436590102463,0.5430344763460895,3.2764154594317865,1.0132690039672547,19.85927967661573,0.7865788254617302,0.39455302756721267,0.0022206964643842995,0.014667828573928676,-0.11032933153675406,ADL,False,ADL_068,157
56.73826368352932,76.75596152179797,11.6892560945178,157.41957652843763,174.7664920409567,12.362154460126277,0.7389629211295443,0.996140541683364,0.22037889410940045,0.055438894033431954,0.074733018875122,0.016533389982626982,0.28645731499624266,0.4317256258121154,0.11442069131222947,1.5491187803673376,4.696076824266672,1.4112258028629565,195.82480933150893,589.7547826977211,192.1135717283106,2.634172608226344,2.845465940922604,0.1743214111004391,1.8350119812944214,2.025578935231674,0.13677246512292413,4.813602839025677,5.29807841479454,0.19550914953598159,0.1976223866144816,0.213474154472351,0.013078039454243993,0.1376673062642415,0.1519641280174255,0.010261021201240762,0.027092811507455575,0.0298196267211778,0.0011004008252233502,0.702821894993741,0.8580208787090974,0.09819136062577599,1.7011181391334338,7.276634522889336,1.8105256691051392,4.395744781007066,18.34806349655783,4.5572385959260595,0.1276222467422485,0.5459117889404297,0.13583028030811356,0.024740945352029035,0.1032699710513895,0.025649894767578642,0.6847874239803926,0.7982828609778855,0.06494031163621002,0.5902488973811404,3.2764154594317865,1.0007210694118234,9.447128826571898,0.716038878321194,-0.1040572338851593,-0.0005856742066008003,-0.21827742279278217,-0.052484049036510494,ADL,False,ADL_068,162
49.14795153792023,76.08855731557034,12.456037769804775,164.42969670638274,175.92169314366558,9.830963109830897,0.8947944473126377,0.9992875148225652,0.09419685080648334,0.06712977488835649,0.0749691128730773,0.007066889394343709,0.35685194999662234,0.4755258351441395,0.07314329360135287,1.1007144352643248,4.417866443297299,1.164362121668652,168.41487074038056,561.4102844382085,150.34165013066976,2.653010909033772,2.845465940922604,0.17910639959253574,1.7632398602983974,2.0069465661176773,0.11255957346143503,4.667463072436827,5.29807841479454,0.305781261303594,0.1990356842676798,0.213474154472351,0.013437021566037972,0.13228277762730914,0.150566279888153,0.00844450795452411,0.026270280591976745,0.0298196267211778,0.0017210547592013616,0.6697077323346473,0.8917369363360803,0.08570320276832355,3.158988999275989,10.619282495327791,3.489873042802353,5.899637096485965,18.34806349655783,4.918884471202953,0.23699545860290525,0.7966858148574829,0.2618192283779463,0.033205430768326445,0.1032699710513895,0.02768537709941744,0.7269558247893322,0.844781347281094,0.06920020983224877,0.1966157296544189,0.760108165751292,0.2558167970610912,-48.149199826167255,0.2643870571498942,-0.7700355189340584,-0.004334056602964199,-0.036801693565326477,0.2674955545898181,ADL,False,ADL_068,167
36.43788869035372,59.26307503026352,14.446490427991135,169.87112538234794,177.34472313985515,6.2148012354265125,1.0263019606372452,1.224147127483309,0.11756864086673793,0.0769958058993021,0.0918386578559875,0.00882030104122516,0.4455967249370151,0.6248104230905814,0.09483952084916529,1.0740148191784908,4.417866443297299,1.1119640330315044,158.70623923274027,431.8383797003335,108.98888943574553,2.60912637787666,2.845465940922604,0.19772484719152555,1.7350927372038754,2.0069465661176773,0.1343383548349152,4.517732981715784,5.29807841479454,0.39891462230217445,0.19574335416158037,0.213474154472351,0.01483382526754123,0.1301711082458496,0.150566279888153,0.01007840800311665,0.025427541948894062,0.0298196267211778,0.002245245200118809,0.6707559199417668,0.8917369363360803,0.09246727802631594,3.5722236751154286,10.619282495327791,3.737200906357495,6.840419497552928,18.34806349655783,5.5419563370214995,0.2679973840713501,0.7966858148574829,0.28037439918163115,0.038500516614419625,0.1032699710513895,0.03119226563607896,0.7975672850535905,0.9122326430370604,0.0802582801555063,0.31676014964819194,1.0363199568131598,0.35101657280174453,-25.753685900446335,0.19880551934077761,-1.3355765547838683,-0.007517139461356199,0.09388529323377226,0.1430760327802575,ADL,False,ADL_068,172
29.817026603086656,45.16056192284169,8.579989106259871,171.5375040627657,177.34472313985515,4.117731666013088,1.0581409972587938,1.224147127483309,0.10971944467828916,0.07938445210456843,0.0918386578559875,0.008231434207319777,0.45656332913581266,0.6248104230905814,0.091197987683413,1.3179215245025024,4.417866443297299,1.083012010730156,146.73459553950093,431.8383797003335,103.9130906252828,2.497017492361746,2.6976702264078365,0.15115228227234218,1.6879427480314808,2.0069465661176773,0.13946466874763938,4.200257110729287,4.656846476366573,0.24510730521869095,0.18733265797297158,0.2023861408233642,0.011339831972893758,0.1266337951024373,0.150566279888153,0.01046299722358147,0.023640665420347005,0.0262105262986125,0.0013795583560721326,0.681026545546983,0.8917369363360803,0.09385511284891244,4.284761635199336,10.619282495327791,3.509842356665809,5.55792859186558,16.693918702678207,4.703346155455802,0.3214538097381592,0.7966858148574829,0.2633173775320393,0.03128216364061127,0.093959806792867,0.02647224440931914,0.8343498522050741,0.9122326430370604,0.04766660614588817,0.3934108154476998,1.1022824866986047,0.39816675754756015,-1.9576990614536456,-0.05970112334564881,-0.3961965706278905,-0.0022299469580034023,0.037923868764573654,0.01087610589696475,ADL,False,ADL_068,177
28.889168862736838,43.20286286138804,8.355432330183262,159.05762424399978,177.34472313985515,21.740287601551216,1.0351741844292381,1.224147127483309,0.13451822280696613,0.07766142288843786,0.0918386578559875,0.010091902159802203,0.4401537299411917,0.6248104230905814,0.10392079062096164,1.414250999940194,4.425719972578037,1.1125111225972595,169.62851822358832,376.1101434428575,96.8443917502888,2.442989289290002,2.6976702264078365,0.1620094511098041,1.7099685409455672,1.9389326985267723,0.1364327480349424,4.159061259175418,4.53797384278582,0.18398467085190018,0.18327932357788082,0.2023861408233642,0.012154364631397215,0.12828622659047442,0.1454637050628662,0.010235534753810937,0.023408799294627337,0.0255414653140029,0.0010355366186921972,0.7062285572253914,0.8849792479740208,0.10018090191945413,3.2418050018218154,10.605482211705498,2.661017845911936,4.771047276172766,16.693918702678207,4.5939408097729535,0.24320852756500244,0.7956504821777344,0.19963638521278576,0.02685329240263452,0.093959806792867,0.025856468968839846,0.8395046174292397,0.9122326430370604,0.0464190685010181,0.5508191265564066,1.940958008172308,0.5390427657283458,23.395731921250846,-0.35229097082509486,0.09643380597607187,0.0005427666169453005,0.2636455444305362,-0.12997628845139353,ADL,False,ADL_068,182
43.87876837724517,89.6076229987128,20.289590344569618,137.8031012223559,176.5540313864253,33.371434487991415,0.8595380462723187,1.1205719072767426,0.17505979336509375,0.06448474923769629,0.0840681791305542,0.01313343478593911,0.31135706795441886,0.4712494950982549,0.12448897546050587,2.2303729196158057,7.289374162951721,2.065315990711171,253.7641738360662,833.9433078946283,220.09445517165085,2.2479452277955616,2.559829466054692,0.2386940081530543,1.7033495954719764,1.9389326985267723,0.156243198948974,3.836646191575264,4.53797384278582,0.5603928752744546,0.16864661773045855,0.192044973373413,0.017907436822655585,0.12778965632120767,0.1454637050628662,0.01172176560190105,0.021594123064416663,0.0255414653140029,0.0031541070270361096,0.7647290589304173,0.8849792479740208,0.09100707993231548,2.9365064993727503,8.997165219882717,2.4692248497484073,5.44180739652209,19.798440463954837,5.790548041752174,0.22030425071716309,0.6749904155731201,0.18524758262657284,0.0306285888105577,0.1114332514686822,0.03259143553517862,0.7302405224501144,0.8717449902468549,0.15765921580430822,1.2572544102790033,5.845529331408102,1.7214736555574708,63.64122624322503,-0.48309374542877936,-1.2828729024780094,-0.007220502998933301,0.09501874357739115,-0.49214796217346357,ADL,False,ADL_068,187
52.6635410142641,89.6076229987128,20.766217475632374,102.19886609377814,176.5540313864253,39.26230049948967,0.7038177486273439,0.9739464758808954,0.18483714993312692,0.05280221303304032,0.0730679631233215,0.013866957157905646,0.21924206830902984,0.426244839596317,0.12187385154244251,3.283844622293333,7.931850061364224,2.5274809656399224,390.7808187951777,970.3428262929132,307.7154811849739,2.0258449303356896,2.448879793770857,0.26692549784005903,1.6343455290619626,1.9389326985267723,0.2033549628232075,3.3523515969761903,4.53797384278582,0.7938956854187414,0.1519840836524963,0.1837212443351745,0.020025435602312094,0.12261279424031575,0.1454637050628662,0.015256210985384431,0.018868326482451847,0.0255414653140029,0.004468350813501236,0.8119341379755853,1.024910642695631,0.07960369255384377,4.414490657165398,16.05368641073075,4.511420415214255,8.585479313087474,25.182833853636858,8.184297874208738,0.3311864137649536,1.2043887376785278,0.3384583328714533,0.04832238564528521,0.1417386921265517,0.0460643819280464,0.6309347600147404,0.8717449902468549,0.17294495220179434,1.156151321883253,5.845529331408102,1.7804145048099103,16.319516442619296,-0.6447624393604003,-1.4666721106320146,-0.0082549957621012,0.08525379476238404,-0.2236819027881939,ADL,False,ADL_068,192
20.94474842915691,60.85346721953804,11.975727125356078,148.96715447527575,178.4103448282288,30.932418824899276,2.4443776909777744,4.45002881971802,1.8326920425714621,0.05347708264986671,0.0973558872938156,0.040094877397258276,2.0176462525278183,3.811836605669744,1.6232654588846234,5.442538950799525,18.0683303606994,5.027958769556971,176.3428467619684,1354.4572231790628,324.4723377307236,10.020129164724487,12.443653280892232,2.551992411044791,2.824800727243401,4.402939904661869,0.5236752527825963,29.2642474187538,54.788657590217,11.463969673146527,0.21921623547871907,0.272237092256546,0.05583143292094294,0.061799820264180454,0.0963256955146789,0.011456750271494518,0.014006710460799794,0.0262234272565056,0.005486985591854029,0.2932120164147435,0.3813827724558774,0.05520039867911646,9.871432944571772,36.8029142099303,9.6453976716877,83.86169626434402,702.764846963969,171.6466742646201,0.21596312116492877,0.8051589131355286,0.21101801508970053,0.04013861971292153,0.3363634674283311,0.08215503489910478,0.8418095422088637,0.9571017056058946,0.08421197422837633,0.29893656036412025,1.9353229679378536,0.6202408312126976,-53.13177422859907,3.9407894650307163,13.028322067892155,0.006235729639097801,-0.07796759436350081,0.295176523492217,ADL,False,ADL_069,54
13.055992243598139,29.761785780865413,9.02831009713824,168.8161915077418,178.60495212314285,15.894506187998289,3.77924750286528,4.45002881971802,0.9920721423540375,0.08268081148465471,0.0973558872938156,0.02170414340922718,3.2202701027794607,3.9058053333459104,0.8975304276301667,6.6355357793807155,18.0683303606994,5.295028761832203,69.11530105579904,156.9494588120644,52.762850584184804,11.49089176646791,12.443653280892232,1.5100247535488691,3.1586940442185685,4.402939904661869,0.46793029503601014,36.65865594063197,54.788657590217,7.994743892987566,0.25139297048250836,0.272237092256546,0.033035696098411074,0.06910459995269773,0.0963256955146789,0.010237185175752265,0.017545887044184104,0.0262234272565056,0.003826514357774415,0.27852263397715216,0.3800516559476053,0.04315956542660238,6.57959118729949,20.365255915683957,5.2479967675381936,73.84719281688447,702.764846963969,169.33838982584038,0.14394557069648392,0.4455426335334778,0.1148134995339496,0.03534539034364834,0.3363634674283311,0.08105022357993728,0.9158139712674349,0.9949206689101544,0.07299919294915963,0.07338558068791179,1.0320296120497152,0.25677884055904787,-19.186486568205176,3.9409086602304684,27.25545122371181,0.0130452428284328,-0.06710536956897162,0.2813826694008814,ADL,False,ADL_069,59
5.350866067395802,16.340207105085128,5.70928680775547,168.8423138773249,178.60495212314285,7.122766282103005,3.9705025806478793,4.393270108942592,0.24819594684405247,0.08686501085758205,0.0961141437292099,0.0054299281210638504,3.4489443907143253,3.9058053333459104,0.3217299205457739,4.772370101194822,15.282186839008654,4.858283030573858,40.93425821027436,156.9494588120644,45.25721311759529,11.5749850015658,12.382410106144436,0.46381051159767256,3.367866953097084,3.7288862822586144,0.29617922165465693,38.85176449291544,41.2186075442325,2.025601376529137,0.25323272744814557,0.27089723944664,0.010147054260123042,0.07368079821268712,0.0815790295600891,0.006479686332460187,0.0185955718715907,0.0197284110268771,0.0009695110755473972,0.29240714964051034,0.3430891496538131,0.03682097973876325,5.040864440347277,16.347383255531636,3.7647633398130163,17.87167733775992,45.6433063372728,11.415673794824093,0.11028194427490232,0.3576412796974182,0.08236393296480927,0.00855389876721796,0.0218461991245355,0.005463869795488841,0.9702729662922455,0.9989996155620512,0.03171826004308595,0.004888332774434894,0.0687540982689616,0.017106689013499172,-16.160137906254327,0.16328652581284908,4.2719634849112325,0.0020446845864868016,0.10662681206073521,0.08977854392363516,ADL,False,ADL_069,107
1.3418125946287587,4.194496124938568,1.1467267158413021,167.00635842286297,178.60495212314285,5.69406787661692,3.871076347500115,4.393270108942592,0.34213459225043646,0.08468980491161343,0.0961141437292099,0.0074850788954125775,3.5420815218616344,3.9058053333459104,0.22357197372513507,2.8665205910180935,15.282186839008654,3.938804966540365,19.8349054286586,105.81590598001203,26.237619863392688,11.284591439199561,11.831890388763735,0.2855137522162331,3.6050545935713116,3.736928893222425,0.1537172329410765,40.64613940187355,42.3384111134385,1.1372049377078237,0.24687961737314856,0.2588531970977783,0.006246351609776622,0.07886989116668697,0.081754982471466,0.0033629619518457353,0.019454411309634607,0.0202643812208958,0.0005442989894507874,0.3199436624635383,0.3430891496538131,0.02036120406223688,4.04470588352044,7.761323914705223,1.9773863462991694,16.660655146855536,45.6433063372728,11.207004542868145,0.08848839998245235,0.1697990298271179,0.04326043944111578,0.007974268717386873,0.0218461991245355,0.005363994690129209,0.9925454855853956,0.9989996155620512,0.006370703976896106,0.02150976636135591,0.0885852933605346,0.02983301672494453,-2.518497903284873,-0.6811951176569426,4.6041417082821425,0.0022036746377108,0.0521284034049615,0.013991655018249394,ADL,False,ADL_069,112
1.948202436030563,6.187591448006834,1.924326501936724,167.54883990648736,174.35055309867587,5.08311093817371,3.4143989427723005,4.174587103208619,0.47734588701429814,0.07469880580902095,0.091329887509346,0.01044317559706844,3.25602275970457,3.76200756325016,0.38256205748806615,0.9684753014056713,2.634302459515757,0.5877597446780708,13.593166733376385,35.907148859382296,10.79389504769328,11.10176634542804,11.47257884301655,0.21140044028934074,3.7202946014451297,3.8563829168363366,0.054685170691567496,41.294571016758184,42.3384111134385,0.6194037786729899,0.2428798456986745,0.2509923279285431,0.004624931269540908,0.08139106432596839,0.084368348121643,0.0011963795135215866,0.019764769329554087,0.0202643812208958,0.00029646446266163245,0.33528803963588394,0.3600428297708966,0.010296035766270775,3.795728225817597,5.798485476738637,1.4349330891106107,8.769895214369752,14.709413524980164,3.7791220049415313,0.0830413699150085,0.1268568634986877,0.03139287176717016,0.00419752407371016,0.0070403483590197,0.0018087964799440484,0.9891766531331636,0.9989996155620512,0.010690702788537365,0.06705497343623777,0.1994841603299058,0.06646984887840936,5.40574577073831,-1.735439198111298,0.6588559586720137,0.0003153474106625011,0.03951954534376789,-0.03003192094854601,ADL,False,ADL_069,117
5.932045178749646,16.72671260415821,5.205169522341218,171.5495698209837,174.35055309867587,2.7353524020852387,2.7438860762132484,3.63576145659669,0.6699483561264562,0.06002960304419194,0.0795416831970214,0.014656852639407678,2.7218588941145443,3.469881924352672,0.5613918645405358,0.9112616055249061,2.587366795430715,0.6980805524676068,33.09328681065482,70.26904160892734,23.131776180075093,10.800651572161476,11.47257884301655,0.5362980493509123,3.815777902792807,4.0245639381087,0.12099429593235268,41.148987224611446,42.3384111134385,0.8281477786203384,0.23629218141237893,0.2509923279285431,0.011732906586391279,0.08348000844319657,0.0880477428436279,0.0026470630899714485,0.019695088739610813,0.0202643812208958,0.0003963753445597391,0.3547573221485862,0.4110411223281555,0.029653859456842215,4.571077334546891,8.061941019632961,1.4577602374977865,10.78570767256997,24.3414968965277,6.587359470028994,0.10000413656234737,0.1763758063316345,0.031892274664466896,0.0051623498914139,0.0116505404814759,0.0031528996962612633,0.9670441934513909,0.9984858832123004,0.028917608457451182,0.1838515933925266,0.3903835644940401,0.128509867667084,16.4541715823723,-2.0224101554561003,-1.5021599425286496,-0.000718976950944198,0.06966789369349097,-0.09141206434651261,ADL,False,ADL_069,122
11.967062585335835,26.15494099119753,6.6170205984640065,172.17965740542886,174.35055309867587,1.6280063626946004,2.0615055452668907,3.1725348545906376,0.6308675860704136,0.045100764433542835,0.0694074034690857,0.013801859739570077,2.1938309703692545,3.1027538979634914,0.47001220660857346,1.6228010965768962,5.621388654524875,1.5212931395390592,54.86807327680778,209.0846553984575,48.250841566981464,10.140862050664417,11.357320490433894,0.7692694813193834,3.930100130332384,4.174771685489377,0.13830811944361593,39.755214457954956,42.14222241021441,1.774236377645298,0.2218575795491536,0.2484707534313202,0.016829759077076612,0.08598110278447466,0.0913339257240295,0.0030258477492794227,0.019027989008278075,0.0201704796651025,0.0008492005577690075,0.3907591363274244,0.4657783024227591,0.0426587582654442,5.019245836689468,8.061941019632961,1.599357021423144,15.917769049215792,64.21385749091606,15.583411924067011,0.10980898141860959,0.1763758063316345,0.03499007045309681,0.007618702065489166,0.0307345989997998,0.007458669129208625,0.9335163189703565,0.9848389381406184,0.03676122554702225,0.288405441155265,1.1615814188803195,0.2790249158618805,23.42594985650887,-1.9301156094998728,-4.723927797605256,-0.002261007705134998,0.13906717640481947,-0.13014416586949362,ADL,False,ADL_069,127
21.5885826651972,40.09570860616317,9.654373813445435,172.2731218779285,177.3706272777628,2.204361467868774,1.37546215718409,2.230578782341128,0.4988574027908951,0.03009179135163621,0.0487996786832809,0.010913795629052446,1.6766847737266195,2.225357351476581,0.35309279933006243,2.2400278966620073,5.621388654524875,1.497199390165864,84.0891746286136,251.31417299686532,63.62626053970135,9.208616459429033,10.516547520464943,0.8119402643701451,4.002744632438362,4.226114166388093,0.10790036947196296,36.85573738790912,40.817979800088,3.2846937780163956,0.20146229664484658,0.2300766706466674,0.017763292794211523,0.08757038911183672,0.0924571752548217,0.0023605995904402034,0.01764021589295666,0.0195366590663876,0.001572148910673255,0.4381308560791866,0.4933925808814732,0.04046736745508739,5.951131617348538,9.52232060698952,2.2557730477529727,29.64351239281814,80.08382077411589,22.975710341607005,0.1301963925361633,0.2083253860473632,0.04935086838637178,0.014188237585130952,0.0383304198507694,0.010996835755969629,0.8800634296377933,0.9537902555508122,0.05363541007469686,0.42195946929146183,1.3961898499825875,0.3859645698250495,31.777954605309365,-1.785611522706166,-10.971604942746268,-0.0052513256713666995,0.1272586391378322,-0.1765441922517187,ADL,False,ADL_069,132
31.34327861520121,44.48984935909274,10.249535942679975,171.89181419526122,178.29990748822738,3.963429714934562,0.823902421953822,1.55740856664689,0.49666075689138267,0.018024995923042252,0.0340723395347595,0.010865738319924528,1.33805225560933,1.8690297724157483,0.3392576937381573,4.243719637949116,14.89940678010352,3.656239431428794,85.47847008400461,251.31417299686532,67.90552648628777,8.316685727065211,9.571123889575803,0.783939583862453,3.9570045529664495,4.226114166388093,0.17737266389091239,32.98881708727174,38.13096184383705,4.080567280959379,0.1819490055243174,0.2093930840492248,0.017150705504084773,0.08656970659891762,0.0924571752548217,0.003880485671969581,0.01578939662359432,0.0182505749932992,0.0019530768586785354,0.47883280554101,0.5396530470475785,0.03658126290794033,6.578501588374795,16.22151312459394,3.3373743403269014,43.947560114410976,112.1011812577756,27.438239895608394,0.14392173290252683,0.3548875451087951,0.07301369346069224,0.021034566212239945,0.0536548494045696,0.013132730743844937,0.8258706743599931,0.9122299609947012,0.056941866348222084,0.35368190925566423,1.3961898499825875,0.43724402432265086,20.980993369068216,-1.2409446301909808,-4.781931482423239,-0.0022887699368877006,0.12179370757352836,-0.1165610742726012,ADL,False,ADL_069,137
38.83418444515909,47.18097805456023,5.591334693483167,168.7860000903012,178.29990748822738,7.10279485098256,0.40237942776760177,1.104382349277866,0.31486531154366204,0.008803090453147847,0.0241612195968627,0.00688849286718087,1.1090037628587872,1.5146631246696869,0.17770581436869162,5.0133432903977715,14.89940678010352,4.06482068585067,97.93846132889945,296.5635531976344,77.73300732174168,7.899751180473239,8.928001080950375,0.5240218242379392,4.200506042634984,5.662796385803151,0.5705260885521822,33.33801891701508,50.557452253652414,6.151112219513247,0.1728274842103322,0.19532310962677,0.011464332418242901,0.0918969313303629,0.1238883137702941,0.012481733450613309,0.015956534662430806,0.0241982506920308,0.0029440992155976868,0.531647218990177,0.6637462870331147,0.06074504151485501,10.699222678027098,26.745359477976205,7.6942764499421346,108.91978899300615,404.5779288934584,111.50258893172638,0.2340731620788574,0.5851238965988159,0.16833219316442383,0.05213214356911064,0.1936426325185181,0.05336834590167578,0.7842545308602273,0.8690874841802649,0.03106297051935095,0.3888625984878471,1.647575295542416,0.5164608846048213,23.616725207007907,-0.8902900615228972,4.191121745915211,0.002005991405177099,0.14179126547977083,-0.1312040289278218,ADL,False,ADL_069,142
48.05694619181944,73.08140404991138,10.45334767209206,161.4135834257618,178.29990748822738,13.834463761750131,0.3719799748383456,1.233814713899554,0.31210113812133283,0.008138023813565525,0.0269928872585296,0.006828019425981465,0.8466953594234259,1.2658414423996664,0.3438399930949396,6.622842202682391,14.89940678010352,4.581876204489822,124.6871449112583,414.1771398596669,107.75705120049,7.942317080423845,8.928001080950375,0.540728189142184,4.770335200744665,6.373248816633406,0.8879693199251043,38.24918703920075,52.938416383246334,9.13896550040479,0.173758723338445,0.19532310962677,0.011829827349758907,0.1043634176254272,0.1394312977790832,0.019426624980031587,0.018307160971982907,0.0253378486015058,0.004374171727149074,0.5976247859879706,0.7672703442432011,0.08619246441714619,12.163860599034178,26.745359477976205,8.332908852345577,129.40971380406316,404.5779288934584,107.58869620845347,0.26611590385437006,0.5851238965988159,0.1823039283395026,0.06193921087842109,0.1936426325185181,0.051495044279902875,0.733016965601003,0.7928026317705237,0.058074153733844766,0.4929622677849615,2.3009841103314823,0.6800551516530225,22.335019132003893,0.928251348739785,19.097481572399804,0.009140603928315701,0.15420293794246237,-0.12408343962224377,ADL,False,ADL_069,147
53.17349486402501,84.80485823252052,14.826027441513313,151.3253943897451,167.29173183901744,15.897641373041067,1.1558922937562703,3.5913731642091955,1.1595577650772204,0.02528813282648717,0.0785705745220184,0.025368324489790595,1.072207092206939,3.527217539894897,0.9752080994428395,6.917575560104272,14.614748209633898,4.2912472160537405,207.09035494066106,549.5854164208039,164.1956754141677,8.069720901672692,8.928001080950375,0.5711657817214663,5.330418596061092,6.958065420232918,0.7308387368714675,42.97187824385606,52.938416383246334,6.1186581533371,0.1765460113684336,0.19532310962677,0.012495728392806844,0.11661669015884396,0.1522256731986999,0.015988987168249785,0.02056757680816741,0.0253378486015058,0.0029285657661397113,0.6650403494800278,1.0215316986658562,0.11795121328393308,11.36520753463414,26.745359477976205,8.889024038779656,138.33790221702344,404.5779288934584,110.94890766021896,0.24864330291748046,0.5851238965988159,0.1944703860426432,0.0662124986295239,0.1936426325185181,0.05310333812113737,0.7045916951998611,0.8179040142110041,0.08236681911951839,0.6476886358712268,3.053252313448911,0.9363858462637923,-9.059529365267501,3.1514815767373703,19.390802948251828,0.009280995974785699,0.5168589586031664,0.05033071869593053,ADL,False,ADL_069,152
53.59219588151339,84.80485823252052,17.471547391734283,151.3131164573617,175.11483005958237,16.961335145834948,2.2447063423080285,4.135148476630239,1.347689445253895,0.04910875558853144,0.0904670655727386,0.029484191463622255,1.7662865979531444,3.58091395570985,1.4187119286823722,8.007114587916691,25.134650904692997,6.142286583619167,236.83234794096936,626.8697005350684,190.22331331323852,8.061893977260814,10.330349633913558,0.8386144647747019,6.56997565790388,13.18877584919538,2.1553158195707853,53.18145953353177,104.54130263654022,19.76196435089779,0.17637477715810138,0.2260031104087829,0.018346859902076507,0.14373520612716673,0.2885385751724243,0.047153106758083305,0.025454176043206846,0.0500364740726766,0.009458644496775541,0.8217140087936087,1.7198226995305377,0.27721012026092,10.560371576832587,26.617119065352064,8.242719240123312,141.76926218408826,849.2724746933105,198.93520116748485,0.23103543519973752,0.5823183059692383,0.18033079736028784,0.06785484619642752,0.4064862316511508,0.09521610869884406,0.7022655784360368,0.839272281984436,0.09706415217630154,0.7437610133122384,3.482609447417047,1.1594990850537277,-0.39951035238354393,2.9238310052895145,60.77066622797838,0.0290865886344207,0.3920110924725472,0.0022195019576863873,ADL,False,ADL_069,157
51.138543624294726,84.80485823252052,16.225845779712134,129.13807473813037,175.11483005958237,35.23358947741663,2.8935292697202066,4.135148476630239,0.8329964455226123,0.06330343484878535,0.0904670655727386,0.01822395120389069,2.5934480664104984,3.58091395570985,1.0988849071843987,15.87168197906958,85.625363384343,20.073871332854697,190.4165566806666,626.8697005350684,199.62034124471316,8.008102205286061,10.330349633913558,0.9214106027265582,7.251493942127158,13.18877584919538,2.1427685613311427,58.687649817124594,104.54130263654022,21.052848581052963,0.17519794305165606,0.2260031104087829,0.02015823951361683,0.15864518086115517,0.2885385751724243,0.0468786030394529,0.028089597072176474,0.0500364740726766,0.010076498815441837,0.9084765844459419,1.7198226995305377,0.2596256653596785,18.554645141008887,47.98365552587506,17.21858341083283,334.55999315526844,888.0603934687813,338.22984323429205,0.4059308409690857,1.0497665405273438,0.37670103583967934,0.16013003474300758,0.4250512451261556,0.16188653053652274,0.7158969798650292,0.839272281984436,0.09014358766506739,0.5403340119868131,3.482609447417047,1.0871494106138981,-27.122683865997253,0.3375240254634482,5.593131250912997,0.0026770334763702996,0.25045866520187876,0.15068157703331808,ADL,False,ADL_069,162
53.08414286943297,72.54519724936064,13.04743826906939,116.30852729001732,175.11483005958237,36.418917824817186,2.7049858032684884,4.135148476630239,0.8234387842267445,0.0591785589853922,0.0904670655727386,0.018014852648890328,2.830267541292503,3.58091395570985,0.4828479893621132,16.176098618296194,85.625363384343,20.023562995118397,102.49992769073422,626.8697005350684,148.39784969485652,7.613168958406559,10.330349633913558,1.1300290160453206,8.407569319710246,13.18877584919538,1.8920991625937251,64.34409143204472,104.54130263654022,18.930892291045687,0.16655775705973305,0.2260031104087829,0.02472230674942478,0.1839373191197713,0.2885385751724243,0.041394561762382036,0.03079693270958064,0.0500364740726766,0.009060869507115325,1.1235469689209039,1.7198226995305377,0.28828800022907,25.005311171769403,52.580367320638246,17.74094438919095,376.72930725901085,888.0603934687813,334.66555749065407,0.5470558404922485,1.1503314971923828,0.38812903295969414,0.1803134812717957,0.4250512451261556,0.16018056086997667,0.7050880951698169,0.839272281984436,0.07248576816149661,0.41394412688784726,3.482609447417047,0.845712173298423,33.43980618551325,-2.049626165694238,24.89637135043256,0.0119161193534261,0.6511047232054065,-0.18577670103062915,ADL,False,ADL_069,206
59.69451247785086,64.6265985883098,4.775988235825644,104.63886235533936,132.69555969355648,22.96152016477157,2.1996343008470647,3.359394785337216,0.4256431663676109,0.04812268813451127,0.0734954476356506,0.009312044890283151,2.593435624702029,3.285161377162778,0.29213263171957676,14.561264301832217,85.625363384343,20.161899546960868,46.69093938661744,110.86897826838572,31.043395654392537,7.185336383349374,9.15729722727023,0.9627956455876049,8.987120083719361,10.785168547086846,1.4033476169357177,64.20738616771602,83.14906247206362,11.258232619411688,0.1571978131930033,0.2003395557403564,0.021063644339441117,0.19661649068196613,0.2359534502029419,0.030701857889786816,0.03073150163839949,0.0397975326844317,0.005388513920893679,1.2790271212836075,1.7203746936799986,0.2836510121713436,23.026360267258163,52.580367320638246,19.268600595758926,370.2778125339848,888.0603934687813,308.27983500543826,0.5037611722946167,1.1503314971923828,0.42155046268422197,0.17722561034999273,0.4250512451261556,0.14755159522937758,0.6683638195674952,0.7217212306085534,0.02653326797680913,0.1858302366293638,0.6159387681576955,0.20575196533329948,11.800567087197948,-0.749953038912506,-7.536440374308327,-0.0036071571128247007,0.8242123901486186,-0.0655587060399887,ADL,False,ADL_069,214
62.40478873164422,64.6265985883098,1.2980448339323032,121.99337967265636,147.0520416885749,20.239197510549445,1.9128902457548946,2.1483674691684587,0.16812992276522223,0.041849420468012447,0.0470010936260223,0.003678276810010889,2.4319463354629582,2.519454138420247,0.0672690579047393,5.452187322342637,18.165879712176103,4.231192710847767,34.76604318584862,110.86897826838572,26.13256726593727,6.623606868268605,7.343552231845553,0.4708964992146618,9.955434096991883,11.153752798259278,1.0941241398968782,66.00831499855809,78.9633425479194,9.119850857123662,0.14490852753321326,0.1606591939926147,0.010302078562156352,0.21780086358388262,0.2440171837806701,0.023936794741026668,0.031593477971949294,0.0377941267465118,0.004365022909133403,1.5087522910595936,1.7203746936799986,0.17451673373210597,13.836821760128258,52.580367320638246,14.855471375830275,186.31558447358987,651.1417436653884,186.7647359359055,0.3027162551879883,1.1503314971923828,0.3250018495506013,0.0891759972061976,0.3116551654978394,0.08939097401375665,0.6533067292686432,0.6684059679550902,0.007211360188512777,0.11885510962611966,0.6159387681576955,0.16548945359012293,2.006146738216678,0.021184052015280397,12.222113760032315,0.005849855156228,0.7342532140131548,-0.011145259656759277,ADL,False,ADL_069,219
62.8059405648507,66.61023526256191,1.6686636470878757,128.22458803416018,157.66201896525735,14.194808350151389,2.1064032211785038,2.8360120688051027,0.40097681397981616,0.0460830171902974,0.0620450973510742,0.00877240464966829,2.4638455137474122,2.581276261281122,0.07747088250927373,2.7941479901906345,9.881581750195089,2.4768630330482186,27.646249891207447,117.21184518012124,28.675541764179233,6.352651341223989,7.343552231845553,0.5282235698733769,10.108268770352002,11.153752798259278,0.7648417712261019,64.4660860386558,78.9633425479194,9.143204336365253,0.1389806747436523,0.1606591939926147,0.011556256468871156,0.22114451726277667,0.2440171837806701,0.016732891469635247,0.030855322836896387,0.0377941267465118,0.004376200555949627,1.5960653064087438,1.9103668273093803,0.11655088786824512,8.361509206802957,28.761815322368165,7.769890038910303,170.49550702685613,572.3847723772848,146.62151911994886,0.18292963504791257,0.6292390823364258,0.1699864359443463,0.08160405315128821,0.2739598139715582,0.07017727591790589,0.6510781079730517,0.6601987122990169,0.009270353594932631,0.09632998223139676,0.6511769176673377,0.16483506099586162,3.668204698115744,0.8866351961407997,-20.551386353216976,-0.009836484571035701,0.4179457958849311,-0.020378914989531927,ADL,False,ADL_069,224
65.0098469464653,70.15784862352245,3.344095367696782,117.60695591090948,157.66201896525735,33.966095911343736,2.43041182781328,3.0825404354319024,0.49247697472597357,0.05317154328028357,0.0674385428428649,0.010774207266653003,2.402445864082152,2.581276261281122,0.12435173314865605,3.241708937372191,12.797436893832652,3.419691069678067,26.41978175217704,117.21184518012124,28.40891487801306,6.18945063595496,6.773480415013027,0.4244452297605724,9.490234803078017,11.153752798259278,1.2096951730559964,58.911180107943345,74.70147627116111,9.755057947187124,0.13541023731231686,0.1481873989105224,0.00928583692938564,0.20762342611948645,0.2440171837806701,0.026465209934387574,0.0281965850981426,0.0357542749742449,0.00466905129113322,1.536517203905596,1.9103668273093803,0.19385240328654899,8.037657892424162,20.51217251332065,6.005608803770878,185.71862379583396,445.3709898338305,132.9712419030517,0.17584455013275146,0.4487568140029907,0.1313882218559909,0.08889027465710338,0.2131673647019738,0.06364386065692756,0.6388341836307483,0.6601987122990169,0.01857830759831545,0.11143345069992126,0.6511769176673377,0.17527822967213322,7.574644041378669,1.1286300584844757,-5.541737074211888,-0.002652434745293402,-0.2501883525151225,-0.042081355785437036,ADL,False,ADL_069,229
29.447523495288042,89.51329082218726,29.187360282661967,123.24679933508634,171.88662153334718,53.2941802586724,1.3799112910082931,2.5255625515204687,0.7555449362399564,0.0740730504194895,0.1355711221694946,0.04055733040302806,0.993882969573752,1.6793850164744284,0.5482255960688863,2.9740802105428035,16.69918207011791,4.267319178192694,184.77025398944687,1236.6795338261882,312.78621685853176,3.256715367453256,4.608558214737646,1.1872492394014555,2.4198009984536792,6.690831021553898,2.057122289742509,9.06227325032391,28.369063944428007,9.143223303136681,0.1748190939426422,0.2473854422569275,0.06373103354087717,0.12989388704299923,0.3591609597206116,0.1104254484183628,0.026112910259582442,0.0817453634939475,0.026346167567789645,0.7237576150523597,1.7909985230878334,0.46244813246952116,6.441717689827436,26.87236991679798,7.1069311493374645,24.796928119050367,139.2356670565803,39.0767966774136,0.3457886621668622,1.4424973726272583,0.3814970373697384,0.0714522659822617,0.4012071119850233,0.11259965978544956,0.7570125030507229,0.9972502662568238,0.18925826300812545,0.4270545410680375,4.048489337602722,1.0034036524515324,-53.43564313076468,-0.340580844198747,-22.600568188965283,-0.06512346214156929,-0.9317131126207767,0.2968646840598038,FALL,False,FALL_002,6
42.323999097891914,89.53052671441078,35.116883330651035,113.80520748573409,170.74337629388285,43.27967468050154,0.5182373636668055,0.9744042968955482,0.41351744460503714,0.060699357589085845,0.1141286194324493,0.04843387412634352,0.3406284752931691,0.6713914124466487,0.29671402843718747,1.2544241238384055,7.648608133574267,1.9945556980313799,133.61803538025524,610.4446909694665,179.28971219624756,1.3770439253121936,1.8697635797393692,0.4301904186271955,1.7793305021482142,4.5482169695574655,1.8253173526480304,2.6755802980346686,7.437678848140154,2.7756359326199522,0.16128841241200761,0.2189989686012268,0.050386722151587814,0.20840685367584227,0.5327169895172119,0.21379313509548706,0.03670529645687912,0.1020347650461381,0.03807792269886921,1.2219007697055422,3.267846805693921,1.1966771575298984,3.4524439795977293,10.62626904851246,3.536785115050024,8.458958404803077,33.22411888831196,8.625840891570277,0.4043728730617425,1.24461829662323,0.4142514597851419,0.11604532152997761,0.4557893979896121,0.1183347206389301,0.5012715565725947,0.5918093505981945,0.126667329848555,0.3711930108139454,2.877609682701023,0.74239923479983,-7.697419679944497,0.7857795393444819,0.320648304355736,0.0043988554850766005,-0.0977054656321798,0.0884324530030865,FALL,False,FALL_004,9
23.297347361319712,87.92538838156294,23.304221817112154,119.78041860397165,162.08694615303145,41.65545713005333,0.7824933420850912,0.9744042968955482,0.34439585358163605,0.0916507502396901,0.1141286194324493,0.040337900225562585,0.5209092786560205,0.6713914124466487,0.2361190304673745,0.7811546365793337,7.648608133574267,1.8719380498931537,119.25280367258166,610.4446909694665,181.76197856520292,1.5036146217508737,1.9816603037507703,0.4965789174571524,0.8242227565097374,4.5482169695574655,1.0117793856484767,1.2919565326592248,6.330208218529755,1.4037490454088346,0.17611320217450457,0.2321050465106964,0.058162578376560886,0.09653837283452348,0.5327169895172119,0.11850623485771695,0.01772387379870143,0.0868417851131511,0.019257513930955393,0.5671921691909642,3.267846805693921,0.7242186669630044,3.5441360690664485,10.62626904851246,3.415297595568072,5.406610317424067,33.22411888831196,7.842213228540821,0.41511245171229044,1.24461829662323,0.40002204503304933,0.07417128713111056,0.4557893979896121,0.10758442258043582,0.5278070408222287,0.6037781513179917,0.13453939340851967,0.3857706772197427,2.877609682701023,0.7365152870233257,-70.93295210752733,0.7959314049792543,-4.981768282672771,-0.0683430363982343,-2.8994955493827885,0.08612635510833133,FALL,False,FALL_004,26
14.550194152632484,18.34852054518598,2.9375147407375515,148.26736112402625,165.1007908309,18.428903398821596,0.9381166739579138,0.9744042968955482,0.031912968498449885,0.10987837513287861,0.1141286194324493,0.0037378560914841418,0.6222020128648609,0.6713914124466487,0.025268963535765025,0.19083461651738035,0.9644984800368755,0.21905214438417242,32.56479076375361,68.81640721447211,20.270548166589524,1.796711095927748,2.0593682068217283,0.18280923533263413,0.6388555286943383,0.7073238210171053,0.07135956095342001,1.1479706750150098,1.3654238132892484,0.17550201509033986,0.21044258276621497,0.2412067055702209,0.021411816136779394,0.07482694784800209,0.0828464031219482,0.008358099611082258,0.015748585075611707,0.0187317442473613,0.0024076472297999895,0.3595769805958479,0.4628821853511028,0.055428826074670895,3.496021311474559,10.62626904851246,3.0436367170674665,3.325124941194051,10.154172369519364,2.6742314265754903,0.4094769358634949,1.24461829662323,0.35649068633988,0.04561615916081503,0.1393013348809724,0.0366867917882554,0.5826677301428818,0.6037781513179917,0.014819646576657897,0.2621671610436327,1.1362939084197066,0.41603015731427817,6.129430891924319,-0.07481256799004965,0.02768513689557861,0.0003798021528069011,-0.22404026426241921,-0.030109279890565555,FALL,False,FALL_004,62
15.461830789848818,18.34852054518598,1.6749095514147505,160.5959938137039,170.49125436511247,7.7060676913027,0.9116473047088568,0.956863080168004,0.028095497423779252,0.10677810907363888,0.112074077129364,0.0032907288519352686,0.6124715089397277,0.6277718243527842,0.012340559749729307,0.1930895123330942,0.9644984800368755,0.21923619735343547,27.764478445503634,68.81640721447211,22.483905202623394,1.9462284318408283,2.1200346240816463,0.13586018845258319,0.601630019729089,0.7073238210171053,0.10638198205978175,1.159883406964488,1.3654238132892484,0.16031339103723471,0.22795503338177997,0.2483123540878296,0.015912835968936456,0.07046685218811034,0.0828464031219482,0.012460155177529948,0.015912011438908708,0.0187317442473613,0.0021992801144303776,0.3136947238826983,0.4366482989843204,0.07298553073664031,2.6258590008652996,8.802536182205438,2.354676695880114,2.711677795071212,10.154172369519364,2.616109845612025,0.3075578212738037,1.0310107469558716,0.2757951718467904,0.03720050466687037,0.1393013348809724,0.03588944331720652,0.5792997781057415,0.6037781513179917,0.01612004343218504,0.20781188929755087,1.1362939084197066,0.39091620011706624,-2.159019081913959,-0.0731510390263157,-0.2488056945591246,-0.003413273294642199,-0.14579854142983262,-0.02344212481282404,FALL,False,FALL_004,67
14.855116276652534,18.34852054518598,1.5334178820622524,164.5845080549171,170.49125436511247,7.189432834886119,0.8986947577105592,0.9321772888964032,0.0133074606112574,0.10526102185249325,0.1091827154159545,0.0015586570303038226,0.6176905927823814,0.6361549122553363,0.014863849669677747,0.25055246103965645,0.9644984800368755,0.2282950833958,23.018564718142347,66.12828445198897,18.90614531584789,2.0268368606804215,2.1392936022233053,0.14231580865102292,0.585897045227222,0.7073238210171053,0.10236573735316357,1.181789668787992,1.4661559676347775,0.19562515927345073,0.23739642103513078,0.2505680918693542,0.016668960529527484,0.06862410306930539,0.0828464031219482,0.011989746267050398,0.016212535342109955,0.020113651413709,0.002683709201637727,0.2923543162435704,0.4366482989843204,0.06557831817964585,2.070926138161492,8.802536182205438,2.5951393578450968,3.24117142251895,10.154172369519364,2.997631371177034,0.24256044626235962,1.0310107469558716,0.30395973528575587,0.04446443189109669,0.1393013348809724,0.041123396008079176,0.5857904597857022,0.6280447662085695,0.025235919039123506,0.19323422289175365,1.1362939084197066,0.3953844757165717,-3.8089149582335278,0.026652400362060402,0.32037261742873535,0.0043950734380971,-0.1162887641170181,0.0667903837021454,FALL,False,FALL_004,72
14.331886293080272,15.70876825921828,0.8867806547831628,167.86737755916067,170.49125436511247,1.6339597200910523,0.9136181375942318,0.9412480157001024,0.02223274920464446,0.10700894594192502,0.1102451384067535,0.00260404534442027,0.6275597610108737,0.6405349366935781,0.0070267775524585395,0.1814033404730055,0.4932145678426523,0.13699123272269553,14.079524091470937,36.06471359041361,10.241360734156052,2.1080984680220825,2.1392936022233053,0.029457538467110585,0.5994181760880557,0.6911426153632454,0.10193017060506396,1.2655161224778506,1.4661559676347775,0.22488833161584534,0.24691431323687235,0.2505680918693542,0.0034502600284510025,0.07020778656005855,0.0809511542320251,0.011938729833943857,0.017361147591283266,0.020113651413709,0.003085159839050969,0.28396290108129363,0.3270988991308298,0.04619448060026455,0.6613134632228953,2.8508554671025754,0.7043303312608125,1.803667679017006,8.027559763019026,2.4573327235183955,0.07745736837387081,0.3339108824729919,0.08249578597641694,0.02474384974229332,0.1101271231303968,0.0337112387081736,0.6006222096017173,0.6280447662085695,0.02806834646923506,0.06270683372740812,0.6489209469464052,0.16058620987704705,1.2035254674628728,0.04758562974129532,0.35278231223562795,0.004839690053355399,0.0779926063183495,0.043559511516645166,FALL,False,FALL_004,77
80.35089609369587,85.39426826063442,3.989659454574479,159.2298308723266,178.69185789881948,32.93235624010005,0.13989624704491488,0.2888396904172006,0.08172318530077623,0.013450381159782367,0.0277706086635589,0.007857308649130926,0.04884948319779609,0.1144756810951191,0.03124419167958748,0.45732140830282975,1.2763257081778576,0.4298470499264405,31.824420893191935,120.18988710509048,29.850015092435665,1.4225462493928636,2.16413950247566,0.29064077660024407,2.9570580420709223,3.736138219889819,0.388302321806291,4.299026129165555,8.085524308372648,1.492453835067188,0.1367712835470835,0.2080720663070678,0.02794377482187466,0.2843075394630432,0.3592125177383423,0.03733348351972784,0.03973993387224197,0.0747420908091811,0.013796151716913672,2.1070441912066875,2.349506139919268,0.21565092375628786,1.2191560683761777,3.665535421338475,0.9681525827424163,10.86322972451634,40.58476823461329,10.139673655620495,0.11721625246784902,0.3524243831634521,0.09308342099078919,0.10041902931514568,0.3751631084356432,0.09373052139105888,0.5189778768555386,0.5667145354045962,0.03970401904976075,0.5055788330973151,4.453466380513625,1.1579286736514263,-0.5877050617819748,0.0647294610605633,-3.7321643323019345,-0.0344998981885247,0.5665554742838677,0.0032650281210110377,FALL,False,FALL_008,28
83.02463353492861,88.99564387650263,4.079450462267863,171.14650805047413,178.69185789881948,7.764597521275756,0.1393549440440622,0.2046468171556746,0.05164376233660771,0.013398337364196735,0.019675850868225,0.00496531038269791,0.06360354172629616,0.1068930064926116,0.02987116518303146,0.21600726781206303,0.6964591693671542,0.20503920667481149,29.09612324395695,67.69035497686232,15.953056829559298,1.3754133463044351,1.477706666994768,0.06883896795919515,3.033324348161321,3.3025316713169564,0.1943553896341907,4.183748190197116,4.85758227197013,0.45947903111485733,0.1322396715482076,0.142074704170227,0.006618550370403815,0.2916401942571004,0.3175232410430908,0.018686377413674224,0.0386743116745878,0.0449031925992358,0.004247395983082926,2.204754397801573,2.349506139919268,0.07383945620836851,1.1580158362397865,3.665535421338475,0.9251663618253335,6.83728284460309,19.071308394564483,5.378145708945351,0.11133790016174314,0.3524243831634521,0.0889504934236348,0.0632034232746292,0.176294005127211,0.04971524908369308,0.5246554950154317,0.5667145354045962,0.02201408005699813,0.2552264152591866,1.9078109139353008,0.46460892442918356,13.94372753720269,-0.002022563179616188,1.44492498324604,0.013356797925695302,0.11587808583243264,-0.008091228526609817,FALL,False,FALL_008,76
66.39654947413727,87.49992453254796,13.011253308390136,68.3949213684317,178.36622632748643,65.9391036259014,0.6625260234394909,1.0059048427318704,0.27793413886165264,0.06429902414480841,0.0976243913173675,0.026973874645037418,0.4604658189986336,0.7629395284396461,0.28435646398307235,1.7764771928877925,4.92547391254755,1.6937922722403649,178.1134191435928,801.0425363368948,224.28346853051048,1.9303188268551996,2.3660456252983013,0.2647882975218344,1.7261152693272106,4.140366118001298,1.160135931902189,3.4764273802812493,9.716209965823328,2.586653433023337,0.18733998735745747,0.2296278476715088,0.025698053409632018,0.16752176284790035,0.4018279910087585,0.11259272188189236,0.032744324984005806,0.0915165777770443,0.024363581161605717,0.8712898330886852,1.9167204733310583,0.5470802860174607,4.597167520806334,12.5976528358367,4.134124418570207,22.296170826109005,69.14716658351773,18.99040042593876,0.4461611694639379,1.222618818283081,0.4012222258490132,0.21000670618638353,0.6512942876864347,0.17886979220403998,0.5442051268985818,0.7032808522878145,0.14628772659437,1.2690928315824967,11.244618929993068,2.7997712769598055,-29.3112777588247,0.5390942707333497,-3.7973818122099434,-0.035767381436656295,-1.3627252152741973,0.023974244966320946,FALL,False,FALL_010,38
8.422508343215489,11.716970871275324,2.2517987113655606,172.55971658431147,178.75464024321874,7.840362132037174,1.5306773513581255,2.074987788584422,0.24649179568095064,0.12160833279291786,0.1648523807525634,0.019583131803248152,1.0670470250811763,1.5588950042841212,0.2195665676725132,2.319796470861585,11.571722370701872,2.8256063116249046,26.308378995091378,74.88692314152195,23.255134171035735,3.656373035835904,3.888873174678214,0.13691112440000872,0.8290568148192105,1.0380835832178847,0.09945060787679798,3.038335991396983,3.972696913341576,0.4342960004347569,0.2904893239339193,0.3089608550071716,0.010877232595305729,0.06586640675862628,0.0824730396270752,0.007901092028577394,0.019177639686955874,0.0250752221628118,0.002741228171409167,0.2265342829206641,0.2712550201924252,0.02400845568597498,1.2348416209369935,5.795190424270467,1.5547362990768205,4.4337655375283065,15.234424719677016,4.100745673623651,0.09810495376586913,0.4604128003120422,0.12351975358857195,0.02798543616503218,0.0961579986345384,0.025883451731234942,0.9077757210305616,0.9765959258424228,0.04938715501248332,0.2953994225441738,1.2455811292433494,0.31448860788468125,3.187522180464639,-0.7125809230486564,-1.5207856346663577,-0.0095990302011728,-0.0753299731382048,-0.13957433295319088,FALL,False,FALL_014,3
8.845913957429335,11.716970871275324,1.5733957475493179,175.05600261441128,178.75464024321874,2.864193691242845,1.3888434853509424,1.4519904414943814,0.02824214608687576,0.11034000118573503,0.1153568625450134,0.0022437650214603934,0.9492483220057885,0.996126203331701,0.02854047469599145,1.026443603978916,3.0532832167580333,1.0772622882761644,18.314384481597553,73.92561658751488,16.93189915882401,3.5369622787875588,3.644473373399132,0.05647358287297441,0.7502388629719834,0.91512669005162,0.09020347615684132,2.6565524275510453,3.3351548551800096,0.34715730124883604,0.28100244998931884,0.2895439267158508,0.004486679216839277,0.05960452556610101,0.0727044343948364,0.007166431474161619,0.016767864189258894,0.0210511274243359,0.0021912183698239076,0.2119294447211673,0.2523343504889278,0.023567300253043374,1.0207185197654096,2.9144925007210976,0.9338317260147238,3.5046140556133945,10.739705583805913,2.8220394874201937,0.08109343051910396,0.2315488457679748,0.07419050083221226,0.02212073509667783,0.0677878301193146,0.017812400151051955,0.85959340705938,0.9422078555726788,0.04417379965220705,0.3725844958989819,1.2455811292433494,0.39067275371035964,-2.110086177601124,0.04483661484102419,-1.1785742210852193,-0.007439029725581799,-0.06914577342796799,-0.15568911152497733,FALL,False,FALL_014,8
